Entry Point: 0x7FF6E5FA0000
GObjects: 0x7FF6E83A1690
GNames: 0x7FF6E83A1648

Processing Package: Core

ScriptStruct: Rotator                                          - Instance: 0x21CB2FC1780
ScriptStruct: Vector                                           - Instance: 0x21CB2FC1480
ScriptStruct: Plane                                            - Instance: 0x21CB2FC1600
ScriptStruct: Guid                                             - Instance: 0x21CB2FC1000
ScriptStruct: Array_Mirror                                     - Instance: 0x21CB2DEDD80
ScriptStruct: InlinePointerArray_Mirror                        - Instance: 0x21CB2E69D80
ScriptStruct: LinearColor                                      - Instance: 0x21CB2E68D00
ScriptStruct: Color                                            - Instance: 0x21CB2E68B80
ScriptStruct: Vector2D                                         - Instance: 0x21CB2E63400
ScriptStruct: Vector4                                          - Instance: 0x21CB2E63280
ScriptStruct: InterpCurvePointVector2D                         - Instance: 0x21CB2E4AB00
ScriptStruct: InterpCurveVector2D                              - Instance: 0x21CB2E4AC80
ScriptStruct: InterpCurvePointFloat                            - Instance: 0x21CB2E49F00
ScriptStruct: InterpCurveFloat                                 - Instance: 0x21CB2E4A980
ScriptStruct: Cylinder                                         - Instance: 0x21CB2E4A800
ScriptStruct: InterpCurvePointVector                           - Instance: 0x21CB2E4A380
ScriptStruct: InterpCurveVector                                - Instance: 0x21CB2E4A500
ScriptStruct: Quat                                             - Instance: 0x21CB2E48280
ScriptStruct: Matrix                                           - Instance: 0x21CB2E36F80
ScriptStruct: BoxSphereBounds                                  - Instance: 0x21CB2E36E00
ScriptStruct: TwoVectors                                       - Instance: 0x21CB2E36C80
ScriptStruct: TAlphaBlend                                      - Instance: 0x21CB2E36B00
ScriptStruct: BoneAtom                                         - Instance: 0x21CB2DEF700
ScriptStruct: OctreeElementId                                  - Instance: 0x21CB2DEF580
ScriptStruct: RenderCommandFence                               - Instance: 0x21CB2DEF400
ScriptStruct: RawDistribution                                  - Instance: 0x21CB2DEF100
ScriptStruct: InterpCurvePointLinearColor                      - Instance: 0x21CB2DEEE00
ScriptStruct: InterpCurveLinearColor                           - Instance: 0x21CB2DEEF80
ScriptStruct: InterpCurvePointQuat                             - Instance: 0x21CB2DEEB00
ScriptStruct: InterpCurveQuat                                  - Instance: 0x21CB2DEEC80
ScriptStruct: InterpCurvePointTwoVectors                       - Instance: 0x21CB2DEE800
ScriptStruct: InterpCurveTwoVectors                            - Instance: 0x21CB2DEE980
ScriptStruct: Box                                              - Instance: 0x21CB2DEE680
ScriptStruct: TPOV                                             - Instance: 0x21CB2DEE500
ScriptStruct: SHVector                                         - Instance: 0x21CB2DEE200
ScriptStruct: SHVectorRGB                                      - Instance: 0x21CB2DEE380
ScriptStruct: IntPoint                                         - Instance: 0x21CB2DEE080
ScriptStruct: PackedNormal                                     - Instance: 0x21CB2DEDF00
ScriptStruct: IndirectArray_Mirror                             - Instance: 0x21CB2DEDC00
ScriptStruct: FColorVertexBuffer_Mirror                        - Instance: 0x21CB2DEDA80
ScriptStruct: RenderCommandFence_Mirror                        - Instance: 0x21CB2DED900
ScriptStruct: UntypedBulkData_Mirror                           - Instance: 0x21CB2DED780
ScriptStruct: BitArray_Mirror                                  - Instance: 0x21CB2DED000
ScriptStruct: SparseArray_Mirror                               - Instance: 0x21CB2DED180
ScriptStruct: Set_Mirror                                       - Instance: 0x21CB2DED300
ScriptStruct: MultiMap_Mirror                                  - Instance: 0x21CB2DED600
ScriptStruct: Map_Mirror                                       - Instance: 0x21CB2DED480
ScriptStruct: ThreadSafeCounter                                - Instance: 0x21CB2DECE80
ScriptStruct: Double                                           - Instance: 0x21CB2DECD00
ScriptStruct: IpAddr                                           - Instance: 0x21CB2DECB80
ScriptStruct: HatPointer                                       - Instance: 0x21CB2DECA00
ScriptStruct: SceNpOnlineId                                    - Instance: 0x21CB2DEC400
ScriptStruct: SceNpId                                          - Instance: 0x21CB2DEC280
ScriptStruct: UniqueNetId                                      - Instance: 0x21CB2DEC100
ScriptStruct: ProductHashID                                    - Instance: 0x21CB2DE3E80
ScriptStruct: EncryptedKeyIndex                                - Instance: 0x21CB2DE3D00
ScriptStruct: VoiceAudioDevice                                 - Instance: 0x21CB2DE3B80
ScriptStruct: VoiceRoomMemberStatus                            - Instance: 0x21CB2DE3A00
ScriptStruct: ProductInstanceID                                - Instance: 0x21CB2DE3880
ScriptStruct: ScriptWarning                                    - Instance: 0x21CB2DE1300
ScriptStruct: BreadcrumbEntry                                  - Instance: 0x21CB2DE0400
ScriptStruct: AsyncDelegateInfo                                - Instance: 0x21CB2DD2980
ScriptStruct: RawDistributionFloat                             - Instance: 0x21CB2DD2380
ScriptStruct: MatineeRawDistributionFloat                      - Instance: 0x21CB2DD2200
ScriptStruct: RawDistributionVector                            - Instance: 0x21CB2DD1F00
ScriptStruct: ObjectProviderSubscription                       - Instance: 0x21CB2DC3B80
ScriptStruct: ObjectProviderPendingCallback                    - Instance: 0x21CB2DC3A00
ScriptStruct: ObjectPropertyInjection                          - Instance: 0x21CB2DC3400
ScriptStruct: InterfacePropertyInjection                       - Instance: 0x21CB2DC3280
ScriptStruct: RotatorDegrees                                   - Instance: 0x21CB2DAFD00
ScriptStruct: RotatorRadians                                   - Instance: 0x21CB2DAFB80
ScriptStruct: Default__ScriptStruct                            - Instance: 0x21CB2A25600
Const: ZeroRotator                                             - Instance: 0x21CB2F92080
Const: ZeroVector                                              - Instance: 0x21CB2F92000
Const: UpVector                                                - Instance: 0x21CB2F91F80
Const: RightVector                                             - Instance: 0x21CB2F91F00
Const: ForwardVector                                           - Instance: 0x21CB2F91E80
Const: InvAspectRatio16x9                                      - Instance: 0x21CB2F91D80
Const: InvAspectRatio5x4                                       - Instance: 0x21CB2F91D00
Const: InvAspectRatio4x3                                       - Instance: 0x21CB2F91C80
Const: AspectRatio16x9                                         - Instance: 0x21CB2F91C00
Const: AspectRatio5x4                                          - Instance: 0x21CB2F91B80
Const: AspectRatio4x3                                          - Instance: 0x21CB2F91B00
Const: INDEX_NONE                                              - Instance: 0x21CB2F91A80
Const: UnrRotToDeg                                             - Instance: 0x21CB2F91A00
Const: DegToUnrRot                                             - Instance: 0x21CB2F91980
Const: RadToUnrRot                                             - Instance: 0x21CB2F91900
Const: UnrRotToRad                                             - Instance: 0x21CB2F91880
Const: DegToRad                                                - Instance: 0x21CB2F91800
Const: RadToDeg                                                - Instance: 0x21CB2F91780
Const: Pi                                                      - Instance: 0x21CB2F91700
Const: MaxQWORD                                                - Instance: 0x21CB2F91680
Const: MinInt                                                  - Instance: 0x21CB2F91600
Const: MaxInt                                                  - Instance: 0x21CB2F91580
Enum: EAspectRatioAxisConstraint                               - Instance: 0x21CB2F92400
Enum: EDebugBreakType                                          - Instance: 0x21CB2F92300
Enum: EAutomatedRunResult                                      - Instance: 0x21CB2F92280
Enum: EInterpCurveMode                                         - Instance: 0x21CB2F92200
Enum: EInterpMethodType                                        - Instance: 0x21CB2F92180
Enum: EAxis                                                    - Instance: 0x21CB2F92100
Enum: ETickingGroup                                            - Instance: 0x21CB2F91E00
Enum: EInputEvent                                              - Instance: 0x21CB2F91480
Enum: EAlphaBlendType                                          - Instance: 0x21CB2F91400
Enum: EOnlinePlatform                                          - Instance: 0x21CB2F91380
Enum: EImageType                                               - Instance: 0x21CB2F91300
Enum: EInputAPI                                                - Instance: 0x21CB2F91280
Enum: EFlushResult                                             - Instance: 0x21CB2F91200
Enum: EVoiceResultCode                                         - Instance: 0x21CB2F91180
Enum: EClientIntegrityViolation                                - Instance: 0x21CB2F91100
Enum: EClientAuthStatus                                        - Instance: 0x21CB2F91080
Enum: EClientActionCode                                        - Instance: 0x21CB2F91000
Enum: EClientActionReason                                      - Instance: 0x21CB2F90F80
Enum: EContentKeyIndex_PrimeUpdate29                           - Instance: 0x21CB2F90F00
Enum: EContentKeyIndex_PrimeUpdate30                           - Instance: 0x21CB2F90E80
Enum: EContentKeyIndex_PrimeUpdate31                           - Instance: 0x21CB2F90E00
Enum: EContentKeyIndex_PrimeUpdate32                           - Instance: 0x21CB2F90D80
Enum: EContentKeyIndex_PrimeUpdate33                           - Instance: 0x21CB2F90D00
Enum: EContentKeyIndex_PrimeUpdate34                           - Instance: 0x21CB2F90C80
Enum: EContentKeyIndex_PrimeUpdate35                           - Instance: 0x21CB2F90C00
Enum: EContentKeyIndex_PrimeUpdate35B                          - Instance: 0x21CB2F90B80
Enum: EContentKeyIndex_PrimeUpdate35C                          - Instance: 0x21CB2F90B00
Enum: EContentKeyIndex_PrimeUpdate36_0                         - Instance: 0x21CB2F90A80
Enum: EContentKeyIndex_PrimeUpdate36_1                         - Instance: 0x21CB2F90A00
Enum: EContentKeyIndex_PrimeUpdate36_2                         - Instance: 0x21CB2F90980
Enum: EContentKeyIndex_PrimeUpdate37_0                         - Instance: 0x21CB2F90900
Enum: EContentKeyIndex_PrimeUpdate37_1                         - Instance: 0x21CB2F90880
Enum: EContentKeyIndex_PrimeUpdate37_2                         - Instance: 0x21CB2F90800
Enum: EContentKeyIndex_PrimeUpdate38_0                         - Instance: 0x21CB2F90780
Enum: EContentKeyIndex_PrimeUpdate38_1                         - Instance: 0x21CB2F90700
Enum: EContentKeyIndex_PrimeUpdate39_0                         - Instance: 0x21CB2F90600
Enum: EContentKeyIndex_PrimeUpdate39_1                         - Instance: 0x21CB2F90580
Enum: EContentKeyIndex_PrimeUpdate40_0                         - Instance: 0x21CB2F90500
Enum: EContentKeyIndex_PrimeUpdate40_1                         - Instance: 0x21CB2F90480
Enum: EContentKeyIndex_PrimeUpdate41                           - Instance: 0x21CB2F90400
Enum: EContentKeyIndex_PrimeUpdate42                           - Instance: 0x21CB2F90380
Enum: EContentKeyIndex_PrimeUpdate43                           - Instance: 0x21CB2F90300
Enum: EContentKeyIndex_PrimeUpdate44                           - Instance: 0x21CB2F90280
Enum: EContentKeyIndex_PrimeUpdate45                           - Instance: 0x21CB2F90200
Enum: EContentKeyIndex_PrimeUpdate46                           - Instance: 0x21CB2F90180
Enum: EContentKeyIndex_PrimeUpdate47                           - Instance: 0x21CB2F90100
Enum: EContentKeyIndex_PrimeUpdate48                           - Instance: 0x21CB2F90080
Enum: EContentKeyIndex_PrimeUpdate49                           - Instance: 0x21CB2DDBF00
Enum: EContentKeyIndex_PrimeUpdate50                           - Instance: 0x21CB2DDBE80
Enum: EContentKeyIndex_PrimeUpdate51                           - Instance: 0x21CB2DDBE00
Enum: EContentKeyIndex_PrimeUpdate52_0                         - Instance: 0x21CB2DDBD80
Enum: EContentKeyIndex_PrimeUpdate52_1                         - Instance: 0x21CB2DDBD00
Enum: EContentKeyIndex_PrimeUpdate53_0                         - Instance: 0x21CB2DDBC80
Enum: EContentKeyIndex_PrimeUpdate53_1                         - Instance: 0x21CB2DDBC00
Enum: EContentKeyIndex_PrimeUpdate54_0                         - Instance: 0x21CB2DDBB80
Enum: EContentKeyIndex_PrimeUpdate54_1                         - Instance: 0x21CB2DDBB00
Enum: EContentKeyIndex_PrimeUpdate55_0                         - Instance: 0x21CB2DDBA80
Enum: EContentKeyIndex_PrimeUpdate55_1                         - Instance: 0x21CB2DDBA00
Enum: EContentKeyIndex_PrimeUpdate56_0                         - Instance: 0x21CB2DDB980
Enum: EContentKeyIndex_PrimeUpdate56_1                         - Instance: 0x21CB2DDB900
Enum: EContentKeyIndex_PrimeUpdate57_0                         - Instance: 0x21CB2DDB880
Enum: EContentKeyIndex_PrimeUpdate57_1                         - Instance: 0x21CB2DDB800
Enum: EContentKeyIndex_ContinuousIntegration                   - Instance: 0x21CB2DDB780
Enum: EContentKeyIndex_PrimeUpdate58                           - Instance: 0x21CB2DDB700
Enum: EDistributionVectorLockFlags                             - Instance: 0x21CB2DDB400
Enum: EDistributionVectorMirrorFlags                           - Instance: 0x21CB2DDB380
Class: Object                                                  - Instance: 0x21CB0F47800
Class: Config_ORS                                              - Instance: 0x21CB2998800
Class: ClassTupleCollection_ORS                                - Instance: 0x21CB2998C00
Class: ClassTuple_ORS                                          - Instance: 0x21CB2999000
Class: SubscriptionCollection_ORS                              - Instance: 0x21CB2999400
Class: Group_ORS                                               - Instance: 0x21CB2999C00
Class: Instance_ORS                                            - Instance: 0x21CB299A000
Class: Global_ORS                                              - Instance: 0x21CB299A400
Class: UTF8                                                    - Instance: 0x21CB299A800
Class: TextBuffer                                              - Instance: 0x21CB299AC00
Class: Subsystem                                               - Instance: 0x21CB299B400
Class: System                                                  - Instance: 0x21CB299B000
Class: Subscription                                            - Instance: 0x21CB299B800
Class: PropertyChangeDispatcher                                - Instance: 0x21CB299BC00
Class: PackageMap                                              - Instance: 0x21CB2994400
Class: ObjectUtil                                              - Instance: 0x21CB2994800
Class: ObjectSerializer                                        - Instance: 0x21CB2994C00
Class: ObjectRedirector                                        - Instance: 0x21CB2995000
Class: MetaData                                                - Instance: 0x21CB2995400
Class: Linker                                                  - Instance: 0x21CB2996000
Class: LinkerSave                                              - Instance: 0x21CB2995800
Class: LinkerLoad                                              - Instance: 0x21CB2995C00
Class: Interface                                               - Instance: 0x21CB2996400
Class: FileSystem                                              - Instance: 0x21CB2996800
Class: Field                                                   - Instance: 0x21CB0F46400
Class: Struct                                                  - Instance: 0x21CB0F46800
Class: ScriptStruct                                            - Instance: 0x21CB2996C00
Class: Function                                                - Instance: 0x21CB2997000
Class: Property                                                - Instance: 0x21CB2993400
Class: StructProperty                                          - Instance: 0x21CB2997400
Class: StrProperty                                             - Instance: 0x21CB2997800
Class: QWordProperty                                           - Instance: 0x21CB2997C00
Class: ObjectProperty                                          - Instance: 0x21CB2990C00
Class: ComponentProperty                                       - Instance: 0x21CB2990400
Class: ClassProperty                                           - Instance: 0x21CB2990800
Class: NameProperty                                            - Instance: 0x21CB2991000
Class: MapProperty                                             - Instance: 0x21CB2991400
Class: IntProperty                                             - Instance: 0x21CB2991800
Class: InterfaceProperty                                       - Instance: 0x21CB2991C00
Class: FloatProperty                                           - Instance: 0x21CB2992000
Class: DelegateProperty                                        - Instance: 0x21CB2992400
Class: ByteProperty                                            - Instance: 0x21CB2992800
Class: BoolProperty                                            - Instance: 0x21CB2992C00
Class: ArrayProperty                                           - Instance: 0x21CB2993000
Class: Enum                                                    - Instance: 0x21CB2993800
Class: Const                                                   - Instance: 0x21CB2993C00
Class: FeatureSystem                                           - Instance: 0x21CB2984400
Class: Factory                                                 - Instance: 0x21CB2984C00
Class: TextBufferFactory                                       - Instance: 0x21CB2984800
Class: Exporter                                                - Instance: 0x21CB2985000
Class: ErrorType                                               - Instance: 0x21CB2985400
Class: ErrorList                                               - Instance: 0x21CB2985C00
Class: ArrayErrors                                             - Instance: 0x21CB2985800
Class: Error                                                   - Instance: 0x21CB2986000
Class: DelegateTracker                                         - Instance: 0x21CB2986400
Class: DebugDrawer                                             - Instance: 0x21CB2986800
Class: Compression                                             - Instance: 0x21CB2986C00
Class: Component                                               - Instance: 0x21CB2A14800
Class: StringObjectMap                                         - Instance: 0x21CB2987000
Class: StringMap                                               - Instance: 0x21CB2987400
Class: ObjectProvider                                          - Instance: 0x21CB2987800
Class: DistributionVector                                      - Instance: 0x21CB2987C00
Class: DistributionFloat                                       - Instance: 0x21CB2A14400
Class: Commandlet                                              - Instance: 0x21CB2A15000
Class: HelpCommandlet                                          - Instance: 0x21CB2A14C00
Class: Breadcrumbs                                             - Instance: 0x21CB2A15400
Class: Base64                                                  - Instance: 0x21CB2A16400
Class: AutomationTest                                          - Instance: 0x21CB2A16000
Class: AsyncTask                                               - Instance: 0x21CB2A15800
Class: AsyncResult                                             - Instance: 0x21CB2A15C00
Class: _Types_Core                                             - Instance: 0x21CB2A17800
Class: State                                                   - Instance: 0x21CB0F46C00
Class: Package                                                 - Instance: 0x21CB0F47000
Class: Class                                                   - Instance: 0x21CB0F47400
Class: __AsyncTask__All_0x1                                    - Instance: 0x21CB3058400
Class: _LoggingDoc                                             - Instance: 0x21CB2DEBC00
Class: _Types_Generated                                        - Instance: 0x21CB2DEB800
Class: ArrayFuncs                                              - Instance: 0x21CB2DEB400
Class: IDisposable                                             - Instance: 0x21CB2DEB000
Class: RotatorConversions                                      - Instance: 0x21CB2DEAC00
Class: TAsyncResult                                            - Instance: 0x21CB2DEA800

Processing Package: Engine

ScriptStruct: GameClipsMaskArea                                - Instance: 0x21CB2DACB80
ScriptStruct: AnimSlotDesc                                     - Instance: 0x21CB2DAC880
ScriptStruct: RigidBodyState                                   - Instance: 0x21CB2DAC700
ScriptStruct: RigidBodyContactInfo                             - Instance: 0x21CB2DACA00
ScriptStruct: CollisionImpactData                              - Instance: 0x21CB2DAC580
ScriptStruct: PhysEffectInfo                                   - Instance: 0x21CB2DAC400
ScriptStruct: ActorReference                                   - Instance: 0x21CB2DAC280
ScriptStruct: NavReference                                     - Instance: 0x21CB2DAC100
ScriptStruct: BasedPosition                                    - Instance: 0x21CB2D97E80
ScriptStruct: TraceHitInfo                                     - Instance: 0x21CB2D87280
ScriptStruct: ImpactInfo                                       - Instance: 0x21CB2D86B00
ScriptStruct: SeqOpInputLink                                   - Instance: 0x21CB2D5F580
ScriptStruct: AnimSlotInfo                                     - Instance: 0x21CB2D59000
ScriptStruct: TimerData                                        - Instance: 0x21CB2D58E80
ScriptStruct: RBCollisionChannelContainer                      - Instance: 0x21CB2D43B80
ScriptStruct: LightingChannelContainer                         - Instance: 0x21CB2D40B80
ScriptStruct: MaterialViewRelevance                            - Instance: 0x21CB2D2F280
ScriptStruct: ComponentTemplate                                - Instance: 0x21CB2D2E980
ScriptStruct: VisiblePortalInfo                                - Instance: 0x21CB2D2D480
ScriptStruct: DebugNavCost                                     - Instance: 0x21CB2D0B400
ScriptStruct: NavigationOctreeObject                           - Instance: 0x21CB2D0B280
ScriptStruct: CheckpointRecord                                 - Instance: 0x21CB2D0B100
ScriptStruct: KSphereElem                                      - Instance: 0x21CB2D08E80
ScriptStruct: KBoxElem                                         - Instance: 0x21CB2D08D00
ScriptStruct: KSphylElem                                       - Instance: 0x21CB2D08B80
ScriptStruct: KConvexElem                                      - Instance: 0x21CB2D08A00
ScriptStruct: KAggregateGeom                                   - Instance: 0x21CB2D08880
ScriptStruct: PolyReference                                    - Instance: 0x21CB2D08700
ScriptStruct: PathSizeInfo                                     - Instance: 0x21CB2CF3D00
ScriptStruct: BankLoadState                                    - Instance: 0x21CB2CF2680
ScriptStruct: KCachedConvexData_Mirror                         - Instance: 0x21CB2CF2500
ScriptStruct: GeomSelection                                    - Instance: 0x21CB2CF2380
ScriptStruct: InteriorSettings                                 - Instance: 0x21CB2CF1300
ScriptStruct: ReverbSettings                                   - Instance: 0x21CB2CF1180
ScriptStruct: AudioComponentParam                              - Instance: 0x21CB2CF1000
ScriptStruct: SubtitleCue                                      - Instance: 0x21CB2CDBA00
ScriptStruct: Listener                                         - Instance: 0x21CB2CDB580
ScriptStruct: AudioClassInfo                                   - Instance: 0x21CB2CDB400
ScriptStruct: SoundNodeEditorData                              - Instance: 0x21CB2CDAF80
ScriptStruct: AmbientSoundSlot                                 - Instance: 0x21CB2CDAC80
ScriptStruct: CheckpointRecord                                 - Instance: 0x21CB2CDAB00
ScriptStruct: InterpPointOnSpline                              - Instance: 0x21CB2CD9480
ScriptStruct: SplineSoundSlot                                  - Instance: 0x21CB2CD9300
ScriptStruct: MultiCueSplineSoundSlot                          - Instance: 0x21CB2CD9180
ScriptStruct: DelegateArray                                    - Instance: 0x21CB2CD9000
ScriptStruct: PlatformInterfaceData                            - Instance: 0x21CB2CD8E80
ScriptStruct: PlatformInterfaceDelegateResult                  - Instance: 0x21CB2CD8D00
ScriptStruct: EventStringParam                                 - Instance: 0x21CB2CCB700
ScriptStruct: CompressedTrack                                  - Instance: 0x21CB2CC9A80
ScriptStruct: CurveTrack                                       - Instance: 0x21CB2CC9780
ScriptStruct: RotationTrack                                    - Instance: 0x21CB2CC9600
ScriptStruct: TranslationTrack                                 - Instance: 0x21CB2CC9480
ScriptStruct: TimeModifier                                     - Instance: 0x21CB2CC9180
ScriptStruct: SkelControlModifier                              - Instance: 0x21CB2CC9300
ScriptStruct: AnimNotifyEvent                                  - Instance: 0x21CB2CC9000
ScriptStruct: RawAnimSequenceTrack                             - Instance: 0x21CB2CC8E80
ScriptStruct: CurveKey                                         - Instance: 0x21CB2CC8D00
ScriptStruct: AnimBlendChild                                   - Instance: 0x21CB2CC8100
ScriptStruct: WeightNodeRule                                   - Instance: 0x21CB2CBBA00
ScriptStruct: WeightRule                                       - Instance: 0x21CB2CBB880
ScriptStruct: BranchInfo                                       - Instance: 0x21CB2CBB700
ScriptStruct: PerBoneMaskInfo                                  - Instance: 0x21CB2CBB580
ScriptStruct: AimTransform                                     - Instance: 0x21CB2CBAF80
ScriptStruct: AimComponent                                     - Instance: 0x21CB2CBAE00
ScriptStruct: AimOffsetProfile                                 - Instance: 0x21CB2CBAC80
ScriptStruct: ChildBoneBlendInfo                               - Instance: 0x21CB2CBA680
ScriptStruct: RandomAnimInfo                                   - Instance: 0x21CB2C97A00
ScriptStruct: AnimInfo                                         - Instance: 0x21CB2C97700
ScriptStruct: AnimBlendInfo                                    - Instance: 0x21CB2C97880
ScriptStruct: SynchGroup                                       - Instance: 0x21CB2C96200
ScriptStruct: BonePair                                         - Instance: 0x21CB2C82680
ScriptStruct: SkelMeshComponentLODInfo                         - Instance: 0x21CB2C7B280
ScriptStruct: Attachment                                       - Instance: 0x21CB2C7A500
ScriptStruct: ActiveMorph                                      - Instance: 0x21CB2C7A380
ScriptStruct: LocalizedSubtitle                                - Instance: 0x21CB2C79F00
ScriptStruct: LightMapRef                                      - Instance: 0x21CB2C79D80
ScriptStruct: DominantShadowInfo                               - Instance: 0x21CB2C79C00
ScriptStruct: LightmassLightSettings                           - Instance: 0x21CB2C79A80
ScriptStruct: ScalarParameterInterpStruct                      - Instance: 0x21CB2C79900
ScriptStruct: LightmassPointLightSettings                      - Instance: 0x21CB2C79780
ScriptStruct: LightmassDirectionalLightSettings                - Instance: 0x21CB2C79600
ScriptStruct: LightmassPrimitiveSettings                       - Instance: 0x21CB2C79480
ScriptStruct: LightmassDebugOptions                            - Instance: 0x21CB2C79300
ScriptStruct: SwarmDebugOptions                                - Instance: 0x21CB2C79180
ScriptStruct: RootMotionCurve                                  - Instance: 0x21CB2C79000
ScriptStruct: TrailSocketSamplePoint                           - Instance: 0x21CB2C78700
ScriptStruct: TrailSamplePoint                                 - Instance: 0x21CB2C78A00
ScriptStruct: TrailSample                                      - Instance: 0x21CB2C78880
ScriptStruct: AnimSetMeshLinkup                                - Instance: 0x21CB2C3FE80
ScriptStruct: AnimGroup                                        - Instance: 0x21CB2C3FD00
ScriptStruct: SkelControlListHead                              - Instance: 0x21CB2C3FB80
ScriptStruct: PreviewSkelMeshStruct                            - Instance: 0x21CB2C3FA00
ScriptStruct: PreviewSocketStruct                              - Instance: 0x21CB2C3F880
ScriptStruct: PreviewAnimSetsStruct                            - Instance: 0x21CB2C3F700
ScriptStruct: ClothingLodInfo                                  - Instance: 0x21CB2C3E380
ScriptStruct: NxDestructibleDamageParameters                   - Instance: 0x21CB2C3CE80
ScriptStruct: NxDestructibleDebrisParameters                   - Instance: 0x21CB2C3CD00
ScriptStruct: NxDestructibleAdvancedParameters                 - Instance: 0x21CB2C3CB80
ScriptStruct: NxDestructibleParametersFlag                     - Instance: 0x21CB2C3D000
ScriptStruct: NxDestructibleDepthParameters                    - Instance: 0x21CB2C3D180
ScriptStruct: NxDestructibleParameters                         - Instance: 0x21CB2C3D300
ScriptStruct: DamageParameters                                 - Instance: 0x21CB2C3C880
ScriptStruct: DamagePair                                       - Instance: 0x21CB2C3CA00
ScriptStruct: NotificationMessageInfo                          - Instance: 0x21CB2C3C700
ScriptStruct: NotificationInfo                                 - Instance: 0x21CB2C3C580
ScriptStruct: LaunchNotificationInfo                           - Instance: 0x21CB2C3C400
ScriptStruct: KeyValuePair                                     - Instance: 0x21CB2C27100
ScriptStruct: PlayerResponseLine                               - Instance: 0x21CB2C26F80
ScriptStruct: ServerResponseLine                               - Instance: 0x21CB2C26E00
ScriptStruct: AutomatedTestingDatum                            - Instance: 0x21CB2C17700
ScriptStruct: ViewTargetTransitionParams                       - Instance: 0x21CB2C16800
ScriptStruct: TCameraCache                                     - Instance: 0x21CB2C15C00
ScriptStruct: TViewTarget                                      - Instance: 0x21CB2C14E80
ScriptStruct: LUTBlender                                       - Instance: 0x21CB2C05C00
ScriptStruct: MobileColorGradingParams                         - Instance: 0x21CB2C05A80
ScriptStruct: MobilePostProcessSettings                        - Instance: 0x21CB2C05D80
ScriptStruct: PostProcessSettings                              - Instance: 0x21CB2C05F00
ScriptStruct: RenderingPerformanceOverrides                    - Instance: 0x21CB2C05780
ScriptStruct: FOscillator                                      - Instance: 0x21CB2BEB100
ScriptStruct: VOscillator                                      - Instance: 0x21CB2BEAE00
ScriptStruct: ROscillator                                      - Instance: 0x21CB2BEAC80
ScriptStruct: CameraShakeInstance                              - Instance: 0x21CB2BEA380
ScriptStruct: CanvasIcon                                       - Instance: 0x21CB2BE9900
ScriptStruct: TextureGroupContainer                            - Instance: 0x21CB2BE9300
ScriptStruct: Texture2DMipMap                                  - Instance: 0x21CB2BE9180
ScriptStruct: TextureLinkedListMirror                          - Instance: 0x21CB2BE9000
ScriptStruct: DepthFieldGlowInfo                               - Instance: 0x21CB2BE8B80
ScriptStruct: MobileDistanceFieldParams                        - Instance: 0x21CB2BE8A00
ScriptStruct: FontRenderInfo                                   - Instance: 0x21CB2BE8880
ScriptStruct: CanvasUVTri                                      - Instance: 0x21CB2BE8700
ScriptStruct: TextSizingParameters                             - Instance: 0x21CB2BE8580
ScriptStruct: WrappedStringElement                             - Instance: 0x21CB2BE8400
ScriptStruct: SetSaveDataCallbackStruct                        - Instance: 0x21CB2B9F880
ScriptStruct: SaveSlotOperation                                - Instance: 0x21CB2B9F700
ScriptStruct: GetSaveDataCallbackStruct                        - Instance: 0x21CB2B9DC00
ScriptStruct: UIRangeData                                      - Instance: 0x21CB2B85300
ScriptStruct: TextureCoordinates                               - Instance: 0x21CB2B85180
ScriptStruct: SeqOpOutputInputLink                             - Instance: 0x21CB2B84D00
ScriptStruct: SeqOpOutputLink                                  - Instance: 0x21CB2B85000
ScriptStruct: SeqVarLink                                       - Instance: 0x21CB2B84E80
ScriptStruct: SeqEventLink                                     - Instance: 0x21CB2B84B80
ScriptStruct: InputKeyAction                                   - Instance: 0x21CB2B84A00
ScriptStruct: InputEventParameters                             - Instance: 0x21CB2B84880
ScriptStruct: SubscribedInputEventParameters                   - Instance: 0x21CB2B84700
ScriptStruct: UIAxisEmulationDefinition                        - Instance: 0x21CB2B84580
ScriptStruct: RawInputKeyEventData                             - Instance: 0x21CB2B84400
ScriptStruct: AutoCompleteCommand                              - Instance: 0x21CB2B76080
ScriptStruct: AutoCompleteNode                                 - Instance: 0x21CB2B75F00
ScriptStruct: ControllerLayout                                 - Instance: 0x21CB2B75780
ScriptStruct: CovPosInfo                                       - Instance: 0x21CB2B74B80
ScriptStruct: FireLinkItem                                     - Instance: 0x21CB2B74A00
ScriptStruct: FireLink                                         - Instance: 0x21CB2B74880
ScriptStruct: DynamicLinkInfo                                  - Instance: 0x21CB2B74700
ScriptStruct: CoverReference                                   - Instance: 0x21CB2B74400
ScriptStruct: ExposedLink                                      - Instance: 0x21CB2B74580
ScriptStruct: SlotMoveRef                                      - Instance: 0x21CB2B74280
ScriptStruct: CoverInfo                                        - Instance: 0x21CB2B63E80
ScriptStruct: CoverSlot                                        - Instance: 0x21CB2B74100
ScriptStruct: PaintedVertex                                    - Instance: 0x21CB2B53580
ScriptStruct: StaticMeshComponentLODInfo                       - Instance: 0x21CB2B53700
ScriptStruct: CoverMeshes                                      - Instance: 0x21CB2B52C80
ScriptStruct: ManualCoverTypeInfo                              - Instance: 0x21CB2B52680
ScriptStruct: CoverReplicationInfo                             - Instance: 0x21CB2B52800
ScriptStruct: CullDistanceSizePair                             - Instance: 0x21CB2B50B80
ScriptStruct: PresetGeneratedPoint                             - Instance: 0x21CB2B50A00
ScriptStruct: PlayerDataStoreGroup                             - Instance: 0x21CB2B50880
ScriptStruct: DateTimeStruct                                   - Instance: 0x21CB2B1F580
ScriptStruct: DecalReceiver                                    - Instance: 0x21CB2B1D600
ScriptStruct: ActiveDecalInfo                                  - Instance: 0x21CB2B1C580
ScriptStruct: LightmassMaterialInterfaceSettings               - Instance: 0x21CB2B1B880
ScriptStruct: MaterialInput                                    - Instance: 0x21CB2B19D80
ScriptStruct: MaterialFunctionInfo                             - Instance: 0x21CB2B19C00
ScriptStruct: ColorMaterialInput                               - Instance: 0x21CB2B19A80
ScriptStruct: ScalarMaterialInput                              - Instance: 0x21CB2B19900
ScriptStruct: VectorMaterialInput                              - Instance: 0x21CB2B19780
ScriptStruct: Vector2MaterialInput                             - Instance: 0x21CB2B19600
ScriptStruct: CheckpointRecord                                 - Instance: 0x21CB2B18D00
ScriptStruct: CurveParameterPoint                              - Instance: 0x21CB2AF9D80
ScriptStruct: OnlineProfile                                    - Instance: 0x21CB2AF8880
ScriptStruct: UniqueLobbyId                                    - Instance: 0x21CB2AE4100
ScriptStruct: OnlineRegistrant                                 - Instance: 0x21CB2ADF880
ScriptStruct: OnlineArbitrationRegistrant                      - Instance: 0x21CB2ADF580
ScriptStruct: NamedSession                                     - Instance: 0x21CB2ADFA00
ScriptStruct: FriendHistoryKey                                 - Instance: 0x21CB2ADEB00
ScriptStruct: NamedInterface                                   - Instance: 0x21CB2ADE500
ScriptStruct: SocialPostImageFlags                             - Instance: 0x21CB2ACE680
ScriptStruct: SocialPostImageInfo                              - Instance: 0x21CB2ACE800
ScriptStruct: SocialPostLinkInfo                               - Instance: 0x21CB2ACE980
ScriptStruct: DownloadedWorkshopData                           - Instance: 0x21CB2ACE500
ScriptStruct: SocialPostPrivileges                             - Instance: 0x21CB2ACE380
ScriptStruct: OnlinePartyMember                                - Instance: 0x21CB2ACE200
ScriptStruct: SessionMemberInfo                                - Instance: 0x21CB2ACE080
ScriptStruct: MarketplaceInventoryItem                         - Instance: 0x21CB2ACDF00
ScriptStruct: MarketplaceProductImage                          - Instance: 0x21CB2ACDD80
ScriptStruct: MarketplaceProductAvailability                   - Instance: 0x21CB2ACDA80
ScriptStruct: MarketplaceProductDetails                        - Instance: 0x21CB2ACDC00
ScriptStruct: AchievementReward                                - Instance: 0x21CB2ACD600
ScriptStruct: AchievementMediaAsset                            - Instance: 0x21CB2ACD480
ScriptStruct: AchievementTitleAssociation                      - Instance: 0x21CB2ACD780
ScriptStruct: AchievementDetails                               - Instance: 0x21CB2ACD900
ScriptStruct: SettingsData                                     - Instance: 0x21CB2ACCE80
ScriptStruct: SettingsProperty                                 - Instance: 0x21CB2ACD000
ScriptStruct: CommunityContentMetadata                         - Instance: 0x21CB2ACD300
ScriptStruct: CommunityContentFile                             - Instance: 0x21CB2ACD180
ScriptStruct: LocalizedStringSetting                           - Instance: 0x21CB2ACCD00
ScriptStruct: TitleFile                                        - Instance: 0x21CB2ACCB80
ScriptStruct: EmsFile                                          - Instance: 0x21CB2ACCA00
ScriptStruct: NamedInterfaceDef                                - Instance: 0x21CB2ACC880
ScriptStruct: OnlineFriendMessage                              - Instance: 0x21CB2ACC700
ScriptStruct: RemoteTalker                                     - Instance: 0x21CB2ACC580
ScriptStruct: LocalTalker                                      - Instance: 0x21CB2ACC400
ScriptStruct: OnlinePlayerScore                                - Instance: 0x21CB2ACC280
ScriptStruct: SpeechRecognizedWord                             - Instance: 0x21CB2ACC100
ScriptStruct: OnlineContent                                    - Instance: 0x21CB2ABBD00
ScriptStruct: OnlineCrossTitleContent                          - Instance: 0x21CB2ABBE80
ScriptStruct: OnlineUser                                       - Instance: 0x21CB2ABBA00
ScriptStruct: OnlineFriend                                     - Instance: 0x21CB2ABBB80
ScriptStruct: FriendsQuery                                     - Instance: 0x21CB2ABB880
ScriptStruct: WordFilterResult                                 - Instance: 0x21CB2ABB700
ScriptStruct: EpicDLCInfo                                      - Instance: 0x21CB2ABB580
ScriptStruct: SwitchDLCInfo                                    - Instance: 0x21CB2ABB400
ScriptStruct: XboxOneDLCInfo                                   - Instance: 0x21CB2ABB280
ScriptStruct: PS4DLCInfo                                       - Instance: 0x21CB2ABB100
ScriptStruct: SteamDLCInfo                                     - Instance: 0x21CB2ABAF80
ScriptStruct: CheckpointRecord                                 - Instance: 0x21CB2AB8580
ScriptStruct: ViewParticleEmitterInstanceMotionBlurInfo        - Instance: 0x21CB2AA6200
ScriptStruct: ParticleSysParam                                 - Instance: 0x21CB2AA6080
ScriptStruct: ParticleEventData                                - Instance: 0x21CB2AA5F00
ScriptStruct: ParticleEventSpawnData                           - Instance: 0x21CB2AA5D80
ScriptStruct: ParticleEventDeathData                           - Instance: 0x21CB2AA5C00
ScriptStruct: ParticleEventCollideData                         - Instance: 0x21CB2AA5A80
ScriptStruct: ParticleEventAttractorCollideData                - Instance: 0x21CB2AA5900
ScriptStruct: ParticleEventKismetData                          - Instance: 0x21CB2AA5780
ScriptStruct: ParticleEmitterInstanceMotionBlurInfo            - Instance: 0x21CB2A98880
ScriptStruct: ParticleEmitterInstance                          - Instance: 0x21CB2A98700
ScriptStruct: CheckpointRecord                                 - Instance: 0x21CB2A98580
ScriptStruct: EmitterBaseInfo                                  - Instance: 0x21CB2A8A380
ScriptStruct: StatColorMapEntry                                - Instance: 0x21CB2A89000
ScriptStruct: StatColorMapping                                 - Instance: 0x21CB2A88E80
ScriptStruct: DropNoteInfo                                     - Instance: 0x21CB2A88D00
ScriptStruct: PrimitiveMaterialRef                             - Instance: 0x21CB2A78580
ScriptStruct: PostProcessMaterialRef                           - Instance: 0x21CB2A78400
ScriptStruct: MaterialReferenceList                            - Instance: 0x21CB2A78280
ScriptStruct: VelocityObstacleStat                             - Instance: 0x21CB2A78100
ScriptStruct: FacebookFriend                                   - Instance: 0x21CB8F7B580
ScriptStruct: CheckpointRecord                                 - Instance: 0x21CB8F79600
ScriptStruct: FontImportOptionsData                            - Instance: 0x21CB8F78400
ScriptStruct: FontCharacter                                    - Instance: 0x21CB8F78280
ScriptStruct: WaveformSample                                   - Instance: 0x21CB8F5F400
ScriptStruct: FragmentGroup                                    - Instance: 0x21CB8F5C700
ScriptStruct: DeferredPartToSpawn                              - Instance: 0x21CB8F5B400
ScriptStruct: CheckpointRecord                                 - Instance: 0x21CB8F5B280
ScriptStruct: LevelStreamingStatus                             - Instance: 0x21CB8F42E00
ScriptStruct: FullyLoadedPackagesInfo                          - Instance: 0x21CB8F42C80
ScriptStruct: NamedNetDriver                                   - Instance: 0x21CB8F42B00
ScriptStruct: AnimTag                                          - Instance: 0x21CB8F42980
ScriptStruct: URL                                              - Instance: 0x21CB8F42200
ScriptStruct: GameClassShortName                               - Instance: 0x21CB8F42080
ScriptStruct: GameTypePrefix                                   - Instance: 0x21CB8F41F00
ScriptStruct: PlayerInformation                                - Instance: 0x21CB8F02380
ScriptStruct: TeamInformation                                  - Instance: 0x21CB8F02200
ScriptStruct: GameStatGroup                                    - Instance: 0x21CB8F01900
ScriptStruct: GameplayEventMetaData                            - Instance: 0x21CB8F02080
ScriptStruct: WeaponClassEventData                             - Instance: 0x21CB8F01F00
ScriptStruct: DamageClassEventData                             - Instance: 0x21CB8F01D80
ScriptStruct: ProjectileClassEventData                         - Instance: 0x21CB8F01C00
ScriptStruct: PawnClassEventData                               - Instance: 0x21CB8F01A80
ScriptStruct: GameplayEventsHeader                             - Instance: 0x21CB8F01780
ScriptStruct: GameSessionInformation                           - Instance: 0x21CB8F01600
ScriptStruct: NavMeshPathGoalEvaluatorCacheDatum               - Instance: 0x21CB8EE2980
ScriptStruct: PhysXEmitterVerticalProperties                   - Instance: 0x21CB8EC7A00
ScriptStruct: PhysXVerticalProperties                          - Instance: 0x21CB8EE2800
ScriptStruct: HostMigrationState                               - Instance: 0x21CB8EE2680
ScriptStruct: MusicTrackStruct                                 - Instance: 0x21CB8EE1000
ScriptStruct: WorldFractureSettings                            - Instance: 0x21CB8ED9300
ScriptStruct: NavMeshPathConstraintCacheDatum                  - Instance: 0x21CB8EC7E80
ScriptStruct: LightmassWorldInfoSettings                       - Instance: 0x21CB8EC7D00
ScriptStruct: ScreenMessageString                              - Instance: 0x21CB8EC7B80
ScriptStruct: ApexModuleDestructibleSettings                   - Instance: 0x21CB8EC7880
ScriptStruct: PhysXSimulationProperties                        - Instance: 0x21CB8EC7580
ScriptStruct: PhysXSceneProperties                             - Instance: 0x21CB8EC7700
ScriptStruct: CompartmentRunList                               - Instance: 0x21CB8EC7400
ScriptStruct: NetViewer                                        - Instance: 0x21CB8EC7280
ScriptStruct: IdToStringMapping                                - Instance: 0x21CB8EAFB80
ScriptStruct: StringIdToStringMapping                          - Instance: 0x21CB8EAFA00
ScriptStruct: LocalizedStringSettingMetaData                   - Instance: 0x21CB8EAF880
ScriptStruct: SettingsPropertyPropertyMetaData                 - Instance: 0x21CB8EAF700
ScriptStruct: OnlineGameSearchParameter                        - Instance: 0x21CB8EA9A80
ScriptStruct: OnlineGameSearchORClause                         - Instance: 0x21CB8EA9D80
ScriptStruct: OnlineGameSearchSortClause                       - Instance: 0x21CB8EA9C00
ScriptStruct: OnlineGameSearchQuery                            - Instance: 0x21CB8EAA380
ScriptStruct: OverrideSkill                                    - Instance: 0x21CB8EAA200
ScriptStruct: NamedObjectProperty                              - Instance: 0x21CB8EA9900
ScriptStruct: OnlineGameSearchResult                           - Instance: 0x21CB8EA9780
ScriptStruct: ConnectedPeerInfo                                - Instance: 0x21CB8EA2C80
ScriptStruct: ClientAdjustment                                 - Instance: 0x21CB8E6FA00
ScriptStruct: ClientConnectionStats                            - Instance: 0x21CB8E6DC00
ScriptStruct: DebugTextInfo                                    - Instance: 0x21CB8E5F700
ScriptStruct: KismetDrawTextInfo                               - Instance: 0x21CB8E3F880
ScriptStruct: ConsoleMessage                                   - Instance: 0x21CB8E3F700
ScriptStruct: InputEntry                                       - Instance: 0x21CB8E17700
ScriptStruct: InputMatchRequest                                - Instance: 0x21CB8E17880
ScriptStruct: GamepadInfo                                      - Instance: 0x21CB8E17580
ScriptStruct: PerPlayerSplitscreenData                         - Instance: 0x21CB8E17400
ScriptStruct: SplitscreenData                                  - Instance: 0x21CB8E17280
ScriptStruct: DebugDisplayProperty                             - Instance: 0x21CB8E17100
ScriptStruct: TitleSafeZoneArea                                - Instance: 0x21CB8E06380
ScriptStruct: ShowFlags_Mirror                                 - Instance: 0x21CB8E04280
ScriptStruct: ExportShowFlags_Mirror                           - Instance: 0x21CB8E04400
ScriptStruct: ActorToLookAt                                    - Instance: 0x21CB8DF6200
ScriptStruct: IniLocFileEntry                                  - Instance: 0x21CB8DE4E80
ScriptStruct: KeyBind                                          - Instance: 0x21CB8DE2500
ScriptStruct: TouchTracker                                     - Instance: 0x21CB8DE2380
ScriptStruct: InstancedStaticMeshInstanceData                  - Instance: 0x21CB8DE1C00
ScriptStruct: InstancedStaticMeshMappingInfo                   - Instance: 0x21CB8DE1A80
ScriptStruct: PreCombinedStaticMeshActor                       - Instance: 0x21CB8DE1900
ScriptStruct: CheckpointRecord                                 - Instance: 0x21CB8DE1000
ScriptStruct: CurveEdEntry                                     - Instance: 0x21CB8DCA800
ScriptStruct: CurveEdTab                                       - Instance: 0x21CB8DCA980
ScriptStruct: AnimSetBakeAndPruneStatus                        - Instance: 0x21CB8DCA680
ScriptStruct: InterpEdSelKey                                   - Instance: 0x21CB8DCA500
ScriptStruct: CameraPreviewInfo                                - Instance: 0x21CB8DCA380
ScriptStruct: SubTrackGroup                                    - Instance: 0x21CB8DCA200
ScriptStruct: SupportedSubTrackInfo                            - Instance: 0x21CB8DCA080
ScriptStruct: AnimControlTrackKey                              - Instance: 0x21CB8DC9F00
ScriptStruct: BoolTrackKey                                     - Instance: 0x21CB8DC9D80
ScriptStruct: DirectorTrackCut                                 - Instance: 0x21CB8DC9C00
ScriptStruct: EventTrackKey                                    - Instance: 0x21CB8DC9A80
ScriptStruct: FaceFXTrackKey                                   - Instance: 0x21CB8DC9900
ScriptStruct: FaceFXSoundCueKey                                - Instance: 0x21CB8DC9780
ScriptStruct: HeadTrackingKey                                  - Instance: 0x21CB8DC9600
ScriptStruct: FloatMaterialParamMICData                        - Instance: 0x21CB8DC9480
ScriptStruct: ToggleTrackKey                                   - Instance: 0x21CB8DC9300
ScriptStruct: VectorMaterialParamMICData                       - Instance: 0x21CB8DC9180
ScriptStruct: VisibilityTrackKey                               - Instance: 0x21CB8DC9000
ScriptStruct: InterpLookupPoint                                - Instance: 0x21CB8DC8D00
ScriptStruct: InterpLookupTrack                                - Instance: 0x21CB8DC8E80
ScriptStruct: NotifyTrackKey                                   - Instance: 0x21CB8DC8B80
ScriptStruct: ParticleReplayTrackKey                           - Instance: 0x21CB8DC8A00
ScriptStruct: SoundTrackKey                                    - Instance: 0x21CB8DC8880
ScriptStruct: LandscapeLayerStruct                             - Instance: 0x21CB8D96C80
ScriptStruct: LandscapeWeightmapUsage                          - Instance: 0x21CB8D96B00
ScriptStruct: LandscapeLayerInfo                               - Instance: 0x21CB8D96980
ScriptStruct: WeightmapLayerAllocationInfo                     - Instance: 0x21CB8D96800
ScriptStruct: GizmoSelectData                                  - Instance: 0x21CB8D96680
ScriptStruct: LandscapeAddCollision                            - Instance: 0x21CB8D96500
ScriptStruct: FontParameterValue                               - Instance: 0x21CB8D96380
ScriptStruct: ScalarParameterValue                             - Instance: 0x21CB8D96200
ScriptStruct: TextureParameterValue                            - Instance: 0x21CB8D96080
ScriptStruct: VectorParameterValue                             - Instance: 0x21CB8D95F00
ScriptStruct: LensFlareElement                                 - Instance: 0x21CB8D82E00
ScriptStruct: LensFlareElementCurvePair                        - Instance: 0x21CB8D82C80
ScriptStruct: LensFlareElementMaterials                        - Instance: 0x21CB8D82B00
ScriptStruct: LensFlareElementInstance                         - Instance: 0x21CB8D82980
ScriptStruct: LevelGridCellCoordinate                          - Instance: 0x21CB8D81180
ScriptStruct: CheckpointRecord                                 - Instance: 0x21CB8D81000
ScriptStruct: LinkedAccountData                                - Instance: 0x21CB8D67A00
ScriptStruct: BaseAuthSession                                  - Instance: 0x21CB8D66E00
ScriptStruct: PostProcessSettingsOverride                      - Instance: 0x21CB8D66C80
ScriptStruct: CurrentPostProcessVolumeInfo                     - Instance: 0x21CB8D66980
ScriptStruct: SynchronizedActorVisibilityHistory               - Instance: 0x21CB8D66800
ScriptStruct: AuthSession                                      - Instance: 0x21CB8D57D00
ScriptStruct: LocalAuthSession                                 - Instance: 0x21CB8D57B80
ScriptStruct: ExpressionOutput                                 - Instance: 0x21CB8D56500
ScriptStruct: ExpressionInput                                  - Instance: 0x21CB8D56380
ScriptStruct: CustomInput                                      - Instance: 0x21CB8D56200
ScriptStruct: LayerBlendInput                                  - Instance: 0x21CB8D56080
ScriptStruct: FunctionExpressionInput                          - Instance: 0x21CB8D55F00
ScriptStruct: FunctionExpressionOutput                         - Instance: 0x21CB8D55D80
ScriptStruct: ParameterValueOverTime                           - Instance: 0x21CB8D55C00
ScriptStruct: FontParameterValueOverTime                       - Instance: 0x21CB8D55A80
ScriptStruct: ScalarParameterValueOverTime                     - Instance: 0x21CB8D55900
ScriptStruct: TextureParameterValueOverTime                    - Instance: 0x21CB8D55780
ScriptStruct: VectorParameterValueOverTime                     - Instance: 0x21CB8D55600
ScriptStruct: LinearColorParameterValueOverTime                - Instance: 0x21CB8D55480
ScriptStruct: PurchaseInfo                                     - Instance: 0x21CB8D13580
ScriptStruct: MorphNodeConn                                    - Instance: 0x21CB8D12680
ScriptStruct: BoneAngleMorph                                   - Instance: 0x21CB8D12380
ScriptStruct: PolySegmentSpan                                  - Instance: 0x21CB8CFFB80
ScriptStruct: NavMeshPathParams                                - Instance: 0x21CB8CFFA00
ScriptStruct: EdgePointer                                      - Instance: 0x21CB8CFF700
ScriptStruct: PathStore                                        - Instance: 0x21CB8CFF880
ScriptStruct: BiasedGoalActor                                  - Instance: 0x21CB8CFB280
ScriptStruct: CheckpointRecord                                 - Instance: 0x21CB8CF8400
ScriptStruct: LobbyMetaData                                    - Instance: 0x21CB8C9DF00
ScriptStruct: BasicLobbyInfo                                   - Instance: 0x21CB8C9DD80
ScriptStruct: LobbyMember                                      - Instance: 0x21CB8C9DC00
ScriptStruct: ActiveLobbyInfo                                  - Instance: 0x21CB8C9DA80
ScriptStruct: LobbyFilter                                      - Instance: 0x21CB8C9D900
ScriptStruct: LobbySortFilter                                  - Instance: 0x21CB8C9D780
ScriptStruct: MMStats_Timer                                    - Instance: 0x21CB8C77100
ScriptStruct: OnlineProfileSetting                             - Instance: 0x21CB8C34B80
ScriptStruct: RecentParty                                      - Instance: 0x21CB8C24400
ScriptStruct: CurrentPlayerMet                                 - Instance: 0x21CB8C24280
ScriptStruct: OnlineStatsColumn                                - Instance: 0x21CB8C06C80
ScriptStruct: OnlineStatsRow                                   - Instance: 0x21CB8C06F80
ScriptStruct: ColumnMetaData                                   - Instance: 0x21CB8C06E00
ScriptStruct: TimerOptions                                     - Instance: 0x21CB8BF2E00
ScriptStruct: ParticleBurst                                    - Instance: 0x21CB8BF1A80
ScriptStruct: ParticleCurvePair                                - Instance: 0x21CB8BF1480
ScriptStruct: ParticleRandomSeedInfo                           - Instance: 0x21CB8BF1300
ScriptStruct: AttractLocationBoneSocketInfo                    - Instance: 0x21CB8BF1180
ScriptStruct: BeamModifierOptions                              - Instance: 0x21CB8BF1000
ScriptStruct: ParticleAttractorCollisionAction                 - Instance: 0x21CB8BF0E80
ScriptStruct: ParticleEvent_GenerateInfo                       - Instance: 0x21CB8BF0D00
ScriptStruct: LocationBoneSocketInfo                           - Instance: 0x21CB8BF0A00
ScriptStruct: OrbitOptions                                     - Instance: 0x21CB8BF0880
ScriptStruct: EmitterDynamicParameter                          - Instance: 0x21CB8BF0700
ScriptStruct: BeamTargetData                                   - Instance: 0x21CB8BF0580
ScriptStruct: PhysXEmitterVerticalLodProperties                - Instance: 0x21CB8BF0400
ScriptStruct: ParticleSystemLOD                                - Instance: 0x21CB8BF0280
ScriptStruct: LODSoloTrack                                     - Instance: 0x21CB8BF0100
ScriptStruct: ParticleEmitterReplayFrame                       - Instance: 0x21CB8B9F400
ScriptStruct: ParticleSystemReplayFrame                        - Instance: 0x21CB8B9F580
ScriptStruct: PBRuleLink                                       - Instance: 0x21CB8B9D300
ScriptStruct: PBMaterialParam                                  - Instance: 0x21CB8B9CE80
ScriptStruct: PBParamSwatch                                    - Instance: 0x21CB8B9D180
ScriptStruct: PBVariationInfo                                  - Instance: 0x21CB8B9D000
ScriptStruct: PBFracMeshCompInfo                               - Instance: 0x21CB8B9CD00
ScriptStruct: PBFaceUVInfo                                     - Instance: 0x21CB8B9C880
ScriptStruct: PBMemUsageInfo                                   - Instance: 0x21CB8B9C100
ScriptStruct: PBMeshCompInfo                                   - Instance: 0x21CC5C87E80
ScriptStruct: PBScopeProcessInfo                               - Instance: 0x21CC5C87D00
ScriptStruct: PBScope2D                                        - Instance: 0x21CC5C87B80
ScriptStruct: PBEdgeInfo                                       - Instance: 0x21CC5C87A00
ScriptStruct: RBCornerAngleInfo                                - Instance: 0x21CC5C87880
ScriptStruct: RBEdgeAngleInfo                                  - Instance: 0x21CC5C87700
ScriptStruct: BuildingMatOverrides                             - Instance: 0x21CC5C87400
ScriptStruct: BuildingMeshInfo                                 - Instance: 0x21CC5C87580
ScriptStruct: RBSplitInfo                                      - Instance: 0x21CC5C87100
ScriptStruct: PitchTekTextureDecalSettings                     - Instance: 0x21CC5C85300
ScriptStruct: PitchTekClearSettings                            - Instance: 0x21CC5C85180
ScriptStruct: PRIRemoteUserData                                - Instance: 0x21CC5C66B00
ScriptStruct: NetPacketStats                                   - Instance: 0x21CC5C66980
ScriptStruct: CheckpointRecord                                 - Instance: 0x21CB2ED3A00
ScriptStruct: ActivateOp                                       - Instance: 0x21CB2ED2080
ScriptStruct: QueuedActivationInfo                             - Instance: 0x21CB2ED1F00
ScriptStruct: BulletBodyData                                   - Instance: 0x21CB2ED0A00
ScriptStruct: KCachedConvexDataElement                         - Instance: 0x21CC5C4AF80
ScriptStruct: KCachedConvexData                                - Instance: 0x21CC5C4B100
ScriptStruct: LinearDOFSetup                                   - Instance: 0x21CC5C48D00
ScriptStruct: CameraCutInfo                                    - Instance: 0x21CC5C14700
ScriptStruct: SavedTransform                                   - Instance: 0x21CC5C14580
ScriptStruct: LevelStreamingNameCombo                          - Instance: 0x21CC5BFF880
ScriptStruct: SwitchRange                                      - Instance: 0x21CC5BFEE00
ScriptStruct: WorldAttractorData                               - Instance: 0x21CC5BFD180
ScriptStruct: SwitchClassInfo                                  - Instance: 0x21CC5BE9A80
ScriptStruct: SwitchObjectCase                                 - Instance: 0x21CC5BE9300
ScriptStruct: SoftBodyTetraLink                                - Instance: 0x21CC5BD0D00
ScriptStruct: SoftBodySpecialBoneInfo                          - Instance: 0x21CC5BD0B80
ScriptStruct: ClothSpecialBoneInfo                             - Instance: 0x21CC5BD0700
ScriptStruct: SkeletalMeshOptimizationSettings                 - Instance: 0x21CC5BD0580
ScriptStruct: SkeletalMeshLODDistanceInfo                      - Instance: 0x21CC5BD0400
ScriptStruct: TriangleSortSettings                             - Instance: 0x21CC5BD0100
ScriptStruct: SkeletalMeshLODInfo                              - Instance: 0x21CC5BD0280
ScriptStruct: BoneMirrorExport                                 - Instance: 0x21CC5BBBE80
ScriptStruct: BoneMirrorInfo                                   - Instance: 0x21CC5BBBD00
ScriptStruct: ApexClothingLodInfo                              - Instance: 0x21CC5BBBA00
ScriptStruct: ApexClothingAssetInfo                            - Instance: 0x21CC5BBBB80
ScriptStruct: SkelMeshActorControlTarget                       - Instance: 0x21CC5BBB880
ScriptStruct: CheckpointRecord                                 - Instance: 0x21CC5BBB700
ScriptStruct: SkelMaterialSetterDatum                          - Instance: 0x21CC5BB8A00
ScriptStruct: SoundClassEditorData                             - Instance: 0x21CC5BA9C00
ScriptStruct: SoundClassProperties                             - Instance: 0x21CC5BA9A80
ScriptStruct: SoundClassAdjuster                               - Instance: 0x21CC5BA9900
ScriptStruct: AudioEQEffect                                    - Instance: 0x21CC5BA9780
ScriptStruct: DistanceDatum                                    - Instance: 0x21CC5BA9600
ScriptStruct: RecognisableWord                                 - Instance: 0x21CC5BA8A00
ScriptStruct: RecogVocabulary                                  - Instance: 0x21CC5BA8B80
ScriptStruct: RecogUserData                                    - Instance: 0x21CC5BA8880
ScriptStruct: SpeedTreeStaticLight                             - Instance: 0x21CC5BA8700
ScriptStruct: SplineConnection                                 - Instance: 0x21CC5BA8280
ScriptStruct: SplineMeshParams                                 - Instance: 0x21CC5B82380
ScriptStruct: CheckpointRecord                                 - Instance: 0x21CC5B82080
ScriptStruct: SMMaterialSetterDatum                            - Instance: 0x21CC5B80E80
ScriptStruct: TerrainHeight                                    - Instance: 0x21CC5B6F400
ScriptStruct: TerrainInfoData                                  - Instance: 0x21CC5B6F280
ScriptStruct: TerrainLayer                                     - Instance: 0x21CC5B6F100
ScriptStruct: TerrainDecorationInstance                        - Instance: 0x21CC5B6E980
ScriptStruct: TerrainDecoration                                - Instance: 0x21CC5B6E800
ScriptStruct: TerrainDecoLayer                                 - Instance: 0x21CC5B6EF80
ScriptStruct: AlphaMap                                         - Instance: 0x21CC5B6EE00
ScriptStruct: TerrainWeightedMaterial                          - Instance: 0x21CC5B6EC80
ScriptStruct: SelectedTerrainVertex                            - Instance: 0x21CC5B6EB00
ScriptStruct: TerrainMaterialResource                          - Instance: 0x21CC5B6E680
ScriptStruct: CachedTerrainMaterialArray                       - Instance: 0x21CC5B6E500
ScriptStruct: TerrainPatchBounds                               - Instance: 0x21CC5B6DF00
ScriptStruct: TerrainMaterialMask                              - Instance: 0x21CC5B6DD80
ScriptStruct: TerrainBVTree                                    - Instance: 0x21CC5B6DC00
ScriptStruct: FilterLimit                                      - Instance: 0x21CC5B6D900
ScriptStruct: TerrainFilteredMaterial                          - Instance: 0x21CC5B6DA80
ScriptStruct: TerrainWeightedMaterial                          - Instance: 0x21CC5B6D780
ScriptStruct: SourceTexture2DRegion                            - Instance: 0x21CC5B6D600
ScriptStruct: ImageLayout                                      - Instance: 0x21CC5B6D000
ScriptStruct: CheckpointRecord                                 - Instance: 0x21CC5B57580
ScriptStruct: LevelStreamingData                               - Instance: 0x21CC5B56380
ScriptStruct: PlayerStorageArrayProvider                       - Instance: 0x21CC5B47580
ScriptStruct: DynamicResourceProviderDefinition                - Instance: 0x21CC5B37100
ScriptStruct: GameResourceDataProvider                         - Instance: 0x21CC5B36680
ScriptStruct: UIInputKeyData                                   - Instance: 0x21CC5B35D80
ScriptStruct: UIDataStoreInputAlias                            - Instance: 0x21CC5B35F00
ScriptStruct: GameSearchCfg                                    - Instance: 0x21CC5B34B80
ScriptStruct: GameSettingsCfg                                  - Instance: 0x21CC5B33100
ScriptStruct: RankMetaData                                     - Instance: 0x21CC5B31180
ScriptStruct: PlayerNickMetaData                               - Instance: 0x21CC5B31000
ScriptStruct: RegistryKeyValuePair                             - Instance: 0x21CC5B30580
ScriptStruct: UIMenuInputMap                                   - Instance: 0x21CC5B30100
ScriptStruct: UIKeyRepeatData                                  - Instance: 0x21CC5B22E00
ScriptStruct: UIAxisEmulationData                              - Instance: 0x21CC5B22F80
ScriptStruct: SoundEventMapping                                - Instance: 0x21CC5B21000
ScriptStruct: StaticMeshLODElement                             - Instance: 0x21CB2A25F00
ScriptStruct: StaticMeshLODInfo                                - Instance: 0x21CB2A26200
Const: MINFLOORZ                                               - Instance: 0x21CB2DDAB80
Const: ACTORMAXSTEPHEIGHT                                      - Instance: 0x21CB2DDAB00
Const: RBSTATE_LOCATIONSCALE                                   - Instance: 0x21CB2DDAA80
Const: RBSTATE_QUATBITS                                        - Instance: 0x21CB2DDAA00
Const: RBSTATE_LINVELSCALE                                     - Instance: 0x21CB2DDA980
Const: RBSTATE_ANGVELSCALE                                     - Instance: 0x21CB2DDA900
Const: RB_None                                                 - Instance: 0x21CB2DDA880
Const: RB_NeedsUpdate                                          - Instance: 0x21CB2DDA800
Const: RB_Sleeping                                             - Instance: 0x21CB2DDA780
Const: REP_RBLOCATION_ERROR_TOLERANCE_SQ                       - Instance: 0x21CB2DDA400
Const: TRACEFLAG_ForceController                               - Instance: 0x21CB2DDA380
Const: TRACEFLAG_Blocking                                      - Instance: 0x21CB2DDA300
Const: TRACEFLAG_SkipMovers                                    - Instance: 0x21CB2DDA280
Const: TRACEFLAG_PhysicsVolumes                                - Instance: 0x21CB2DDA200
Const: TRACEFLAG_Bullet                                        - Instance: 0x21CB2DDA180
Const: SDPG_NumBits                                            - Instance: 0x21CB2DD9F80
Const: BLOCKEDPATHCOST                                         - Instance: 0x21CB2DD9D80
Const: LATENT_MOVETOWARD                                       - Instance: 0x21CB2DD9D00
Const: INFINITE_PATH_COST                                      - Instance: 0x21CB2DD9B00
Const: MAX_ACTIVE_CAMERA_ANIMS                                 - Instance: 0x21CB2C5B980
Const: GET_SAVE_SLOT_INVALID                                   - Instance: 0x21CB2C5AE00
Const: GET_SAVE_SLOT_ERROR                                     - Instance: 0x21CB2C5AC80
Const: COMMON_DATA_SAVE_SLOT_INDEX                             - Instance: 0x21CB2C5AC00
Const: SAVE_SYSTEM_VERSION_KEY                                 - Instance: 0x21CB2C5AB80
Const: SAVE_DATA_BLOB_NAME_KEY                                 - Instance: 0x21CB2C5AB00
Const: DATA_STORE_ID_KEY                                       - Instance: 0x21CB2C5AA80
Const: NUM_SAVE_SLOTS_KEY                                      - Instance: 0x21CB2C5AA00
Const: DEFAULT_SIZE_X                                          - Instance: 0x21CB2C5A700
Const: DEFAULT_SIZE_Y                                          - Instance: 0x21CB2C5A680
Const: MAX_SUPPORTED_GAMEPADS                                  - Instance: 0x21CB2C5A600
Const: MaxHistory                                              - Instance: 0x21CB2C5A500
Const: COVERLINK_DangerDist                                    - Instance: 0x21CB2C59F80
Const: COVERLINK_EdgeExposureDot                               - Instance: 0x21CB2C5A080
Const: COVERLINK_EdgeCheckDot                                  - Instance: 0x21CB2C59C00
Const: COVERLINK_ExposureDot                                   - Instance: 0x21CB2C59B80
Const: EpochYear                                               - Instance: 0x21CB2C59880
Const: SecondsInMinute                                         - Instance: 0x21CB2C59800
Const: SecondsInHour                                           - Instance: 0x21CB2C59780
Const: SecondsInDay                                            - Instance: 0x21CB2C59700
Const: SecondsInMonth                                          - Instance: 0x21CB2C59680
Const: SecondsInYear                                           - Instance: 0x21CB2C59600
Const: NULLCHARACTER                                           - Instance: 0x21CB2AC3280
Const: FSM_DEFAULTRECYCLETIME                                  - Instance: 0x21CB2AC3000
Const: HeaderFlags_NoEventStrings                              - Instance: 0x21CB2AC2B80
Const: GAMEEVENT_MATCH_STARTED                                 - Instance: 0x21CB2AC2A80
Const: GAMEEVENT_MATCH_ENDED                                   - Instance: 0x21CB2AC2A00
Const: GAMEEVENT_ROUND_STARTED                                 - Instance: 0x21CB2AC2980
Const: GAMEEVENT_ROUND_ENDED                                   - Instance: 0x21CB2AC2900
Const: GAMEEVENT_GAME_CLASS                                    - Instance: 0x21CB2AC2880
Const: GAMEEVENT_GAME_OPTION_URL                               - Instance: 0x21CB2AC2800
Const: GAMEEVENT_GAME_MAPNAME                                  - Instance: 0x21CB2AC2780
Const: GAMEEVENT_MEMORYUSAGE_POLL                              - Instance: 0x21CB2AC2700
Const: GAMEEVENT_FRAMERATE_POLL                                - Instance: 0x21CB2AC2680
Const: GAMEEVENT_NETWORKUSAGEIN_POLL                           - Instance: 0x21CB2AC2600
Const: GAMEEVENT_NETWORKUSAGEOUT_POLL                          - Instance: 0x21CB2AC2580
Const: GAMEEVENT_PING_POLL                                     - Instance: 0x21CB2AC2500
Const: GAMEEVENT_RENDERTHREAD_POLL                             - Instance: 0x21CB2AC2480
Const: GAMEEVENT_GAMETHREAD_POLL                               - Instance: 0x21CB2AC2400
Const: GAMEEVENT_GPUFRAMETIME_POLL                             - Instance: 0x21CB2AC2380
Const: GAMEEVENT_FRAMETIME_POLL                                - Instance: 0x21CB2AC2300
Const: GAMEEVENT_TEAM_CREATED                                  - Instance: 0x21CB2AC2280
Const: GAMEEVENT_TEAM_GAME_SCORE                               - Instance: 0x21CB2AC2200
Const: GAMEEVENT_TEAM_MATCH_WON                                - Instance: 0x21CB2AC2180
Const: GAMEEVENT_TEAM_ROUND_WON                                - Instance: 0x21CB2AC2100
Const: GAMEEVENT_TEAM_ROUND_STALEMATE                          - Instance: 0x21CB2AC2080
Const: GAMEEVENT_PLAYER_LOGIN                                  - Instance: 0x21CB2AC2000
Const: GAMEEVENT_PLAYER_LOGOUT                                 - Instance: 0x21CB2AC1F80
Const: GAMEEVENT_PLAYER_SPAWN                                  - Instance: 0x21CB2AC1F00
Const: GAMEEVENT_PLAYER_MATCH_WON                              - Instance: 0x21CB2AC1E80
Const: GAMEEVENT_PLAYER_KILL                                   - Instance: 0x21CB2AC1E00
Const: GAMEEVENT_PLAYER_LOCATION_POLL                          - Instance: 0x21CB2AC1D80
Const: GAMEEVENT_PLAYER_TEAMCHANGE                             - Instance: 0x21CB2AC1D00
Const: GAMEEVENT_PLAYER_KILL_STREAK                            - Instance: 0x21CB2AC1C80
Const: GAMEEVENT_PLAYER_DEATH                                  - Instance: 0x21CB2AC1C00
Const: GAMEEVENT_PLAYER_ROUND_WON                              - Instance: 0x21CB2AC1B80
Const: GAMEEVENT_PLAYER_ROUND_STALEMATE                        - Instance: 0x21CB2AC1B00
Const: GAMEEVENT_WEAPON_DAMAGE                                 - Instance: 0x21CB2AC1A80
Const: GAMEEVENT_WEAPON_DAMAGE_MELEE                           - Instance: 0x21CB2AC1A00
Const: GAMEEVENT_WEAPON_FIRED                                  - Instance: 0x21CB2AC1980
Const: GAMEEVENT_PLAYER_KILL_NORMAL                            - Instance: 0x21CB2AC1900
Const: GAMEEVENT_GENERIC_PARAM_LIST_START                      - Instance: 0x21CB2AC1880
Const: GAMEEVENT_GENERIC_PARAM_LIST_END                        - Instance: 0x21CB2AC1800
Const: GAMEEVENT_GAME_SPECIFIC                                 - Instance: 0x21CB2AC1780
Const: GAMEEVENT_MAX_EVENTID                                   - Instance: 0x21CB2AC1700
Const: SCENEFILTER_None                                        - Instance: 0x21CB2AC1480
Const: SCENEFILTER_IncludeTransient                            - Instance: 0x21CB2AC1400
Const: SCENEFILTER_InputProcessorOnly                          - Instance: 0x21CB2AC1380
Const: SCENEFILTER_PausersOnly                                 - Instance: 0x21CB2AC1300
Const: SCENEFILTER_PrimitiveUsersOnly                          - Instance: 0x21CB2AC1280
Const: SCENEFILTER_UsesPostProcessing                          - Instance: 0x21CB2AC1200
Const: SCENEFILTER_ReceivesFocus                               - Instance: 0x21CB2AC1180
Const: SCENEFILTER_Any                                         - Instance: 0x21CB2AC1100
Const: MAX_INSTANCES_PER_CLASS                                 - Instance: 0x21CB2AC0F00
Const: MAX_BOOKMARK_NUMBER                                     - Instance: 0x21CB2AC0D00
Const: MAXCLIENTUPDATEINTERVAL                                 - Instance: 0x21CB2AC0480
Const: CLIENTADJUSTUPDATECOST                                  - Instance: 0x21CB2AC0400
Const: MAXNEARZEROVELOCITYSQUARED                              - Instance: 0x21CB2AC0380
Const: MAXPOSITIONERRORSQUARED                                 - Instance: 0x21CB2AC0300
Const: MAX_AIGROUP_NUMBER                                      - Instance: 0x21CB8DF2780
Const: LINECHECK_GRANULARITY                                   - Instance: 0x21CB8DF2280
Const: NUM_PATHFINDING_PARAMS                                  - Instance: 0x21CB8DF2200
Const: NumBreadCrumbs                                          - Instance: 0x21CB8DF2180
Const: PROCBUILDING_VERSION                                    - Instance: 0x21CB8BD3180
Const: ROOF_MINZ                                               - Instance: 0x21CB8BD3080
Enum: EGameClipsAvailability                                   - Instance: 0x21CB2DDB200
Enum: EGameClipsRecording                                      - Instance: 0x21CB2DDB180
Enum: EGameClipsConnectionStatus                               - Instance: 0x21CB2DDB100
Enum: EGameClipsConnection                                     - Instance: 0x21CB2DDB080
Enum: EGameClipsClipStatus                                     - Instance: 0x21CB2DDB000
Enum: EGameClipsStateChangeType                                - Instance: 0x21CB2DDAF80
Enum: EGameClipsMaskStatus                                     - Instance: 0x21CB2DDAF00
Enum: EActorMetricsType                                        - Instance: 0x21CB2DDAE80
Enum: EMoveDir                                                 - Instance: 0x21CB2DDAE00
Enum: EPhysics                                                 - Instance: 0x21CB2DDAD80
Enum: EHighContrastRenderingID                                 - Instance: 0x21CB2DDAD00
Enum: ECollisionType                                           - Instance: 0x21CB2DDAC00
Enum: ETravelType                                              - Instance: 0x21CB2DDA700
Enum: EDoubleClickDir                                          - Instance: 0x21CB2DDA680
Enum: ENetRole                                                 - Instance: 0x21CB2DDA600
Enum: EHighContrastRenderingMode                               - Instance: 0x21CB2DDA500
Enum: EForceMode                                               - Instance: 0x21CB2DDA480
Enum: EGJKResult                                               - Instance: 0x21CB2DDA100
Enum: EDetailMode                                              - Instance: 0x21CB2DDA080
Enum: ESceneDepthPriorityGroup                                 - Instance: 0x21CB2DDA000
Enum: ERadialImpulseFalloff                                    - Instance: 0x21CB2DD9F00
Enum: ERBCollisionChannel                                      - Instance: 0x21CB2DD9E80
Enum: ENavMeshEdgeType                                         - Instance: 0x21CB2DD9900
Enum: EBankLoadStatus                                          - Instance: 0x21CB2DD9880
Enum: EAmbientOcclusionQuality                                 - Instance: 0x21CB2DD9800
Enum: ECsgOper                                                 - Instance: 0x21CB2DD9780
Enum: EReverbPreset                                            - Instance: 0x21CB2DD9700
Enum: EInputPlatformType                                       - Instance: 0x21CB2DD9680
Enum: EPathFindingError                                        - Instance: 0x21CB2DD9600
Enum: EDebugState                                              - Instance: 0x21CB2DD9580
Enum: ESoundClassName                                          - Instance: 0x21CB2DD9500
Enum: ETTSSpeaker                                              - Instance: 0x21CB2DD9480
Enum: ESoundDistanceCalc                                       - Instance: 0x21CB2DD9400
Enum: ESoundDistanceModel                                      - Instance: 0x21CB2DD9380
Enum: EPlatformInterfaceDataType                               - Instance: 0x21CB2DD9100
Enum: EAnimationCompressionFormat                              - Instance: 0x21CB2DD9000
Enum: EAnimationKeyFormat                                      - Instance: 0x21CB2DD8F80
Enum: ESliderType                                              - Instance: 0x21CB2DD8F00
Enum: EWeightCheck                                             - Instance: 0x21CB2DD8E80
Enum: EBlendType                                               - Instance: 0x21CB2DD8E00
Enum: EAnimAimDir                                              - Instance: 0x21CB2DD8D80
Enum: EAimID                                                   - Instance: 0x21CB2DD8D00
Enum: EBaseBlendType                                           - Instance: 0x21CB2DD8C80
Enum: ERootRotationOption                                      - Instance: 0x21CB2DD8B80
Enum: ERootBoneAxis                                            - Instance: 0x21CB2DD8B00
Enum: EPhysBodyOp                                              - Instance: 0x21CB2DD8880
Enum: EBoneVisibilityStatus                                    - Instance: 0x21CB2DD8800
Enum: EFaceFXRegOp                                             - Instance: 0x21CB2DD8780
Enum: EFaceFXBlendMode                                         - Instance: 0x21CB2DD8700
Enum: EInstanceWeightUsage                                     - Instance: 0x21CB2DD8680
Enum: EAnimRotationOnly                                        - Instance: 0x21CB2DD8600
Enum: ERootMotionRotationMode                                  - Instance: 0x21CB2DD8580
Enum: ERootMotionMode                                          - Instance: 0x21CB2DD8500
Enum: EMaxDistanceScaleMode                                    - Instance: 0x21CB2DD8480
Enum: EBlendMode                                               - Instance: 0x21CB2DD8400
Enum: EMaterialLightingModel                                   - Instance: 0x21CB2DD8380
Enum: EMaterialTessellationMode                                - Instance: 0x21CB2DD8300
Enum: EMobileValueSource                                       - Instance: 0x21CB2DD8280
Enum: EMobileTextureBlendFactorSource                          - Instance: 0x21CB2DD8200
Enum: EMobileTexCoordsSource                                   - Instance: 0x21CB2DD8180
Enum: EMobileAlphaValueSource                                  - Instance: 0x21CB2DD8100
Enum: EMobileColorMultiplySource                               - Instance: 0x21CB2DD8080
Enum: EMobileEmissiveColorSource                               - Instance: 0x21CB2C5BF80
Enum: EMobileEnvironmentBlendMode                              - Instance: 0x21CB2C5BF00
Enum: EMobileSpecularMask                                      - Instance: 0x21CB2C5BE80
Enum: EMobileAmbientOcclusionSource                            - Instance: 0x21CB2C5BE00
Enum: ELightingBuildQuality                                    - Instance: 0x21CB2C5BD80
Enum: EPathSearchType                                          - Instance: 0x21CB2C5BD00
Enum: EDynamicLightEnvironmentBoundsMethod                     - Instance: 0x21CB2C5BC80
Enum: EImpactDamageOverride                                    - Instance: 0x21CB2C5BC00
Enum: EDamageParameterOverrideMode                             - Instance: 0x21CB2C5BB80
Enum: ECameraAnimPlaySpace                                     - Instance: 0x21CB2C5BA00
Enum: EViewTargetBlendFunction                                 - Instance: 0x21CB2C5B800
Enum: EFocusType                                               - Instance: 0x21CB2C5B780
Enum: EInitialOscillatorOffset                                 - Instance: 0x21CB2C5B580
Enum: ECanvasBlendMode                                         - Instance: 0x21CB2C5B500
Enum: ETextureCompressionSettings                              - Instance: 0x21CB2C5B480
Enum: EPixelFormat                                             - Instance: 0x21CB2C5B380
Enum: ETextureFilter                                           - Instance: 0x21CB2C5B300
Enum: ETextureAddress                                          - Instance: 0x21CB2C5B280
Enum: ETextureGroup                                            - Instance: 0x21CB2C5B200
Enum: ETextureMipGenSettings                                   - Instance: 0x21CB2C5B180
Enum: ETextureMipCount                                         - Instance: 0x21CB2C5B100
Enum: ESaveDataVersionSupport                                  - Instance: 0x21CB2C5AE80
Enum: ESaveSlotOperationEnum                                   - Instance: 0x21CB2C5AD80
Enum: ECloudStorageDelegate                                    - Instance: 0x21CB2C5A900
Enum: ETouchType                                               - Instance: 0x21CB2C5A580
Enum: ECoverGroupFillAction                                    - Instance: 0x21CB2C59C80
Enum: ECoverLocationDescription                                - Instance: 0x21CB2C59D00
Enum: ECoverType                                               - Instance: 0x21CB2C59D80
Enum: ECoverAction                                             - Instance: 0x21CB2C59E00
Enum: ECoverDirection                                          - Instance: 0x21CB2C59E80
Enum: EFireLinkID                                              - Instance: 0x21CB2C59F00
Enum: ELightmapModificationFunction                            - Instance: 0x21CB2C59A80
Enum: ETimeZone                                                - Instance: 0x21CB2C59900
Enum: EFilterMode                                              - Instance: 0x21CB2C59500
Enum: EDecalTransform                                          - Instance: 0x21CB2C59480
Enum: EMaterialUsage                                           - Instance: 0x21CB2C59400
Enum: EShadowFilterQuality                                     - Instance: 0x21CB2C59280
Enum: EShadowProjectionTechnique                               - Instance: 0x21CB2C59200
Enum: ELightShadowMode                                         - Instance: 0x21CB2C59180
Enum: ELightAffectsClassification                              - Instance: 0x21CB2C59100
Enum: EDistributionParamMode                                   - Instance: 0x21CB2C59080
Enum: EDOFQuality                                              - Instance: 0x21CB2C59000
Enum: EDOFType                                                 - Instance: 0x21CB2C58F80
Enum: EOnlineFriendState                                       - Instance: 0x21CB2C58F00
Enum: EFeaturePrivilege                                        - Instance: 0x21CB2C58E80
Enum: ELoginStatus                                             - Instance: 0x21CB2C58E00
Enum: EPlayerInteractionPerm                                   - Instance: 0x21CB2C58D80
Enum: ECommunicationMethod                                     - Instance: 0x21CB2C58D00
Enum: EAvatarSize                                              - Instance: 0x21CB2C58C80
Enum: EPinGrantResult                                          - Instance: 0x21CB2C58B80
Enum: EFeaturePrivilegeLevel                                   - Instance: 0x21CB2C58B00
Enum: EPS4ErrorDialog                                          - Instance: 0x21CB2C58A80
Enum: EPS4DisplayMode                                          - Instance: 0x21CB2C58A00
Enum: ENATType                                                 - Instance: 0x21CB2C58980
Enum: EOnlineServerConnectionStatus                            - Instance: 0x21CB2C58900
Enum: ESessionMemberStatus                                     - Instance: 0x21CB2C58800
Enum: EOnlineNewsType                                          - Instance: 0x21CB2C58780
Enum: EInventoryItemState                                      - Instance: 0x21CB2C58700
Enum: EMediaItemType                                           - Instance: 0x21CB2C58680
Enum: EOnlineEnumerationReadState                              - Instance: 0x21CB2C58600
Enum: EOnlineGameState                                         - Instance: 0x21CB2C58580
Enum: ECatalogSortOrder                                        - Instance: 0x21CB2C58500
Enum: EAchievementUnlockType                                   - Instance: 0x21CB2C58480
Enum: EAchievementMediaAssetType                               - Instance: 0x21CB2C58400
Enum: EAchievementParticipationType                            - Instance: 0x21CB2C58380
Enum: EAchievementProgressState                                - Instance: 0x21CB2C58300
Enum: EAchievementRewardType                                   - Instance: 0x21CB2C58280
Enum: ESettingsDataType                                        - Instance: 0x21CB2C58200
Enum: EOnlineDataAdvertisementType                             - Instance: 0x21CB2C58180
Enum: EOnlineFileType                                          - Instance: 0x21CB2C58100
Enum: EOnlineAccountCreateStatus                               - Instance: 0x21CB2C58080
Enum: ELanBeaconState                                          - Instance: 0x21CB2AC3F80
Enum: EOnlineContentType                                       - Instance: 0x21CB2AC3F00
Enum: EOnlineCreateGameSessionFlag                             - Instance: 0x21CB2AC3E80
Enum: EOnlineAccountTier                                       - Instance: 0x21CB2AC3D80
Enum: ENetworkNotificationPosition                             - Instance: 0x21CB2AC3C80
Enum: EWordFilterCensorship                                    - Instance: 0x21CB2AC3C00
Enum: EParticleSysParamType                                    - Instance: 0x21CB2AC3A00
Enum: EParticleReplayState                                     - Instance: 0x21CB2AC3980
Enum: EParticleEventType                                       - Instance: 0x21CB2AC3900
Enum: EParticleSystemLODMethod                                 - Instance: 0x21CB2AC3880
Enum: EBasicLoadResult                                         - Instance: 0x21CB2AC3780
Enum: EImageFilterOptions                                      - Instance: 0x21CB2AC3700
Enum: EReplayFXProperties                                      - Instance: 0x21CB2AC3680
Enum: ETransitionType                                          - Instance: 0x21CB2AC3600
Enum: EFacebookIntegrationDelegate                             - Instance: 0x21CB2AC3480
Enum: EFWFileType                                              - Instance: 0x21CB2AC3400
Enum: EInfluenceType                                           - Instance: 0x21CB2AC3380
Enum: EFontImportCharacterSet                                  - Instance: 0x21CB2AC3300
Enum: EWaveformFunction                                        - Instance: 0x21CB2AC3180
Enum: EFullyLoadPackageType                                    - Instance: 0x21CB2AC2E80
Enum: EStandbyType                                             - Instance: 0x21CB2AC2E00
Enum: EGameStatGroups                                          - Instance: 0x21CB2AC2C00
Enum: EHostMigrationProgress                                   - Instance: 0x21CB2AC1080
Enum: EConsoleType                                             - Instance: 0x21CB2AC1000
Enum: EPreferredLightmapType                                   - Instance: 0x21CB2AC0E80
Enum: EVisibilityAggressiveness                                - Instance: 0x21CB2AC0E00
Enum: ENetMode                                                 - Instance: 0x21CB2AC0D80
Enum: EMovieControlType                                        - Instance: 0x21CB2AC0B80
Enum: EPropertyValueMappingType                                - Instance: 0x21CB2AC0B00
Enum: EOnlineGameSearchComparisonType                          - Instance: 0x21CB2AC0A80
Enum: EOnlineGameSearchEntryType                               - Instance: 0x21CB2AC0A00
Enum: EOnlineGameSearchSortType                                - Instance: 0x21CB2AC0980
Enum: EProgressMessageType                                     - Instance: 0x21CB2AC0900
Enum: EInputMatchAction                                        - Instance: 0x21CB2AC0580
Enum: EInputTypes                                              - Instance: 0x21CB2AC0500
Enum: ESplitScreenType                                         - Instance: 0x21CB2AC0280
Enum: ESafeZoneType                                            - Instance: 0x21CB2AC0200
Enum: ESetMode                                                 - Instance: 0x21CB2AC0180
Enum: EInAppMessageInterfaceDelegate                           - Instance: 0x21CB8DF3E80
Enum: EAdManagerDelegate                                       - Instance: 0x21CB8DF3E00
Enum: EFoliageCullOption                                       - Instance: 0x21CB8DF3D00
Enum: EEdgeHandlingStatus                                      - Instance: 0x21CB8DF3C80
Enum: ETrackActiveCondition                                    - Instance: 0x21CB8DF3C00
Enum: EHeadTrackingAction                                      - Instance: 0x21CB8DF3B80
Enum: ETrackToggleAction                                       - Instance: 0x21CB8DF3B00
Enum: EVisibilityTrackCondition                                - Instance: 0x21CB8DF3A80
Enum: EVisibilityTrackAction                                   - Instance: 0x21CB8DF3A00
Enum: EInterpTrackMoveRotMode                                  - Instance: 0x21CB8DF3980
Enum: EInterpTrackMoveFrame                                    - Instance: 0x21CB8DF3900
Enum: EInterpMoveAxis                                          - Instance: 0x21CB8DF3880
Enum: ELandscapeSetupErrors                                    - Instance: 0x21CB8DF3680
Enum: ELandscapeGizmoType                                      - Instance: 0x21CB8DF3600
Enum: ELevelGridCellShape                                      - Instance: 0x21CB8DF3480
Enum: EStreamingVolumeUsage                                    - Instance: 0x21CB8DF3400
Enum: EAuthStatus                                              - Instance: 0x21CB8DF3200
Enum: EAuthTicketServiceRequester                              - Instance: 0x21CB8DF3180
Enum: ETextureColorChannel                                     - Instance: 0x21CB8DF3080
Enum: ECustomMaterialOutputType                                - Instance: 0x21CB8DF3000
Enum: EDepthOfFieldFunctionValue                               - Instance: 0x21CB8DF2F80
Enum: EFunctionInputType                                       - Instance: 0x21CB8DF2F00
Enum: EGameObjectShaderParameterType                           - Instance: 0x21CB8DF2E80
Enum: EGameShaderParameterType                                 - Instance: 0x21CB8DF2E00
Enum: ELandscapeLayerBlendType                                 - Instance: 0x21CB8DF2D80
Enum: EMusicAnalysisShaderParameterType                        - Instance: 0x21CB8DF2D00
Enum: EPitchTekTextureType                                     - Instance: 0x21CB8DF2C80
Enum: ESceneTextureType                                        - Instance: 0x21CB8DF2C00
Enum: ETerrainCoordMappingType                                 - Instance: 0x21CB8DF2B00
Enum: EMaterialVectorCoordTransform                            - Instance: 0x21CB8DF2A00
Enum: EMaterialVectorCoordTransformSource                      - Instance: 0x21CB8DF2980
Enum: EMaterialPositionTransform                               - Instance: 0x21CB8DF2900
Enum: EMaterialPositionTransformSource                         - Instance: 0x21CB8DF2880
Enum: EMicroTransactionDelegate                                - Instance: 0x21CB8DF2480
Enum: EMicroTransactionResult                                  - Instance: 0x21CB8DF2400
Enum: EFFG_ForceFieldCoordinates                               - Instance: 0x21CB8DF1F80
Enum: EFFB_ForceFieldCoordinates                               - Instance: 0x21CB8DF1F00
Enum: ELobbyKickReason                                         - Instance: 0x21CB8DF1D00
Enum: ELobbyVisibility                                         - Instance: 0x21CB8DF1C80
Enum: ELobbyDistance                                           - Instance: 0x21CB8DF1C00
Enum: EOnlineProfilePropertyOwner                              - Instance: 0x21CB8DF1980
Enum: EOnlinePlayerStorageAsyncState                           - Instance: 0x21CB8DF1900
Enum: EProfileSettingID                                        - Instance: 0x21CB8DF1780
Enum: EProfileDifficultyOptions                                - Instance: 0x21CB8DF1800
Enum: EProfileControllerSensitivityOptions                     - Instance: 0x21CB8DF1700
Enum: EProfilePreferredColorOptions                            - Instance: 0x21CB8DF1680
Enum: EProfileAutoAimOptions                                   - Instance: 0x21CB8DF1600
Enum: EProfileAutoCenterOptions                                - Instance: 0x21CB8DF1580
Enum: EProfileMovementControlOptions                           - Instance: 0x21CB8DF1500
Enum: EProfileRaceTransmissionOptions                          - Instance: 0x21CB8DF1480
Enum: EProfileRaceCameraLocationOptions                        - Instance: 0x21CB8DF1400
Enum: EProfileRaceBrakeControlOptions                          - Instance: 0x21CB8DF1380
Enum: EProfileRaceAcceleratorControlOptions                    - Instance: 0x21CB8DF1300
Enum: EProfileYInversionOptions                                - Instance: 0x21CB8DF1280
Enum: EProfileXInversionOptions                                - Instance: 0x21CB8DF1200
Enum: EProfileOmniDirEvadeOptions                              - Instance: 0x21CB8DF1180
Enum: EProfileControllerVibrationToggleOptions                 - Instance: 0x21CB8DF1100
Enum: EProfileVoiceThruSpeakersOptions                         - Instance: 0x21CB8DF1080
Enum: EEmitterRenderMode                                       - Instance: 0x21CB8DF0D80
Enum: EParticleSubUVInterpMethod                               - Instance: 0x21CB8DF0D00
Enum: EParticleBurstMethod                                     - Instance: 0x21CB8DF0C80
Enum: EModuleType                                              - Instance: 0x21CB8DF0C00
Enum: EParticleSourceSelectionMethod                           - Instance: 0x21CB8DF0B80
Enum: EBoneSocketAttractorFalloffType                          - Instance: 0x21CB8DF0B00
Enum: ELocationBoneSocketDestSelectionMethod                   - Instance: 0x21CB8DF0A80
Enum: ELocationBoneSocketDestination                           - Instance: 0x21CB8DF0A00
Enum: EAttractorParticleSelectionMethod                        - Instance: 0x21CB8DF0900
Enum: EVertSurfaceAttractorFalloffType                         - Instance: 0x21CB8DF0880
Enum: EAttractorSkelVertSurfaceDestination                     - Instance: 0x21CB8DF0800
Enum: EBeam2SourceTargetMethod                                 - Instance: 0x21CB8DF0700
Enum: EBeam2SourceTargetTangentMethod                          - Instance: 0x21CB8DF0680
Enum: EBeamModifierType                                        - Instance: 0x21CB8DF0600
Enum: EParticleCameraOffsetUpdateMethod                        - Instance: 0x21CB8DF0500
Enum: EParticleCollisionComplete                               - Instance: 0x21CB8DF0480
Enum: EParticleAttractorActionType                             - Instance: 0x21CB8DF0400
Enum: ELocationBoneSocketSource                                - Instance: 0x21CB8DF0280
Enum: ELocationBoneSocketSelectionMethod                       - Instance: 0x21CB8DF0200
Enum: ELocationEmitterSelectionMethod                          - Instance: 0x21CB8DF0180
Enum: ECylinderHeightAxis                                      - Instance: 0x21CB8DF0100
Enum: ELocationSkelVertSurfaceSource                           - Instance: 0x21CB8DF0080
Enum: ELocationStaticVertSurfaceSource                         - Instance: 0x21CB8BD3F80
Enum: EOrbitChainMode                                          - Instance: 0x21CB8BD3F00
Enum: EParticleAxisLock                                        - Instance: 0x21CB8BD3E80
Enum: EEmitterDynamicParameterValue                            - Instance: 0x21CB8BD3E00
Enum: EParticleLevelInfluenceType                              - Instance: 0x21CB8BD3D80
Enum: EParticleScreenAlignment                                 - Instance: 0x21CB8BD3D00
Enum: EEmitterNormalsMode                                      - Instance: 0x21CB8BD3C80
Enum: EParticleSortMode                                        - Instance: 0x21CB8BD3C00
Enum: ETrail2SourceMethod                                      - Instance: 0x21CB8BD3B80
Enum: ETrail2SpawnMethod                                       - Instance: 0x21CB8BD3B00
Enum: ETrailTaperMethod                                        - Instance: 0x21CB8BD3A80
Enum: EBeamMethod                                              - Instance: 0x21CB8BD3A00
Enum: EBeamEndPointMethod                                      - Instance: 0x21CB8BD3980
Enum: EBeam2Method                                             - Instance: 0x21CB8BD3880
Enum: EBeamTaperMethod                                         - Instance: 0x21CB8BD3800
Enum: EMeshCameraFacingOptions                                 - Instance: 0x21CB8BD3780
Enum: EMeshCameraFacingUpAxis                                  - Instance: 0x21CB8BD3700
Enum: EMeshScreenAlignment                                     - Instance: 0x21CB8BD3680
Enum: EPhysXMeshRotationMethod                                 - Instance: 0x21CB8BD3600
Enum: ETrailsRenderAxisOption                                  - Instance: 0x21CB8BD3580
Enum: EParticleSystemOcclusionBoundsMethod                     - Instance: 0x21CB8BD3500
Enum: EParticleSystemUpdateMode                                - Instance: 0x21CB8BD3480
Enum: EProcBuildingAxis                                        - Instance: 0x21CB8BD3300
Enum: EScopeEdge                                               - Instance: 0x21CB8BD3280
Enum: EBuildingStatsBrowserColumns                             - Instance: 0x21CB8BD3200
Enum: EPBCornerType                                            - Instance: 0x21CB8BD3100
Enum: EProcBuildingEdge                                        - Instance: 0x21CB8BD3000
Enum: EPhysEffectType                                          - Instance: 0x21CB8BD2F00
Enum: ESimulationMethod                                        - Instance: 0x21CB8BD2E80
Enum: EPacketSizeMultiplier                                    - Instance: 0x21CB8BD2E00
Enum: EPitchTekTargetSize                                      - Instance: 0x21CB8BD2D80
Enum: ECrossPlatformChatState                                  - Instance: 0x21CB8BD2D00
Enum: EBlockListDownloadStatus                                 - Instance: 0x21CB8BD2C80
Enum: ESceneCapturePostMethod                                  - Instance: 0x21CB8BD2900
Enum: ESceneCaptureViewMode                                    - Instance: 0x21CB8BD2880
Enum: ESleepFamily                                             - Instance: 0x21CB8BD2780
Enum: ERadialForceType                                         - Instance: 0x21CB8BD2700
Enum: ERouteDirection                                          - Instance: 0x21CB8BD2600
Enum: ERouteFillAction                                         - Instance: 0x21CB8BD2580
Enum: ERouteType                                               - Instance: 0x21CB8BD2500
Enum: EPointSelection                                          - Instance: 0x21CB8BD2380
Enum: EMeshType                                                - Instance: 0x21CB8BD1B80
Enum: EWorldAttractorFalloffType                               - Instance: 0x21CB8BD1980
Enum: EParticleEventOutputType                                 - Instance: 0x21CB8BD1680
Enum: EBoneControlSpace                                        - Instance: 0x21CB8BD1600
Enum: ESplineControlRotMode                                    - Instance: 0x21CB8BD1580
Enum: ESoftBodyBoneType                                        - Instance: 0x21CB8BD1500
Enum: EClothBoneType                                           - Instance: 0x21CB8BD1400
Enum: ESkeletalMeshOptimizationNormalMode                      - Instance: 0x21CB8BD1380
Enum: ESkeletalMeshOptimizationImportance                      - Instance: 0x21CB8BD1300
Enum: ESkeletalMeshOptimizationType                            - Instance: 0x21CB8BD1280
Enum: ETriangleSortOption                                      - Instance: 0x21CB8BD1200
Enum: EBoneBreakOption                                         - Instance: 0x21CB8BD1180
Enum: ETriangleSortAxis                                        - Instance: 0x21CB8BD1100
Enum: EClothMovementScaleGen                                   - Instance: 0x21CB8BD1080
Enum: EDecompressionType                                       - Instance: 0x21CB8BD0F80
Enum: ESpeedTreeMeshType                                       - Instance: 0x21CB8BD0E80
Enum: ETerrainMappingType                                      - Instance: 0x21CB8BD0D00
Enum: ETextureFlipBookMethod                                   - Instance: 0x21CB8BD0C80
Enum: EMovieStreamSource                                       - Instance: 0x21CB8BD0C00
Enum: ETwitterRequestMethod                                    - Instance: 0x21CB8BD0A00
Enum: ETwitterIntegrationDelegate                              - Instance: 0x21CB8BD0980
Enum: EPostProcessAAType                                       - Instance: 0x21CB8BD0900
Enum: ETonemapperType                                          - Instance: 0x21CB8BD0880
Enum: EMenuOptionType                                          - Instance: 0x21CB8BD0800
Enum: EStatsFetchType                                          - Instance: 0x21CB8BD0580
Class: ScriptGroup_ORS                                         - Instance: 0x21CB2999800
Class: Actor                                                   - Instance: 0x21CB2956C00
Class: Info                                                    - Instance: 0x21CB2957000
Class: ZoneInfo                                                - Instance: 0x21CB2957800
Class: WorldInfo                                               - Instance: 0x21CB2957400
Class: DownloadableContentEnumerator                           - Instance: 0x21CB2956800
Class: DownloadableContentManager                              - Instance: 0x21CB2956400
Class: Engine                                                  - Instance: 0x21CB2956000
Class: GameEngine                                              - Instance: 0x21CB2955C00
Class: EngineBaseTypes                                         - Instance: 0x21CB2955800
Class: ISetParameter                                           - Instance: 0x21CB2955400
Class: _Types_Engine                                           - Instance: 0x21CB2955000
Class: Brush                                                   - Instance: 0x21CB2954C00
Class: BrushShape                                              - Instance: 0x21CB2954800
Class: Volume                                                  - Instance: 0x21CB2954400
Class: BlockingVolume                                          - Instance: 0x21CB365BC00
Class: DynamicBlockingVolume                                   - Instance: 0x21CB365B800
Class: CullDistanceVolume                                      - Instance: 0x21CB365B400
Class: LevelGridVolume                                         - Instance: 0x21CB365B000
Class: LevelStreamingVolume                                    - Instance: 0x21CB365AC00
Class: LightmassCharacterIndirectDetailVolume                  - Instance: 0x21CB365A800
Class: LightmassImportanceVolume                               - Instance: 0x21CB365A400
Class: MassiveLODOverrideVolume                                - Instance: 0x21CB365A000
Class: PathBlockingVolume                                      - Instance: 0x21CB3659C00
Class: PhysicsVolume                                           - Instance: 0x21CB3659800
Class: DefaultPhysicsVolume                                    - Instance: 0x21CB3659400
Class: GravityVolume                                           - Instance: 0x21CB3659000
Class: PortalVolume                                            - Instance: 0x21CB3658C00
Class: PostProcessVolume                                       - Instance: 0x21CB3658800
Class: PrecomputedVisibilityOverrideVolume                     - Instance: 0x21CB3658400
Class: PrecomputedVisibilityVolume                             - Instance: 0x21CB267BC00
Class: ReverbVolume                                            - Instance: 0x21CB267B800
Class: TriggerVolume                                           - Instance: 0x21CB267B400
Class: DynamicSMActor                                          - Instance: 0x21CB267B000
Class: InterpActor                                             - Instance: 0x21CB267AC00
Class: Emitter                                                 - Instance: 0x21CB267A800
Class: StaticEmitterCollectionActor                            - Instance: 0x21CB267A400
Class: EmitterPool                                             - Instance: 0x21CB267A000
Class: HUD                                                     - Instance: 0x21CB2679C00
Class: AutoTestManager                                         - Instance: 0x21CB2679800
Class: CoverGroup                                              - Instance: 0x21CB2679400
Class: FileWriter                                              - Instance: 0x21CB2679000
Class: FileLog                                                 - Instance: 0x21CB2678C00
Class: GameInfo                                                - Instance: 0x21CB2678800
Class: Mutator                                                 - Instance: 0x21CB2678400
Class: Route                                                   - Instance: 0x21CB3663C00
Class: WindPointSource                                         - Instance: 0x21CB3663800
Class: Keypoint                                                - Instance: 0x21CB3663400
Class: TargetPoint                                             - Instance: 0x21CB3663000
Class: MaterialInstanceActor                                   - Instance: 0x21CB3662C00
Class: MatineeActor                                            - Instance: 0x21CB3662800
Class: NavigationPoint                                         - Instance: 0x21CB3662400
Class: CoverLink                                               - Instance: 0x21CB3661C00
Class: DynamicAnchor                                           - Instance: 0x21CB3661800
Class: LiftCenter                                              - Instance: 0x21CB3661000
Class: LiftExit                                                - Instance: 0x21CB3660800
Class: PathNode                                                - Instance: 0x21CB366BC00
Class: VolumePathNode                                          - Instance: 0x21CB366B400
Class: PlayerStart                                             - Instance: 0x21CB366AC00
Class: PortalMarker                                            - Instance: 0x21CB366A400
Class: Pylon                                                   - Instance: 0x21CB3669C00
Class: AISwitchablePylon                                       - Instance: 0x21CB3669800
Class: DynamicPylon                                            - Instance: 0x21CB3669400
Class: Teleporter                                              - Instance: 0x21CB3669000
Class: Note                                                    - Instance: 0x21CB3668800
Class: RigidBodyBase                                           - Instance: 0x21CB3668400
Class: SceneCaptureActor                                       - Instance: 0x21CB3667C00
Class: SceneCapture2DActor                                     - Instance: 0x21CB3667800
Class: SceneCaptureCubeMapActor                                - Instance: 0x21CB3667400
Class: SceneCaptureReflectActor                                - Instance: 0x21CB3667000
Class: SceneCapturePortalActor                                 - Instance: 0x21CB3666C00
Class: PortalTeleporter                                        - Instance: 0x21CB3666800
Class: StaticMeshActorBase                                     - Instance: 0x21CB3666400
Class: StaticMeshActor                                         - Instance: 0x21CB3666000
Class: StaticMeshCollectionActor                               - Instance: 0x21CB3665C00
Class: StaticMeshActorBasedOnExtremeContent                    - Instance: 0x21CB3665800
Class: Trigger                                                 - Instance: 0x21CB3665400
Class: Trigger_PawnsOnly                                       - Instance: 0x21CB3665000
Class: ActorComponent                                          - Instance: 0x21CB3664C00
Class: AudioComponent                                          - Instance: 0x21CB3664800
Class: SplineAudioComponent                                    - Instance: 0x21CB3664400
Class: MultiCueSplineAudioComponent                            - Instance: 0x21CB2693C00
Class: SimpleSplineAudioComponent                              - Instance: 0x21CB2693800
Class: SimpleSplineNonLoopAudioComponent                       - Instance: 0x21CB2693400
Class: GroupComponent_ORS                                      - Instance: 0x21CB2693000
Class: HeightFogComponent                                      - Instance: 0x21CB2692C00
Class: PrimitiveComponent                                      - Instance: 0x21CB2692400
Class: ArrowComponent                                          - Instance: 0x21CB2692800
Class: BrushComponent                                          - Instance: 0x21CB2692000
Class: CameraConeComponent                                     - Instance: 0x21CB2691C00
Class: CylinderComponent                                       - Instance: 0x21CB2691800
Class: DrawBoxComponent                                        - Instance: 0x21CB2691400
Class: DrawCapsuleComponent                                    - Instance: 0x21CB2691000
Class: DrawConeComponent                                       - Instance: 0x21CB2690C00
Class: DrawCylinderComponent                                   - Instance: 0x21CB2690800
Class: DrawFrustumComponent                                    - Instance: 0x21CB2690400
Class: DrawQuadComponent                                       - Instance: 0x21CB2683C00
Class: DrawSphereComponent                                     - Instance: 0x21CB2683800
Class: DrawPylonRadiusComponent                                - Instance: 0x21CB2683400
Class: DrawSoundRadiusComponent                                - Instance: 0x21CB2683000
Class: LevelGridVolumeRenderingComponent                       - Instance: 0x21CB2682C00
Class: LineBatchComponent                                      - Instance: 0x21CB2682800
Class: ModelComponent                                          - Instance: 0x21CB2682400
Class: SpriteComponent                                         - Instance: 0x21CB2682000
Class: RadialBlurComponent                                     - Instance: 0x21CB2681C00
Class: SceneCaptureComponent                                   - Instance: 0x21CB2681800
Class: SceneCapture2DComponent                                 - Instance: 0x21CB2681400
Class: SceneCapture2DHitMaskComponent                          - Instance: 0x21CB2681000
Class: SceneCaptureCubeMapComponent                            - Instance: 0x21CB2680C00
Class: SceneCapturePortalComponent                             - Instance: 0x21CB2680800
Class: SceneCaptureReflectComponent                            - Instance: 0x21CB2680400
Class: WindDirectionalSourceComponent                          - Instance: 0x21CB26A3C00
Class: WindPointSourceComponent                                - Instance: 0x21CB26A3800
Class: ActorFactory                                            - Instance: 0x21CB26A3400
Class: ActorFactoryActor                                       - Instance: 0x21CB26A3000
Class: ActorFactoryAI                                          - Instance: 0x21CB26A2C00
Class: ActorFactoryAmbientSound                                - Instance: 0x21CB26A2800
Class: ActorFactoryAmbientSoundMovable                         - Instance: 0x21CB26A2400
Class: ActorFactoryAmbientSoundSimple                          - Instance: 0x21CB26A2000
Class: ActorFactoryAmbientSoundNonLoop                         - Instance: 0x21CB26A1C00
Class: ActorFactoryAmbientSoundSimpleToggleable                - Instance: 0x21CB26A1800
Class: ActorFactoryAmbientSoundNonLoopingToggleable            - Instance: 0x21CB26A1400
Class: ActorFactoryApexDestructible                            - Instance: 0x21CB26A1000
Class: ActorFactoryArchetype                                   - Instance: 0x21CB26A0C00
Class: ActorFactoryCoverLink                                   - Instance: 0x21CB26A0800
Class: ActorFactoryDominantDirectionalLight                    - Instance: 0x21CB26A0400
Class: ActorFactoryDominantDirectionalLightMovable             - Instance: 0x21CB2687C00
Class: ActorFactoryDynamicSM                                   - Instance: 0x21CB2687800
Class: ActorFactoryMover                                       - Instance: 0x21CB2687400
Class: ActorFactoryRigidBody                                   - Instance: 0x21CB2687000
Class: ActorFactoryEmitter                                     - Instance: 0x21CB2686C00
Class: ActorFactoryFracturedStaticMesh                         - Instance: 0x21CB2686800
Class: ActorFactoryLensFlare                                   - Instance: 0x21CB2686400
Class: ActorFactoryLight                                       - Instance: 0x21CB2686000
Class: ActorFactoryPathNode                                    - Instance: 0x21CB2685C00
Class: ActorFactoryPhysicsAsset                                - Instance: 0x21CB2685800
Class: ActorFactoryPlayerStart                                 - Instance: 0x21CB2685400
Class: ActorFactoryPylon                                       - Instance: 0x21CB2685000
Class: ActorFactorySkeletalMesh                                - Instance: 0x21CB2684C00
Class: ActorFactoryStaticMesh                                  - Instance: 0x21CB2684800
Class: ActorFactoryTrigger                                     - Instance: 0x21CB2684400
Class: AkBank                                                  - Instance: 0x21CB268FC00
Class: AkBaseSoundObject                                       - Instance: 0x21CB268F800
Class: AkEvent                                                 - Instance: 0x21CB268F400
Class: SoundCue                                                - Instance: 0x21CB268F000
Class: ArchetypePool                                           - Instance: 0x21CB268EC00
Class: BookMark                                                - Instance: 0x21CB268E800
Class: BookMark2D                                              - Instance: 0x21CB268E400
Class: KismetBookMark                                          - Instance: 0x21CB268E000
Class: Canvas                                                  - Instance: 0x21CB268DC00
Class: Channel                                                 - Instance: 0x21CB268D800
Class: ActorChannel                                            - Instance: 0x21CB268D400
Class: ControlChannel                                          - Instance: 0x21CB268D000
Class: FileChannel                                             - Instance: 0x21CB268CC00
Class: VoiceChannel                                            - Instance: 0x21CB268C800
Class: Controller                                              - Instance: 0x21CB269B800
Class: PlayerController                                        - Instance: 0x21CB269BC00
Class: CheatManager                                            - Instance: 0x21CB268C400
Class: Client                                                  - Instance: 0x21CB269B400
Class: ClipPadEntry                                            - Instance: 0x21CB269B000
Class: CloudSaveSystem                                         - Instance: 0x21CB269AC00
Class: CodecMovie                                              - Instance: 0x21CB269A800
Class: CodecMovieBink                                          - Instance: 0x21CB269A400
Class: CodecMovieFallback                                      - Instance: 0x21CB269A000
Class: ControllerLayoutStack                                   - Instance: 0x21CB2699C00
Class: CurveEdPresetCurve                                      - Instance: 0x21CB2699800
Class: CustomPropertyItemHandler                               - Instance: 0x21CB2699400
Class: DateTime                                                - Instance: 0x21CB2699000
Class: DistributionFloatConstant                               - Instance: 0x21CB2698C00
Class: DistributionFloatParameterBase                          - Instance: 0x21CB2698800
Class: DistributionFloatConstantCurve                          - Instance: 0x21CB2698400
Class: DistributionFloatUniform                                - Instance: 0x21CB269FC00
Class: DistributionFloatUniformCurve                           - Instance: 0x21CB269F800
Class: DistributionFloatUniformRange                           - Instance: 0x21CB269F400
Class: DistributionVectorConstant                              - Instance: 0x21CB269F000
Class: DistributionVectorParameterBase                         - Instance: 0x21CB269EC00
Class: DistributionVectorConstantCurveBase                     - Instance: 0x21CB269E800
Class: DistributionVectorConstantCurve                         - Instance: 0x21CB269E400
Class: DistributionVectorUniform                               - Instance: 0x21CB269E000
Class: DistributionVectorUniformCurve                          - Instance: 0x21CB269DC00
Class: DistributionVectorUniformRange                          - Instance: 0x21CB269D800
Class: Download                                                - Instance: 0x21CB269D400
Class: ChannelDownload                                         - Instance: 0x21CB269D000
Class: EdCoordSystem                                           - Instance: 0x21CB269CC00
Class: EditorLinkSelectionInterface                            - Instance: 0x21CB269C800
Class: EngineShare                                             - Instance: 0x21CB269C400
Class: EngineTypes                                             - Instance: 0x21CB26B3C00
Class: FaceFXAnimSet                                           - Instance: 0x21CB26B3800
Class: FaceFXAsset                                             - Instance: 0x21CB26B3400
Class: FeaturePrivilegeErrors                                  - Instance: 0x21CB26B3000
Class: Font                                                    - Instance: 0x21CB26B2C00
Class: MultiFont                                               - Instance: 0x21CB26B2800
Class: FontImportOptions                                       - Instance: 0x21CB26B2400
Class: ForceFeedbackManager                                    - Instance: 0x21CB26B2000
Class: ForceFeedbackWaveform                                   - Instance: 0x21CB26B1C00
Class: GameplayEvents                                          - Instance: 0x21CB26B1800
Class: GameplayEventsReader                                    - Instance: 0x21CB26B1400
Class: GameplayEventsWriterBase                                - Instance: 0x21CB26B1000
Class: GameplayEventsUploadAnalytics                           - Instance: 0x21CB26B0C00
Class: GameplayEventsWriter                                    - Instance: 0x21CB26B0800
Class: GameplayEventsHandler                                   - Instance: 0x21CB26B0400
Class: GenericParamListStatEntry                               - Instance: 0x21CB26A7C00
Class: GuidCache                                               - Instance: 0x21CB26A7800
Class: HttpBaseInterface                                       - Instance: 0x21CB26A7400
Class: HttpRequestInterface                                    - Instance: 0x21CB26A7000
Class: HttpResponseInterface                                   - Instance: 0x21CB26A6C00
Class: IniLocPatcher                                           - Instance: 0x21CB26A6800
Class: Interface_NavigationHandle                              - Instance: 0x21CB26A6400
Class: Interface_Speaker                                       - Instance: 0x21CB26A6000
Class: InterpCurveEdSetup                                      - Instance: 0x21CB26A5C00
Class: InterpTrack                                             - Instance: 0x21CB26A5800
Class: JsonObject                                              - Instance: 0x21CB26A5400
Class: KMeshProps                                              - Instance: 0x21CB26A5000
Class: LevelBase                                               - Instance: 0x21CB26A4C00
Class: Level                                                   - Instance: 0x21CB26A4800
Class: PendingLevel                                            - Instance: 0x21CB26A4400
Class: DemoPlayPendingLevel                                    - Instance: 0x21CB26AFC00
Class: NetPendingLevel                                         - Instance: 0x21CB26AF800
Class: LevelStreaming                                          - Instance: 0x21CB26AF400
Class: LevelStreamingAlwaysLoaded                              - Instance: 0x21CB26AF000
Class: LevelStreamingDistance                                  - Instance: 0x21CB26AEC00
Class: LevelStreamingKismet                                    - Instance: 0x21CB26AE800
Class: LevelStreamingPersistent                                - Instance: 0x21CB26AE400
Class: LightmappedSurfaceCollection                            - Instance: 0x21CB26AE000
Class: LightmassLevelSettings                                  - Instance: 0x21CB26ADC00
Class: LightmassPrimitiveSettingsObject                        - Instance: 0x21CB26AD800
Class: LinkedAccountDetails                                    - Instance: 0x21CB26AD400
Class: MapInfo                                                 - Instance: 0x21CB26AD000
Class: Model                                                   - Instance: 0x21CB26ACC00
Class: MusicTrackDataStructures                                - Instance: 0x21CB26AC800
Class: NavigationMeshBase                                      - Instance: 0x21CB26AC400
Class: NetDriver                                               - Instance: 0x21CB26CB800
Class: DemoRecDriver                                           - Instance: 0x21CB26CB400
Class: NetworkEncryptionKey                                    - Instance: 0x21CB26CAC00
Class: ObjectReferencer                                        - Instance: 0x21CB26CA800
Class: OnlineAuthInterface                                     - Instance: 0x21CB26CA400
Class: OnlineEventTracker                                      - Instance: 0x21CB26CA000
Class: OnlineFriendsInterface                                  - Instance: 0x21CB26C9C00
Class: OnlineLobbySettings                                     - Instance: 0x21CB26C9800
Class: OnlineMatchmakingStats                                  - Instance: 0x21CB26C9400
Class: OnlinePersistentAuthInterface                           - Instance: 0x21CB26C9000
Class: OnlinePlayerStorage                                     - Instance: 0x21CB26C8C00
Class: OnlineProfileSettings                                   - Instance: 0x21CB26C8800
Class: OnlineSessionManager                                    - Instance: 0x21CB26C8400
Class: OnlineStats                                             - Instance: 0x21CB26CFC00
Class: OnlineStatsRead                                         - Instance: 0x21CB26CF800
Class: OnlineStatsWrite                                        - Instance: 0x21CB26CF400
Class: OnlineSubsystem                                         - Instance: 0x21CB26CF000
Class: ORS                                                     - Instance: 0x21CB26CEC00
Class: PackageMapLevel                                         - Instance: 0x21CB26CE800
Class: PackageMapSeekFree                                      - Instance: 0x21CB26CE400
Class: PatchScriptCommandlet                                   - Instance: 0x21CB26CE000
Class: PitchTekSettings                                        - Instance: 0x21CB26CDC00
Class: PlatformAccountSettings                                 - Instance: 0x21CB26CD800
Class: PlatformBlockListStatus                                 - Instance: 0x21CB26CD400
Class: PlatformInterfaceBase                                   - Instance: 0x21CB26CC800
Class: MicroTransactionBase                                    - Instance: 0x21CB26CCC00
Class: MicroTransactionProxy                                   - Instance: 0x21CB26CD000
Class: PlatformURL                                             - Instance: 0x21CB26CC400
Class: Player                                                  - Instance: 0x21CB26C3C00
Class: LocalPlayer                                             - Instance: 0x21CB26C3800
Class: NetConnection                                           - Instance: 0x21CB26C3400
Class: ChildConnection                                         - Instance: 0x21CB26C3000
Class: DemoRecConnection                                       - Instance: 0x21CB26C2C00
Class: Polys                                                   - Instance: 0x21CB26C2800
Class: PostProcessChain                                        - Instance: 0x21CB26C2400
Class: PostProcessEffect                                       - Instance: 0x21CB26C2000
Class: AmbientOcclusionEffect                                  - Instance: 0x21CB26C1C00
Class: BlurEffect                                              - Instance: 0x21CB26C1800
Class: DOFEffect                                               - Instance: 0x21CB26C1400
Class: DOFAndBloomEffect                                       - Instance: 0x21CB26C1000
Class: DOFBloomMotionBlurEffect                                - Instance: 0x21CB26C0C00
Class: UberPostProcessEffect                                   - Instance: 0x21CB26C0800
Class: DwTriovizImplEffect                                     - Instance: 0x21CB26C0400
Class: MaterialEffect                                          - Instance: 0x21CB26C7C00
Class: MotionBlurEffect                                        - Instance: 0x21CB26C7800
Class: PrimitiveComponentFactory                               - Instance: 0x21CB26C7400
Class: MeshComponentFactory                                    - Instance: 0x21CB26C7000
Class: StaticMeshComponentFactory                              - Instance: 0x21CB26C6C00
Class: ProcessReplayCommandlet                                 - Instance: 0x21CB26C6800
Class: ReachSpec                                               - Instance: 0x21CB26C6400
Class: AdvancedReachSpec                                       - Instance: 0x21CB26C6000
Class: CeilingReachSpec                                        - Instance: 0x21CB26C5C00
Class: ForcedReachSpec                                         - Instance: 0x21CB26C5800
Class: CoverSlipReachSpec                                      - Instance: 0x21CB26C5400
Class: FloorToCeilingReachSpec                                 - Instance: 0x21CB26C5000
Class: MantleReachSpec                                         - Instance: 0x21CB26C4C00
Class: SlotToSlotReachSpec                                     - Instance: 0x21CB26C4800
Class: SwatTurnReachSpec                                       - Instance: 0x21CB26C4400
Class: WallTransReachSpec                                      - Instance: 0x21CB26BBC00
Class: ProscribedReachSpec                                     - Instance: 0x21CB26BB800
Class: TeleportReachSpec                                       - Instance: 0x21CB26BB400
Class: SavedMove                                               - Instance: 0x21CB26BB000
Class: SaveGameSummary                                         - Instance: 0x21CB26BAC00
Class: ScriptViewportClient                                    - Instance: 0x21CB26BA800
Class: GameViewportClient                                      - Instance: 0x21CB26BA400
Class: Selection                                               - Instance: 0x21CB26BA000
Class: ServerCommandlet                                        - Instance: 0x21CB26B9C00
Class: Settings                                                - Instance: 0x21CB26B9800
Class: OnlineGameSearch                                        - Instance: 0x21CB26B9400
Class: OnlineGameSettings                                      - Instance: 0x21CB26B9000
Class: ShaderCache                                             - Instance: 0x21CB26B8C00
Class: ShadowMap1D                                             - Instance: 0x21CB26B8800
Class: ShadowMap2D                                             - Instance: 0x21CB26B8400
Class: SmokeTestCommandlet                                     - Instance: 0x21CB26BFC00
Class: SpeechRecognition                                       - Instance: 0x21CB26BF800
Class: StaticMesh                                              - Instance: 0x21CB26BF400
Class: Surface                                                 - Instance: 0x21CB26BEC00
Class: MaterialInterface                                       - Instance: 0x21CB26BF000
Class: RB_BodySetup                                            - Instance: 0x21CB26BE800
Class: FracturedStaticMesh                                     - Instance: 0x21CB26BE400
Class: ParticleSystem                                          - Instance: 0x21CB26BE000
Class: Texture                                                 - Instance: 0x21CB26BD400
Class: Texture2D                                               - Instance: 0x21CB26BD800
Class: LightMapTexture2D                                       - Instance: 0x21CB26BDC00
Class: ShadowMapTexture2D                                      - Instance: 0x21CB26BD000
Class: TickEventBase                                           - Instance: 0x21CB26BCC00
Class: FrameTick                                               - Instance: 0x21CB26BC800
Class: GameTick                                                - Instance: 0x21CB26BC400
Class: TranslationContext                                      - Instance: 0x21CB272FC00
Class: TranslatorTag                                           - Instance: 0x21CB272F800
Class: StringsTag                                              - Instance: 0x21CB272F400
Class: UIRoot                                                  - Instance: 0x21CB272E400
Class: Interaction                                             - Instance: 0x21CB272E800
Class: UIInteraction                                           - Instance: 0x21CB272EC00
Class: UIManager                                               - Instance: 0x21CB272F000
Class: WaveFormBase                                            - Instance: 0x21CB272E000
Class: World                                                   - Instance: 0x21CB272DC00
Class: EnvironmentVolume                                       - Instance: 0x21CB272D400
Class: TestSplittingVolume                                     - Instance: 0x21CB272D000
Class: AIController                                            - Instance: 0x21CB272CC00
Class: CrowdAgentBase                                          - Instance: 0x21CB272C800
Class: CrowdPopulationManagerBase                              - Instance: 0x21CB272C400
Class: PathTargetPoint                                         - Instance: 0x21CB2723C00
Class: NavMeshObstacle                                         - Instance: 0x21CB2723800
Class: PylonSeed                                               - Instance: 0x21CB2723400
Class: CoverGroupRenderingComponent                            - Instance: 0x21CB2723000
Class: MeshComponent                                           - Instance: 0x21CB2722400
Class: StaticMeshComponent                                     - Instance: 0x21CB2722800
Class: CoverMeshComponent                                      - Instance: 0x21CB2722C00
Class: NavMeshRenderingComponent                               - Instance: 0x21CB2722000
Class: PathRenderingComponent                                  - Instance: 0x21CB2721C00
Class: RouteRenderingComponent                                 - Instance: 0x21CB2721800
Class: AICommandBase                                           - Instance: 0x21CB2721400
Class: AutoNavMeshPathObstacleUnregister                       - Instance: 0x21CB2721000
Class: Interface_NavMeshPathObject                             - Instance: 0x21CB2720C00
Class: Interface_NavMeshPathSwitch                             - Instance: 0x21CB2720800
Class: Interface_NavMeshPathObstacle                           - Instance: 0x21CB2720400
Class: Interface_PylonGeometryProvider                         - Instance: 0x21CB271BC00
Class: Interface_RVO                                           - Instance: 0x21CB271B800
Class: NavigationHandle                                        - Instance: 0x21CB271B400
Class: NavMeshGoal_Filter                                      - Instance: 0x21CB271B000
Class: NavMeshGoalFilter_MinPathDistance                       - Instance: 0x21CB271AC00
Class: NavMeshGoalFilter_NotNearOtherAI                        - Instance: 0x21CB271A800
Class: NavMeshGoalFilter_OutOfViewFrom                         - Instance: 0x21CB271A400
Class: NavMeshGoalFilter_OutSideOfDotProductWedge              - Instance: 0x21CB271A000
Class: NavMeshGoalFilter_PolyEncompassesAI                     - Instance: 0x21CB2719C00
Class: NavMeshPathConstraint                                   - Instance: 0x21CB2719800
Class: NavMeshPath_AlongLine                                   - Instance: 0x21CB2719400
Class: NavMeshPath_EnforceTwoWayEdges                          - Instance: 0x21CB2719000
Class: NavMeshPath_MinDistBetweenSpecsOfType                   - Instance: 0x21CB2718C00
Class: NavMeshPath_SameCoverLink                               - Instance: 0x21CB2718800
Class: NavMeshPath_Toward                                      - Instance: 0x21CB2718400
Class: NavMeshPath_WithinDistanceEnvelope                      - Instance: 0x21CB271FC00
Class: NavMeshPath_WithinTraversalDist                         - Instance: 0x21CB271F800
Class: NavMeshPathGoalEvaluator                                - Instance: 0x21CB271F400
Class: NavMeshGoal_At                                          - Instance: 0x21CB271F000
Class: NavMeshGoal_ClosestActorInList                          - Instance: 0x21CB271EC00
Class: NavMeshGoal_GenericFilterContainer                      - Instance: 0x21CB271E800
Class: NavMeshGoal_Null                                        - Instance: 0x21CB271E400
Class: NavMeshGoal_PolyEncompassesAI                           - Instance: 0x21CB271E000
Class: NavMeshGoal_Random                                      - Instance: 0x21CB271DC00
Class: NavMeshGoal_WithinDistanceEnvelope                      - Instance: 0x21CB271D800
Class: PathConstraint                                          - Instance: 0x21CB271D400
Class: Path_AlongLine                                          - Instance: 0x21CB271D000
Class: Path_AvoidInEscapableNodes                              - Instance: 0x21CB271CC00
Class: Path_MinDistBetweenSpecsOfType                          - Instance: 0x21CB271C800
Class: Path_TowardGoal                                         - Instance: 0x21CB271C400
Class: Path_TowardPoint                                        - Instance: 0x21CB2713C00
Class: Path_WithinDistanceEnvelope                             - Instance: 0x21CB2713800
Class: Path_WithinTraversalDist                                - Instance: 0x21CB2713400
Class: PathGoalEvaluator                                       - Instance: 0x21CB2713000
Class: Goal_AtActor                                            - Instance: 0x21CB2712C00
Class: Goal_Null                                               - Instance: 0x21CB2712800
Class: SkeletalMeshActor                                       - Instance: 0x21CB2712400
Class: SkeletalMeshActorBasedOnExtremeContent                  - Instance: 0x21CB2712000
Class: SkeletalMeshActorSpawnable                              - Instance: 0x21CB2711C00
Class: SkeletalMeshCinematicActor                              - Instance: 0x21CB2711800
Class: SkeletalMeshActorMAT                                    - Instance: 0x21CB2711400
Class: HeadTrackingComponent                                   - Instance: 0x21CB2711000
Class: AnimationCompressionAlgorithm                           - Instance: 0x21CB2710C00
Class: AnimationCompressionAlgorithm_Automatic                 - Instance: 0x21CB2710800
Class: AnimationCompressionAlgorithm_BitwiseCompressOnly       - Instance: 0x21CB2710400
Class: AnimationCompressionAlgorithm_LeastDestructive          - Instance: 0x21CB2717C00
Class: AnimationCompressionAlgorithm_RemoveEverySecondKey      - Instance: 0x21CB2717800
Class: AnimationCompressionAlgorithm_RemoveLinearKeys          - Instance: 0x21CB2717400
Class: AnimationCompressionAlgorithm_PerTrackCompression       - Instance: 0x21CB2717000
Class: AnimationCompressionAlgorithm_RemoveTrivialKeys         - Instance: 0x21CB2716C00
Class: AnimationCompressionAlgorithm_RevertToRaw               - Instance: 0x21CB2716800
Class: AnimMetaData                                            - Instance: 0x21CB2716400
Class: AnimMetaData_SkelControl                                - Instance: 0x21CB2716000
Class: AnimMetaData_SkelControlKeyFrame                        - Instance: 0x21CB2715C00
Class: AnimNotify                                              - Instance: 0x21CB2715800
Class: AnimNotify_AkEvent                                      - Instance: 0x21CB2715400
Class: AnimNotify_CameraEffect                                 - Instance: 0x21CB2715000
Class: AnimNotify_ClothingMaxDistanceScale                     - Instance: 0x21CB2714C00
Class: AnimNotify_Footstep                                     - Instance: 0x21CB2714800
Class: AnimNotify_ForceField                                   - Instance: 0x21CB2714400
Class: AnimNotify_Kismet                                       - Instance: 0x21CB270BC00
Class: AnimNotify_PlayParticleEffect                           - Instance: 0x21CB270B800
Class: AnimNotify_Rumble                                       - Instance: 0x21CB270B400
Class: AnimNotify_Script                                       - Instance: 0x21CB270B000
Class: AnimNotify_Scripted                                     - Instance: 0x21CB270AC00
Class: AnimNotify_PawnMaterialParam                            - Instance: 0x21CB270A800
Class: AnimNotify_ViewShake                                    - Instance: 0x21CB270A400
Class: AnimNotify_Sound                                        - Instance: 0x21CB270A000
Class: AnimNotify_Trails                                       - Instance: 0x21CB2709C00
Class: AnimObject                                              - Instance: 0x21CB2709800
Class: AnimNode                                                - Instance: 0x21CB2709400
Class: AnimNodeBlendBase                                       - Instance: 0x21CB2709000
Class: AnimNode_MultiBlendPerBone                              - Instance: 0x21CB2708C00
Class: AnimNodeAimOffset                                       - Instance: 0x21CB2708800
Class: AnimNodeBlend                                           - Instance: 0x21CB2708400
Class: AnimNodeAdditiveBlending                                - Instance: 0x21CB270FC00
Class: AnimNodeBlendPerBone                                    - Instance: 0x21CB270F800
Class: AnimNodeCrossfader                                      - Instance: 0x21CB270F400
Class: AnimNodePlayCustomAnim                                  - Instance: 0x21CB270F000
Class: AnimNodeBlendDirectional                                - Instance: 0x21CB270EC00
Class: AnimNodeBlendList                                       - Instance: 0x21CB270E800
Class: AnimNodeBlendByBase                                     - Instance: 0x21CB270E400
Class: AnimNodeBlendByPhysics                                  - Instance: 0x21CB270E000
Class: AnimNodeBlendByPosture                                  - Instance: 0x21CB270DC00
Class: AnimNodeBlendByProperty                                 - Instance: 0x21CB270D800
Class: AnimNodeBlendBySpeed                                    - Instance: 0x21CB270D400
Class: AnimNodeRandom                                          - Instance: 0x21CB270D000
Class: AnimNodeBlendMultiBone                                  - Instance: 0x21CB270CC00
Class: AnimNodeMirror                                          - Instance: 0x21CB270C800
Class: AnimNodeScalePlayRate                                   - Instance: 0x21CB270C400
Class: AnimNodeScaleRateBySpeed                                - Instance: 0x21CB2707C00
Class: AnimNodeSlot                                            - Instance: 0x21CB2707800
Class: AnimNodeSynch                                           - Instance: 0x21CB2707400
Class: AnimTree                                                - Instance: 0x21CB2707000
Class: AnimNodeSequence                                        - Instance: 0x21CB2706C00
Class: AnimNodeSequenceBlendBase                               - Instance: 0x21CB2706800
Class: AnimNodeSequenceBlendByAim                              - Instance: 0x21CB2706400
Class: AnimNodeFrame                                           - Instance: 0x21CB2706000
Class: MorphNodeBase                                           - Instance: 0x21CB2705C00
Class: MorphNodeMultiPose                                      - Instance: 0x21CB2705800
Class: MorphNodePose                                           - Instance: 0x21CB2705400
Class: MorphNodeWeightBase                                     - Instance: 0x21CB2705000
Class: MorphNodeWeight                                         - Instance: 0x21CB2704C00
Class: MorphNodeWeightByBoneAngle                              - Instance: 0x21CB2704800
Class: MorphNodeWeightByBoneRotation                           - Instance: 0x21CB2704400
Class: SkelControlBase                                         - Instance: 0x21CB26FBC00
Class: SkelControl_CCD_IK                                      - Instance: 0x21CB26FB800
Class: SkelControl_Multiply                                    - Instance: 0x21CB26FB400
Class: SkelControl_TwistBone                                   - Instance: 0x21CB26FB000
Class: SkelControlLimb                                         - Instance: 0x21CB26FAC00
Class: SkelControlFootPlacement                                - Instance: 0x21CB26FA800
Class: SkelControlLookAt                                       - Instance: 0x21CB26FA400
Class: SkelControlSingleBone                                   - Instance: 0x21CB26FA000
Class: SkelControlHandlebars                                   - Instance: 0x21CB26F9C00
Class: SkelControlWheel                                        - Instance: 0x21CB26F9800
Class: SkelControlSpline                                       - Instance: 0x21CB26F9400
Class: SkelControlTrail                                        - Instance: 0x21CB26F9000
Class: AnimSequence                                            - Instance: 0x21CB26F8C00
Class: AnimSet                                                 - Instance: 0x21CB26F8800
Class: MorphTarget                                             - Instance: 0x21CB26F8400
Class: MorphTargetSet                                          - Instance: 0x21CB26FFC00
Class: MorphWeightSequence                                     - Instance: 0x21CB26FF800
Class: DecalActorBase                                          - Instance: 0x21CB26FF400
Class: DecalActor                                              - Instance: 0x21CB26FF000
Class: DecalActorMovable                                       - Instance: 0x21CB26FEC00
Class: DecalManager                                            - Instance: 0x21CB26FE800
Class: DecalComponent                                          - Instance: 0x21CB26FE400
Class: ActorFactoryDecal                                       - Instance: 0x21CB26FDC00
Class: ActorFactoryDecalMovable                                - Instance: 0x21CB26FD800
Class: Material                                                - Instance: 0x21CB26FD000
Class: DecalMaterial                                           - Instance: 0x21CB26FD400
Class: FogVolumeDensityInfo                                    - Instance: 0x21CB26FCC00
Class: FogVolumeConeDensityInfo                                - Instance: 0x21CB26FC800
Class: FogVolumeConstantDensityInfo                            - Instance: 0x21CB26FC400
Class: FogVolumeLinearHalfspaceDensityInfo                     - Instance: 0x21CB26F7C00
Class: FogVolumeSphericalDensityInfo                           - Instance: 0x21CB26F7800
Class: ExponentialHeightFogComponent                           - Instance: 0x21CB26F7400
Class: FogVolumeDensityComponent                               - Instance: 0x21CB26F7000
Class: FogVolumeConeDensityComponent                           - Instance: 0x21CB26F6C00
Class: FogVolumeConstantDensityComponent                       - Instance: 0x21CB26F6800
Class: FogVolumeLinearHalfspaceDensityComponent                - Instance: 0x21CB26F6400
Class: FogVolumeSphericalDensityComponent                      - Instance: 0x21CB26F6000
Class: ActorFactoryFogVolumeConstantDensityInfo                - Instance: 0x21CB26F5C00
Class: ActorFactoryFogVolumeLinearHalfspaceDensityInfo         - Instance: 0x21CB26F5800
Class: ActorFactoryFogVolumeSphericalDensityInfo               - Instance: 0x21CB26F5400
Class: ApexDestructibleActor                                   - Instance: 0x21CB26F5000
Class: FracturedStaticMeshActor                                - Instance: 0x21CB26F4C00
Class: FracturedStaticMeshPart                                 - Instance: 0x21CB26F4800
Class: FractureManager                                         - Instance: 0x21CB26F4400
Class: ImageReflection                                         - Instance: 0x21CB26EBC00
Class: ImageReflectionSceneCapture                             - Instance: 0x21CB26EB800
Class: ImageReflectionShadowPlane                              - Instance: 0x21CB26EB400
Class: ImageReflectionComponent                                - Instance: 0x21CB26EB000
Class: ImageReflectionShadowPlaneComponent                     - Instance: 0x21CB26EAC00
Class: ApexComponentBase                                       - Instance: 0x21CB26EA800
Class: ApexDynamicComponent                                    - Instance: 0x21CB26EA400
Class: ApexStaticComponent                                     - Instance: 0x21CB26EA000
Class: ApexStaticDestructibleComponent                         - Instance: 0x21CB26E9C00
Class: FracturedBaseComponent                                  - Instance: 0x21CB26E9800
Class: FracturedSkinnedMeshComponent                           - Instance: 0x21CB26E9400
Class: FracturedStaticMeshComponent                            - Instance: 0x21CB26E9000
Class: ImageBasedReflectionComponent                           - Instance: 0x21CB26E8C00
Class: InstancedStaticMeshComponent                            - Instance: 0x21CB26E8800
Class: SplineMeshComponent                                     - Instance: 0x21CB26E8400
Class: ApexAsset                                               - Instance: 0x21CB26EFC00
Class: ApexClothingAsset                                       - Instance: 0x21CB26EF800
Class: ApexDestructibleAsset                                   - Instance: 0x21CB26EF400
Class: ApexGenericAsset                                        - Instance: 0x21CB26EF000
Class: InterpFilter                                            - Instance: 0x21CB26EEC00
Class: InterpFilter_Classes                                    - Instance: 0x21CB26EE800
Class: InterpFilter_Custom                                     - Instance: 0x21CB26EE400
Class: InterpGroup                                             - Instance: 0x21CB26EE000
Class: InterpGroupAI                                           - Instance: 0x21CB26EDC00
Class: InterpGroupCamera                                       - Instance: 0x21CB26ED800
Class: InterpGroupDirector                                     - Instance: 0x21CB26ED400
Class: InterpGroupInst                                         - Instance: 0x21CB26ED000
Class: InterpGroupInstAI                                       - Instance: 0x21CB26ECC00
Class: InterpGroupInstCamera                                   - Instance: 0x21CB26EC800
Class: InterpGroupInstDirector                                 - Instance: 0x21CB26EC400
Class: InterpTrackBoolProp                                     - Instance: 0x21CB26E3C00
Class: InterpTrackDirector                                     - Instance: 0x21CB26E3800
Class: InterpTrackEvent                                        - Instance: 0x21CB26E3400
Class: InterpTrackFaceFX                                       - Instance: 0x21CB26E3000
Class: InterpTrackFloatBase                                    - Instance: 0x21CB26E2C00
Class: InterpTrackAnimControl                                  - Instance: 0x21CB26E2800
Class: InterpTrackFade                                         - Instance: 0x21CB26E2400
Class: InterpTrackFloatMaterialParam                           - Instance: 0x21CB26E2000
Class: InterpTrackFloatParticleParam                           - Instance: 0x21CB26E1C00
Class: InterpTrackFloatProp                                    - Instance: 0x21CB26E1800
Class: InterpTrackMorphWeight                                  - Instance: 0x21CB26E1400
Class: InterpTrackMoveAxis                                     - Instance: 0x21CB26E1000
Class: InterpTrackSkelControlScale                             - Instance: 0x21CB26E0C00
Class: InterpTrackSkelControlStrength                          - Instance: 0x21CB26E0800
Class: InterpTrackSlomo                                        - Instance: 0x21CB26E0400
Class: InterpTrackHeadTracking                                 - Instance: 0x21CB26E7C00
Class: InterpTrackLinearColorBase                              - Instance: 0x21CB26E7800
Class: InterpTrackLinearColorProp                              - Instance: 0x21CB26E7400
Class: InterpTrackMove                                         - Instance: 0x21CB26E7000
Class: InterpTrackNotify                                       - Instance: 0x21CB26E6C00
Class: InterpTrackParticleReplay                               - Instance: 0x21CB26E6800
Class: InterpTrackToggle                                       - Instance: 0x21CB26E6400
Class: InterpTrackVectorBase                                   - Instance: 0x21CB26E6000
Class: InterpTrackAudioMaster                                  - Instance: 0x21CB26E5C00
Class: InterpTrackColorProp                                    - Instance: 0x21CB26E5800
Class: InterpTrackColorScale                                   - Instance: 0x21CB26E5400
Class: InterpTrackSound                                        - Instance: 0x21CB26E5000
Class: InterpTrackVectorMaterialParam                          - Instance: 0x21CB26E4C00
Class: InterpTrackVectorProp                                   - Instance: 0x21CB26E4800
Class: InterpTrackVisibility                                   - Instance: 0x21CB26E4400
Class: InterpTrackInst                                         - Instance: 0x21CB26DBC00
Class: InterpTrackInstAnimControl                              - Instance: 0x21CB26DB800
Class: InterpTrackInstAudioMaster                              - Instance: 0x21CB26DB400
Class: InterpTrackInstColorScale                               - Instance: 0x21CB26DB000
Class: InterpTrackInstDirector                                 - Instance: 0x21CB26DAC00
Class: InterpTrackInstEvent                                    - Instance: 0x21CB26DA800
Class: InterpTrackInstFaceFX                                   - Instance: 0x21CB26DA400
Class: InterpTrackInstFade                                     - Instance: 0x21CB26DA000
Class: InterpTrackInstFloatMaterialParam                       - Instance: 0x21CB26D9C00
Class: InterpTrackInstFloatParticleParam                       - Instance: 0x21CB26D9800
Class: InterpTrackInstHeadTracking                             - Instance: 0x21CB26D9400
Class: InterpTrackInstMorphWeight                              - Instance: 0x21CB26D9000
Class: InterpTrackInstMove                                     - Instance: 0x21CB26D8C00
Class: InterpTrackInstNotify                                   - Instance: 0x21CB26D8800
Class: InterpTrackInstParticleReplay                           - Instance: 0x21CB26D8400
Class: InterpTrackInstProperty                                 - Instance: 0x21CB26DFC00
Class: InterpTrackInstBoolProp                                 - Instance: 0x21CB26DF800
Class: InterpTrackInstColorProp                                - Instance: 0x21CB26DF400
Class: InterpTrackInstFloatProp                                - Instance: 0x21CB26DF000
Class: InterpTrackInstLinearColorProp                          - Instance: 0x21CB26DEC00
Class: InterpTrackInstVectorProp                               - Instance: 0x21CB26DE800
Class: InterpTrackInstSkelControlScale                         - Instance: 0x21CB26DE400
Class: InterpTrackInstSkelControlStrength                      - Instance: 0x21CB26DE000
Class: InterpTrackInstSlomo                                    - Instance: 0x21CB26DDC00
Class: InterpTrackInstSound                                    - Instance: 0x21CB26DD800
Class: InterpTrackInstToggle                                   - Instance: 0x21CB26DD400
Class: InterpTrackInstVectorMaterialParam                      - Instance: 0x21CB26DD000
Class: InterpTrackInstVisibility                               - Instance: 0x21CB26DCC00
Class: MaterialExpression                                      - Instance: 0x21CB26DC800
Class: MaterialExpressionAbs                                   - Instance: 0x21CB26DC400
Class: MaterialExpressionActorWorldPosition                    - Instance: 0x21CB283FC00
Class: MaterialExpressionAdd                                   - Instance: 0x21CB283F800
Class: MaterialExpressionAppendVector                          - Instance: 0x21CB283F400
Class: MaterialExpressionAtan                                  - Instance: 0x21CB283F000
Class: MaterialExpressionAtan2                                 - Instance: 0x21CB283EC00
Class: MaterialExpressionBumpOffset                            - Instance: 0x21CB283E800
Class: MaterialExpressionCameraVector                          - Instance: 0x21CB283E400
Class: MaterialExpressionCameraWorldPosition                   - Instance: 0x21CB283E000
Class: MaterialExpressionCeil                                  - Instance: 0x21CB283DC00
Class: MaterialExpressionClamp                                 - Instance: 0x21CB283D800
Class: MaterialExpressionComment                               - Instance: 0x21CB283D400
Class: MaterialExpressionComponentMask                         - Instance: 0x21CB283D000
Class: MaterialExpressionConstant                              - Instance: 0x21CB283CC00
Class: MaterialExpressionConstant2Vector                       - Instance: 0x21CB283C800
Class: MaterialExpressionConstant3Vector                       - Instance: 0x21CB283C400
Class: MaterialExpressionConstant4Vector                       - Instance: 0x21CB2843C00
Class: MaterialExpressionConstantBiasScale                     - Instance: 0x21CB2843800
Class: MaterialExpressionConstantClamp                         - Instance: 0x21CB2843400
Class: MaterialExpressionCosine                                - Instance: 0x21CB2843000
Class: MaterialExpressionCrossProduct                          - Instance: 0x21CB2842C00
Class: MaterialExpressionCustom                                - Instance: 0x21CB2842800
Class: MaterialExpressionCustomTexture                         - Instance: 0x21CB2842400
Class: MaterialExpressionDepthBiasedAlpha                      - Instance: 0x21CB2842000
Class: MaterialExpressionDepthBiasedBlend                      - Instance: 0x21CB2841C00
Class: MaterialExpressionDepthOfFieldFunction                  - Instance: 0x21CB2841800
Class: MaterialExpressionDeriveNormalZ                         - Instance: 0x21CB2841400
Class: MaterialExpressionDesaturation                          - Instance: 0x21CB2841000
Class: MaterialExpressionDestColor                             - Instance: 0x21CB2840C00
Class: MaterialExpressionDestDepth                             - Instance: 0x21CB2840800
Class: MaterialExpressionDistance                              - Instance: 0x21CB2840400
Class: MaterialExpressionDivide                                - Instance: 0x21CB2837C00
Class: MaterialExpressionDotProduct                            - Instance: 0x21CB2837800
Class: MaterialExpressionDynamicParameter                      - Instance: 0x21CB2837400
Class: MaterialExpressionMeshEmitterDynamicParameter           - Instance: 0x21CB2837000
Class: MaterialExpressionEffectsIntensity                      - Instance: 0x21CB2836C00
Class: MaterialExpressionFloor                                 - Instance: 0x21CB2836800
Class: MaterialExpressionFluidNormal                           - Instance: 0x21CB2836400
Class: MaterialExpressionFmod                                  - Instance: 0x21CB2836000
Class: MaterialExpressionFoliageImpulseDirection               - Instance: 0x21CB2835C00
Class: MaterialExpressionFoliageNormalizedRotationAxisAndAngle - Instance: 0x21CB2835800
Class: MaterialExpressionFontSample                            - Instance: 0x21CB2835400
Class: MaterialExpressionFontSampleParameter                   - Instance: 0x21CB2835000
Class: MaterialExpressionFrac                                  - Instance: 0x21CB2834C00
Class: MaterialExpressionFresnel                               - Instance: 0x21CB2834800
Class: MaterialExpressionFunctionInput                         - Instance: 0x21CB2834400
Class: MaterialExpressionFunctionOutput                        - Instance: 0x21CB283BC00
Class: MaterialExpressionGameObjectParameter                   - Instance: 0x21CB283B800
Class: MaterialExpressionGameParameter                         - Instance: 0x21CB283B400
Class: MaterialExpressionIf                                    - Instance: 0x21CB283B000
Class: MaterialExpressionLandscapeLayerBlend                   - Instance: 0x21CB283AC00
Class: MaterialExpressionLensFlareIntensity                    - Instance: 0x21CB283A800
Class: MaterialExpressionLensFlareOcclusion                    - Instance: 0x21CB283A400
Class: MaterialExpressionLensFlareRadialDistance               - Instance: 0x21CB283A000
Class: MaterialExpressionLensFlareRayDistance                  - Instance: 0x21CB2839C00
Class: MaterialExpressionLensFlareSourceDistance               - Instance: 0x21CB2839800
Class: MaterialExpressionLightmapUVs                           - Instance: 0x21CB2839400
Class: MaterialExpressionLightmassReplace                      - Instance: 0x21CB2839000
Class: MaterialExpressionLightVector                           - Instance: 0x21CB2838C00
Class: MaterialExpressionLinearInterpolate                     - Instance: 0x21CB2838800
Class: MaterialExpressionMaterialFunctionCall                  - Instance: 0x21CB2838400
Class: MaterialExpressionMax                                   - Instance: 0x21CB282FC00
Class: MaterialExpressionMeshEmitterVertexColor                - Instance: 0x21CB282F800
Class: MaterialExpressionMin                                   - Instance: 0x21CB282F400
Class: MaterialExpressionMultiply                              - Instance: 0x21CB282F000
Class: MaterialExpressionMusicAnalysisParameter                - Instance: 0x21CB282EC00
Class: MaterialExpressionNormalize                             - Instance: 0x21CB282E800
Class: MaterialExpressionObjectOrientation                     - Instance: 0x21CB282E400
Class: MaterialExpressionObjectRadius                          - Instance: 0x21CB282E000
Class: MaterialExpressionObjectWorldPosition                   - Instance: 0x21CB282DC00
Class: MaterialExpressionOcclusionPercentage                   - Instance: 0x21CB282D800
Class: MaterialExpressionOneMinus                              - Instance: 0x21CB282D400
Class: MaterialExpressionPanner                                - Instance: 0x21CB282D000
Class: MaterialExpressionParameter                             - Instance: 0x21CB282CC00
Class: MaterialExpressionScalarParameter                       - Instance: 0x21CB282C800
Class: MaterialExpressionStaticBoolParameter                   - Instance: 0x21CB282C400
Class: MaterialExpressionStaticSwitchParameter                 - Instance: 0x21CB2833C00
Class: MaterialExpressionStaticComponentMaskParameter          - Instance: 0x21CB2833800
Class: MaterialExpressionVectorParameter                       - Instance: 0x21CB2833400
Class: MaterialExpressionVectorParameterReference              - Instance: 0x21CB2833000
Class: MaterialExpressionParticleMacroUV                       - Instance: 0x21CB2832C00
Class: MaterialExpressionPerInstanceRandom                     - Instance: 0x21CB2832800
Class: MaterialExpressionPitchTekTextureSample                 - Instance: 0x21CB2832400
Class: MaterialExpressionPixelDepth                            - Instance: 0x21CB2832000
Class: MaterialExpressionPower                                 - Instance: 0x21CB2831C00
Class: MaterialExpressionQualitySwitch                         - Instance: 0x21CB2831800
Class: MaterialExpressionReflectionVector                      - Instance: 0x21CB2831400
Class: MaterialExpressionRotateAboutAxis                       - Instance: 0x21CB2831000
Class: MaterialExpressionRotator                               - Instance: 0x21CB2830C00
Class: MaterialExpressionSceneDepth                            - Instance: 0x21CB2830800
Class: MaterialExpressionSceneTexture                          - Instance: 0x21CB2830400
Class: MaterialExpressionScreenPosition                        - Instance: 0x21CB282BC00
Class: MaterialExpressionScreenSize                            - Instance: 0x21CB282B800
Class: MaterialExpressionSine                                  - Instance: 0x21CB282B400
Class: MaterialExpressionSphereMask                            - Instance: 0x21CB282B000
Class: MaterialExpressionSquareRoot                            - Instance: 0x21CB282AC00
Class: MaterialExpressionStaticBool                            - Instance: 0x21CB282A800
Class: MaterialExpressionStaticSwitch                          - Instance: 0x21CB282A400
Class: MaterialExpressionSubtract                              - Instance: 0x21CB282A000
Class: MaterialExpressionTerrainLayerCoords                    - Instance: 0x21CB2829C00
Class: MaterialExpressionTerrainLayerSwitch                    - Instance: 0x21CB2829800
Class: MaterialExpressionTerrainLayerWeight                    - Instance: 0x21CB2829400
Class: MaterialExpressionTexelSize                             - Instance: 0x21CB2829000
Class: MaterialExpressionTextureCoordinate                     - Instance: 0x21CB2828C00
Class: MaterialExpressionTextureObject                         - Instance: 0x21CB2828800
Class: MaterialExpressionTextureSample                         - Instance: 0x21CB2828400
Class: MaterialExpressionDepthBiasBlend                        - Instance: 0x21CB281FC00
Class: MaterialExpressionFlipBookSample                        - Instance: 0x21CB281F800
Class: MaterialExpressionMeshSubUV                             - Instance: 0x21CB281F400
Class: MaterialExpressionMeshSubUVBlend                        - Instance: 0x21CB281F000
Class: MaterialExpressionParticleSubUV                         - Instance: 0x21CB281EC00
Class: MaterialExpressionTextureSampleParameter                - Instance: 0x21CB281E800
Class: MaterialExpressionTextureObjectParameter                - Instance: 0x21CB281E400
Class: MaterialExpressionTextureSampleParameter2D              - Instance: 0x21CB281E000
Class: MaterialExpressionAntialiasedTextureMask                - Instance: 0x21CB281DC00
Class: MaterialExpressionTextureSampleParameterFlipbook        - Instance: 0x21CB281D800
Class: MaterialExpressionTextureSampleParameterMeshSubUV       - Instance: 0x21CB281D400
Class: MaterialExpressionTextureSampleParameterMeshSubUVBlend  - Instance: 0x21CB281D000
Class: MaterialExpressionTextureSampleParameterSubUV           - Instance: 0x21CB281CC00
Class: MaterialExpressionTextureSampleParameterCube            - Instance: 0x21CB281C800
Class: MaterialExpressionTextureSampleParameterMovie           - Instance: 0x21CB281C400
Class: MaterialExpressionTextureSampleParameterNormal          - Instance: 0x21CB2823C00
Class: MaterialExpressionTime                                  - Instance: 0x21CB2823800
Class: MaterialExpressionTransform                             - Instance: 0x21CB2823400
Class: MaterialExpressionTransformPosition                     - Instance: 0x21CB2823000
Class: MaterialExpressionTwoSidedSign                          - Instance: 0x21CB2822C00
Class: MaterialExpressionVertexColor                           - Instance: 0x21CB2822800
Class: MaterialExpressionWindDirectionAndSpeed                 - Instance: 0x21CB2822400
Class: MaterialExpressionWorldNormal                           - Instance: 0x21CB2822000
Class: MaterialExpressionWorldPosition                         - Instance: 0x21CB2821C00
Class: MaterialFunction                                        - Instance: 0x21CB2821800
Class: MaterialInstance                                        - Instance: 0x21CB2821400
Class: MaterialInstanceConstant                                - Instance: 0x21CB2821000
Class: LandscapeMaterialInstanceConstant                       - Instance: 0x21CB2820C00
Class: MaterialInstanceTimeVarying                             - Instance: 0x21CB2820800
Class: EmitterCameraLensEffectBase                             - Instance: 0x21CB2820400
Class: ParticleEventManager                                    - Instance: 0x21CB2817C00
Class: ParticleSystemComponent                                 - Instance: 0x21CB2817800
Class: DistributionFloatParticleParameter                      - Instance: 0x21CB2817000
Class: DistributionVectorParticleParameter                     - Instance: 0x21CB2816C00
Class: DistributionVectorConstantCurveParticleParameter        - Instance: 0x21CB2816800
Class: ParticleEmitter                                         - Instance: 0x21CB2816400
Class: ParticleSpriteEmitter                                   - Instance: 0x21CB2816000
Class: ParticleLODLevel                                        - Instance: 0x21CB2815C00
Class: ParticleModule                                          - Instance: 0x21CB2815800
Class: ParticleModuleAccelerationBase                          - Instance: 0x21CB2815400
Class: ParticleModuleAcceleration                              - Instance: 0x21CB2815000
Class: ParticleModuleAccelerationOverLifetime                  - Instance: 0x21CB2814C00
Class: ParticleModuleAttractorBase                             - Instance: 0x21CB2814800
Class: ParticleModuleAttractorBoneSocket                       - Instance: 0x21CB2814400
Class: ParticleModuleAttractorLine                             - Instance: 0x21CB281BC00
Class: ParticleModuleAttractorParticle                         - Instance: 0x21CB281B800
Class: ParticleModuleAttractorPoint                            - Instance: 0x21CB281B400
Class: ParticleModuleAttractorSkelVertSurface                  - Instance: 0x21CB281B000
Class: ParticleModuleBeamBase                                  - Instance: 0x21CB281AC00
Class: ParticleModuleBeamModifier                              - Instance: 0x21CB281A800
Class: ParticleModuleBeamNoise                                 - Instance: 0x21CB281A400
Class: ParticleModuleBeamSource                                - Instance: 0x21CB281A000
Class: ParticleModuleBeamTarget                                - Instance: 0x21CB2819C00
Class: ParticleModuleCameraBase                                - Instance: 0x21CB2819800
Class: ParticleModuleCameraOffset                              - Instance: 0x21CB2819400
Class: ParticleModuleCollisionBase                             - Instance: 0x21CB2819000
Class: ParticleModuleCollision                                 - Instance: 0x21CB2818C00
Class: ParticleModuleCollisionActor                            - Instance: 0x21CB2818800
Class: ParticleModuleColorBase                                 - Instance: 0x21CB2818400
Class: ParticleModuleColor                                     - Instance: 0x21CB280FC00
Class: ParticleModuleColor_Seeded                              - Instance: 0x21CB280F800
Class: ParticleModuleColorByParameter                          - Instance: 0x21CB280F400
Class: ParticleModuleColorOverLife                             - Instance: 0x21CB280F000
Class: ParticleModuleColorScaleOverDensity                     - Instance: 0x21CB280EC00
Class: ParticleModuleColorScaleOverLife                        - Instance: 0x21CB280E800
Class: ParticleModuleEventBase                                 - Instance: 0x21CB280E400
Class: ParticleModuleEventGenerator                            - Instance: 0x21CB280E000
Class: ParticleModuleEventReceiverBase                         - Instance: 0x21CB280DC00
Class: ParticleModuleEventReceiverKillParticles                - Instance: 0x21CB280D800
Class: ParticleModuleEventReceiverSpawn                        - Instance: 0x21CB280D400
Class: ParticleModuleKillBase                                  - Instance: 0x21CB280D000
Class: ParticleModuleKillBox                                   - Instance: 0x21CB280CC00
Class: ParticleModuleKillHeight                                - Instance: 0x21CB280C800
Class: ParticleModuleLifetimeBase                              - Instance: 0x21CB280C400
Class: ParticleModuleLifetime                                  - Instance: 0x21CB2813C00
Class: ParticleModuleLifetime_Seeded                           - Instance: 0x21CB2813800
Class: ParticleModuleLocationBase                              - Instance: 0x21CB2813400
Class: ParticleModuleLocation                                  - Instance: 0x21CB2813000
Class: ParticleModuleLocation_Seeded                           - Instance: 0x21CB2812C00
Class: ParticleModuleLocationWorldOffset                       - Instance: 0x21CB2812800
Class: ParticleModuleLocationWorldOffset_Seeded                - Instance: 0x21CB2812400
Class: ParticleModuleLocationBoneSocket                        - Instance: 0x21CB2812000
Class: ParticleModuleLocationDirect                            - Instance: 0x21CB2811C00
Class: ParticleModuleLocationEmitter                           - Instance: 0x21CB2811800
Class: ParticleModuleLocationEmitterDirect                     - Instance: 0x21CB2811400
Class: ParticleModuleLocationPrimitiveBase                     - Instance: 0x21CB2811000
Class: ParticleModuleLocationPrimitiveCylinder                 - Instance: 0x21CB2810C00
Class: ParticleModuleLocationPrimitiveCylinder_Seeded          - Instance: 0x21CB2810800
Class: ParticleModuleLocationPrimitiveSphere                   - Instance: 0x21CB2810400
Class: ParticleModuleLocationPrimitiveSphere_Seeded            - Instance: 0x21CB2807C00
Class: ParticleModuleLocationSkelVertSurface                   - Instance: 0x21CB2807800
Class: ParticleModuleLocationStaticVertSurface                 - Instance: 0x21CB2807400
Class: ParticleModuleSourceMovement                            - Instance: 0x21CB2807000
Class: ParticleModuleMaterialBase                              - Instance: 0x21CB2806C00
Class: ParticleModuleMaterialByParameter                       - Instance: 0x21CB2806800
Class: ParticleModuleMeshMaterial                              - Instance: 0x21CB2806400
Class: ParticleModuleOrbitBase                                 - Instance: 0x21CB2806000
Class: ParticleModuleOrbit                                     - Instance: 0x21CB2805C00
Class: ParticleModuleOrientationBase                           - Instance: 0x21CB2805800
Class: ParticleModuleOrientationAxisLock                       - Instance: 0x21CB2805400
Class: ParticleModuleParameterBase                             - Instance: 0x21CB2805000
Class: ParticleModuleParameterDynamic                          - Instance: 0x21CB2804C00
Class: ParticleModuleParameterDynamic_Seeded                   - Instance: 0x21CB2804800
Class: ParticleModuleRequired                                  - Instance: 0x21CB2804400
Class: ParticleModuleRotationBase                              - Instance: 0x21CB280BC00
Class: ParticleModuleMeshRotation                              - Instance: 0x21CB280B800
Class: ParticleModuleMeshRotation_Seeded                       - Instance: 0x21CB280B400
Class: ParticleModuleRotation                                  - Instance: 0x21CB280B000
Class: ParticleModuleRotation_Seeded                           - Instance: 0x21CB280AC00
Class: ParticleModuleRotationOverLifetime                      - Instance: 0x21CB280A800
Class: ParticleModuleRotationRateBase                          - Instance: 0x21CB280A400
Class: ParticleModuleMeshRotationRate                          - Instance: 0x21CB280A000
Class: ParticleModuleMeshRotationRate_Seeded                   - Instance: 0x21CB2809C00
Class: ParticleModuleMeshRotationRateMultiplyLife              - Instance: 0x21CB2809800
Class: ParticleModuleMeshRotationRateOverLife                  - Instance: 0x21CB2809400
Class: ParticleModuleRotationRate                              - Instance: 0x21CB2809000
Class: ParticleModuleRotationRate_Seeded                       - Instance: 0x21CB2808C00
Class: ParticleModuleRotationRateMultiplyLife                  - Instance: 0x21CB2808800
Class: ParticleModuleSizeBase                                  - Instance: 0x21CB2808400
Class: ParticleModuleSize                                      - Instance: 0x21CB27FFC00
Class: ParticleModuleSize_Seeded                               - Instance: 0x21CB27FF800
Class: ParticleModuleSizeMultiplyLife                          - Instance: 0x21CB27FF400
Class: ParticleModuleSizeMultiplyVelocity                      - Instance: 0x21CB27FF000
Class: ParticleModuleSizeScale                                 - Instance: 0x21CB27FEC00
Class: ParticleModuleSizeScaleByTime                           - Instance: 0x21CB27FE800
Class: ParticleModuleSizeScaleOverDensity                      - Instance: 0x21CB27FE400
Class: ParticleModuleSpawnBase                                 - Instance: 0x21CB27FE000
Class: ParticleModuleSpawn                                     - Instance: 0x21CB27FDC00
Class: ParticleModuleSpawnPerUnit                              - Instance: 0x21CB27FD800
Class: ParticleModuleStoreSpawnTimeBase                        - Instance: 0x21CB27FD400
Class: ParticleModuleStoreSpawnTime                            - Instance: 0x21CB27FD000
Class: ParticleModuleSubUVBase                                 - Instance: 0x21CB27FCC00
Class: ParticleModuleSubUV                                     - Instance: 0x21CB27FC800
Class: ParticleModuleSubUVMovie                                - Instance: 0x21CB27FC400
Class: ParticleModuleSubUVDirect                               - Instance: 0x21CB2803C00
Class: ParticleModuleSubUVSelect                               - Instance: 0x21CB2803800
Class: ParticleModuleTrailBase                                 - Instance: 0x21CB2803400
Class: ParticleModuleTrailSource                               - Instance: 0x21CB2803000
Class: ParticleModuleTrailSpawn                                - Instance: 0x21CB2802C00
Class: ParticleModuleTrailTaper                                - Instance: 0x21CB2802800
Class: ParticleModuleTypeDataBase                              - Instance: 0x21CB2802400
Class: ParticleModuleTypeDataAnimTrail                         - Instance: 0x21CB2802000
Class: ParticleModuleTypeDataApex                              - Instance: 0x21CB2801C00
Class: ParticleModuleTypeDataBeam                              - Instance: 0x21CB2801800
Class: ParticleModuleTypeDataBeam2                             - Instance: 0x21CB2801400
Class: ParticleModuleTypeDataMesh                              - Instance: 0x21CB2801000
Class: ParticleModuleTypeDataMeshPhysX                         - Instance: 0x21CB2800C00
Class: ParticleModuleTypeDataPhysX                             - Instance: 0x21CB2800800
Class: ParticleModuleTypeDataRibbon                            - Instance: 0x21CB2800400
Class: ParticleModuleTypeDataTrail                             - Instance: 0x21CB27FBC00
Class: ParticleModuleTypeDataTrail2                            - Instance: 0x21CB27FB800
Class: ParticleModuleUberBase                                  - Instance: 0x21CB27FB400
Class: ParticleModuleUberLTISIVCL                              - Instance: 0x21CB27FB000
Class: ParticleModuleUberLTISIVCLIL                            - Instance: 0x21CB27FAC00
Class: ParticleModuleUberLTISIVCLILIRSSBLIRR                   - Instance: 0x21CB27FA800
Class: ParticleModuleUberRainDrops                             - Instance: 0x21CB27FA400
Class: ParticleModuleUberRainImpacts                           - Instance: 0x21CB27FA000
Class: ParticleModuleUberRainSplashA                           - Instance: 0x21CB27F9C00
Class: ParticleModuleUberRainSplashB                           - Instance: 0x21CB27F9800
Class: ParticleModuleVelocityBase                              - Instance: 0x21CB27F9400
Class: ParticleModuleVelocity                                  - Instance: 0x21CB27F9000
Class: ParticleModuleVelocity_Seeded                           - Instance: 0x21CB27F8C00
Class: ParticleModuleVelocityCone                              - Instance: 0x21CB27F8800
Class: ParticleModuleVelocityInheritParent                     - Instance: 0x21CB27F8400
Class: ParticleModuleVelocityOverLifetime                      - Instance: 0x21CB27EFC00
Class: ParticleModuleWorldForcesBase                           - Instance: 0x21CB27EF800
Class: ParticleModulePhysicsVolumes                            - Instance: 0x21CB27EF400
Class: ParticleModuleWorldAttractor                            - Instance: 0x21CB27EF000
Class: ParticleModuleEventSendToGame                           - Instance: 0x21CB27EEC00
Class: ParticleSystemReplay                                    - Instance: 0x21CB27EE800
Class: PhysXParticleSystem                                     - Instance: 0x21CB27EE400
Class: KActor                                                  - Instance: 0x21CB27EE000
Class: KActorFromStatic                                        - Instance: 0x21CB27ED800
Class: KActorSpawnable                                         - Instance: 0x21CB27ED000
Class: KAsset                                                  - Instance: 0x21CB27EC800
Class: RB_ConstraintActor                                      - Instance: 0x21CB27EC400
Class: RB_LineImpulseActor                                     - Instance: 0x21CB27F3C00
Class: RB_RadialImpulseActor                                   - Instance: 0x21CB27F3800
Class: RB_Thruster                                             - Instance: 0x21CB27F3400
Class: WorldAttractor                                          - Instance: 0x21CB27F3000
Class: RB_ConstraintDrawComponent                              - Instance: 0x21CB27F2C00
Class: RB_RadialImpulseComponent                               - Instance: 0x21CB27F2800
Class: RB_Handle                                               - Instance: 0x21CB27F2400
Class: RB_Spring                                               - Instance: 0x21CB27F2000
Class: ActorFactoryApexClothing                                - Instance: 0x21CB27F1C00
Class: ApexDestructibleDamageParameters                        - Instance: 0x21CB27F1800
Class: FractureMaterial                                        - Instance: 0x21CB27F1400
Class: PhysicalMaterial                                        - Instance: 0x21CB27F1000
Class: PhysicalMaterialPropertyBase                            - Instance: 0x21CB27F0C00
Class: PhysicsAsset                                            - Instance: 0x21CB27F0800
Class: PhysicsAssetInstance                                    - Instance: 0x21CB27F0400
Class: PhysicsLODVerticalEmitter                               - Instance: 0x21CB27EBC00
Class: RB_BodyInstance                                         - Instance: 0x21CB27EB800
Class: RB_ConstraintInstance                                   - Instance: 0x21CB27EB400
Class: RB_ConstraintSetup                                      - Instance: 0x21CB27EB000
Class: RB_BSJointSetup                                         - Instance: 0x21CB27EAC00
Class: RB_DistanceJointSetup                                   - Instance: 0x21CB27EA800
Class: RB_HingeSetup                                           - Instance: 0x21CB27EA400
Class: RB_PrismaticSetup                                       - Instance: 0x21CB27EA000
Class: RB_PulleyJointSetup                                     - Instance: 0x21CB27E9C00
Class: RB_SkelJointSetup                                       - Instance: 0x21CB27E9800
Class: RB_StayUprightSetup                                     - Instance: 0x21CB27E9400
Class: NxGenericForceFieldBrush                                - Instance: 0x21CB27E9000
Class: RB_ForceFieldExcludeVolume                              - Instance: 0x21CB27E8800
Class: NxForceField                                            - Instance: 0x21CB27E8400
Class: NxCylindricalForceField                                 - Instance: 0x21CB27E3C00
Class: NxCylindricalForceFieldCapsule                          - Instance: 0x21CB27E3800
Class: NxForceFieldGeneric                                     - Instance: 0x21CB27E3400
Class: NxForceFieldRadial                                      - Instance: 0x21CB27E3000
Class: NxForceFieldTornado                                     - Instance: 0x21CB27E2C00
Class: NxGenericForceField                                     - Instance: 0x21CB27E2800
Class: NxGenericForceFieldBox                                  - Instance: 0x21CB27E2400
Class: NxGenericForceFieldCapsule                              - Instance: 0x21CB27E2000
Class: NxRadialForceField                                      - Instance: 0x21CB27E1C00
Class: NxRadialCustomForceField                                - Instance: 0x21CB27E1800
Class: NxTornadoAngularForceField                              - Instance: 0x21CB27E1400
Class: NxTornadoAngularForceFieldCapsule                       - Instance: 0x21CB27E1000
Class: NxTornadoForceField                                     - Instance: 0x21CB27E0C00
Class: NxTornadoForceFieldCapsule                              - Instance: 0x21CB27E0800
Class: NxForceFieldSpawnable                                   - Instance: 0x21CB27E0400
Class: RB_CylindricalForceActor                                - Instance: 0x21CB27D7C00
Class: RB_RadialForceActor                                     - Instance: 0x21CB27D7800
Class: NxForceFieldComponent                                   - Instance: 0x21CB27D7400
Class: NxForceFieldCylindricalComponent                        - Instance: 0x21CB27D7000
Class: NxForceFieldGenericComponent                            - Instance: 0x21CB27D6C00
Class: NxForceFieldRadialComponent                             - Instance: 0x21CB27D6800
Class: NxForceFieldTornadoComponent                            - Instance: 0x21CB27D6400
Class: ForceFieldShape                                         - Instance: 0x21CB27D6000
Class: ForceFieldShapeBox                                      - Instance: 0x21CB27D5C00
Class: ForceFieldShapeCapsule                                  - Instance: 0x21CB27D5800
Class: ForceFieldShapeSphere                                   - Instance: 0x21CB27D5400
Class: PrefabInstance                                          - Instance: 0x21CB27D5000
Class: Prefab                                                  - Instance: 0x21CB27D4C00
Class: SequenceObject                                          - Instance: 0x21CB27D4800
Class: SequenceFrame                                           - Instance: 0x21CB27D4400
Class: SequenceFrameWrapped                                    - Instance: 0x21CB27DBC00
Class: SequenceOp                                              - Instance: 0x21CB27DB800
Class: Sequence                                                - Instance: 0x21CB27DB400
Class: PrefabSequence                                          - Instance: 0x21CB27DB000
Class: PrefabSequenceContainer                                 - Instance: 0x21CB27DAC00
Class: SequenceAction                                          - Instance: 0x21CB27DA800
Class: SeqAct_ActivateRemoteEvent                              - Instance: 0x21CB27DA400
Class: SeqAct_AndGate                                          - Instance: 0x21CB27DA000
Class: SeqAct_ApplySoundNode                                   - Instance: 0x21CB27D9C00
Class: SeqAct_AttachToEvent                                    - Instance: 0x21CB27D9800
Class: SeqAct_CameraFade                                       - Instance: 0x21CB27D9400
Class: SeqAct_CameraLookAt                                     - Instance: 0x21CB27D9000
Class: SeqAct_CameraShake                                      - Instance: 0x21CB27D8C00
Class: SeqAct_ChangeCollision                                  - Instance: 0x21CB27D8800
Class: SeqAct_CommitMapChange                                  - Instance: 0x21CB27D8400
Class: SeqAct_ConvertToString                                  - Instance: 0x21CB27D3C00
Class: SeqAct_DrawText                                         - Instance: 0x21CB27D3800
Class: SeqAct_FinishSequence                                   - Instance: 0x21CB27D3400
Class: SeqAct_Gate                                             - Instance: 0x21CB27D3000
Class: SeqAct_GetDistance                                      - Instance: 0x21CB27D2C00
Class: SeqAct_GetLocationAndRotation                           - Instance: 0x21CB27D2800
Class: SeqAct_GetProperty                                      - Instance: 0x21CB27D2400
Class: SeqAct_GetVectorComponents                              - Instance: 0x21CB27D2000
Class: SeqAct_GetVelocity                                      - Instance: 0x21CB27D1C00
Class: SeqAct_HeadTrackingControl                              - Instance: 0x21CB27D1800
Class: SeqAct_IsInObjectList                                   - Instance: 0x21CB27D1400
Class: SeqAct_Latent                                           - Instance: 0x21CB27D1000
Class: SeqAct_ActorFactory                                     - Instance: 0x21CB27D0C00
Class: SeqAct_ActorFactoryEx                                   - Instance: 0x21CB27D0800
Class: SeqAct_AIMoveToActor                                    - Instance: 0x21CB27D0400
Class: SeqAct_Delay                                            - Instance: 0x21CB27C7C00
Class: SeqAct_DelaySwitch                                      - Instance: 0x21CB27C7800
Class: SeqAct_ForceGarbageCollection                           - Instance: 0x21CB27C7400
Class: SeqAct_Interp                                           - Instance: 0x21CB27C7000
Class: SeqAct_LevelStreamingBase                               - Instance: 0x21CB27C6C00
Class: SeqAct_LevelStreaming                                   - Instance: 0x21CB27C6800
Class: SeqAct_MultiLevelStreaming                              - Instance: 0x21CB27C6400
Class: SeqAct_LevelVisibility                                  - Instance: 0x21CB27C6000
Class: SeqAct_PlaySound                                        - Instance: 0x21CB27C5C00
Class: SeqAct_PrepareMapChange                                 - Instance: 0x21CB27C5800
Class: SeqAct_SetDOFParams                                     - Instance: 0x21CB27C5400
Class: SeqAct_SetMotionBlurParams                              - Instance: 0x21CB27C5000
Class: SeqAct_StreamInTextures                                 - Instance: 0x21CB27C4C00
Class: SeqAct_WaitForLevelsVisible                             - Instance: 0x21CB27C4800
Class: SeqAct_Log                                              - Instance: 0x21CB27C4400
Class: SeqAct_FeatureTest                                      - Instance: 0x21CB27BFC00
Class: SeqAct_ModifyCover                                      - Instance: 0x21CB27BF800
Class: SeqAct_ParticleEventGenerator                           - Instance: 0x21CB27BF400
Class: SeqAct_PlayCameraAnim                                   - Instance: 0x21CB27BF000
Class: SeqAct_PlayFaceFXAnim                                   - Instance: 0x21CB27BEC00
Class: SeqAct_PlayMusicTrack                                   - Instance: 0x21CB27BE800
Class: SeqAct_Possess                                          - Instance: 0x21CB27BE400
Class: SeqAct_RangeSwitch                                      - Instance: 0x21CB27BE000
Class: SeqAct_SetActiveAnimChild                               - Instance: 0x21CB27BDC00
Class: SeqAct_SetApexClothingParam                             - Instance: 0x21CB27BD800
Class: SeqAct_SetBlockRigidBody                                - Instance: 0x21CB27BD400
Class: SeqAct_SetCameraTarget                                  - Instance: 0x21CB27BD000
Class: SeqAct_SetMaterial                                      - Instance: 0x21CB27BCC00
Class: SeqAct_SetMatInstScalarParam                            - Instance: 0x21CB27BC800
Class: SeqAct_SetMesh                                          - Instance: 0x21CB27BC400
Class: SeqAct_SetPhysics                                       - Instance: 0x21CB27C3C00
Class: SeqAct_SetRigidBodyIgnoreVehicles                       - Instance: 0x21CB27C3800
Class: SeqAct_SetSequenceVariable                              - Instance: 0x21CB27C3400
Class: SeqAct_AccessObjectList                                 - Instance: 0x21CB27C3000
Class: SeqAct_AddFloat                                         - Instance: 0x21CB27C2C00
Class: SeqAct_AddInt                                           - Instance: 0x21CB27C2800
Class: SeqAct_CastToFloat                                      - Instance: 0x21CB27C2400
Class: SeqAct_CastToInt                                        - Instance: 0x21CB27C2000
Class: SeqAct_DivideFloat                                      - Instance: 0x21CB27C1C00
Class: SeqAct_DivideInt                                        - Instance: 0x21CB27C1800
Class: SeqAct_ModifyObjectList                                 - Instance: 0x21CB27C1400
Class: SeqAct_MultiplyFloat                                    - Instance: 0x21CB27C1000
Class: SeqAct_MultiplyInt                                      - Instance: 0x21CB27C0C00
Class: SeqAct_SetBool                                          - Instance: 0x21CB27C0800
Class: SeqAct_SetFloat                                         - Instance: 0x21CB27C0400
Class: SeqAct_SetInt                                           - Instance: 0x21CB27B7C00
Class: SeqAct_SetLocation                                      - Instance: 0x21CB27B7800
Class: SeqAct_SetObject                                        - Instance: 0x21CB27B7400
Class: SeqAct_SetString                                        - Instance: 0x21CB27B7000
Class: SeqAct_SubtractFloat                                    - Instance: 0x21CB27B6C00
Class: SeqAct_SubtractInt                                      - Instance: 0x21CB27B6800
Class: SeqAct_SetVectorComponents                              - Instance: 0x21CB27B6400
Class: SeqAct_SetWorldAttractorParam                           - Instance: 0x21CB27B6000
Class: SeqAct_Switch                                           - Instance: 0x21CB27B5C00
Class: SeqAct_RandomSwitch                                     - Instance: 0x21CB27B5800
Class: SeqAct_Timer                                            - Instance: 0x21CB27B5400
Class: SeqAct_Toggle                                           - Instance: 0x21CB27B5000
Class: SeqAct_Trace                                            - Instance: 0x21CB27B4C00
Class: SequenceCondition                                       - Instance: 0x21CB27B4800
Class: SeqCond_CompareBool                                     - Instance: 0x21CB27B4400
Class: SeqCond_CompareFloat                                    - Instance: 0x21CB27AFC00
Class: SeqCond_CompareInt                                      - Instance: 0x21CB27AF800
Class: SeqCond_CompareObject                                   - Instance: 0x21CB27AF400
Class: SeqCond_GetServerType                                   - Instance: 0x21CB27AF000
Class: SeqCond_Increment                                       - Instance: 0x21CB27AEC00
Class: SeqCond_IncrementFloat                                  - Instance: 0x21CB27AE800
Class: SeqCond_IsAlive                                         - Instance: 0x21CB27AE400
Class: SeqCond_IsBenchmarking                                  - Instance: 0x21CB27AE000
Class: SeqCond_IsConsole                                       - Instance: 0x21CB27ADC00
Class: SeqCond_IsInCombat                                      - Instance: 0x21CB27AD800
Class: SeqCond_IsLoggedIn                                      - Instance: 0x21CB27AD400
Class: SeqCond_IsPIE                                           - Instance: 0x21CB27AD000
Class: SeqCond_IsSameTeam                                      - Instance: 0x21CB27ACC00
Class: SeqCond_MatureLanguage                                  - Instance: 0x21CB27AC800
Class: SeqCond_ShowGore                                        - Instance: 0x21CB27AC400
Class: SeqCond_SwitchBase                                      - Instance: 0x21CB27B3C00
Class: SeqCond_SwitchClass                                     - Instance: 0x21CB27B3800
Class: SeqCond_SwitchObject                                    - Instance: 0x21CB27B3400
Class: SeqCond_SwitchPlatform                                  - Instance: 0x21CB27B3000
Class: SequenceEvent                                           - Instance: 0x21CB27B2C00
Class: SeqEvent_AISeeEnemy                                     - Instance: 0x21CB27B2800
Class: SeqEvent_AnalogInput                                    - Instance: 0x21CB27B2400
Class: SeqEvent_AnimNotify                                     - Instance: 0x21CB27B2000
Class: SeqEvent_Console                                        - Instance: 0x21CB27B1C00
Class: SeqEvent_ConstraintBroken                               - Instance: 0x21CB27B1800
Class: SeqEvent_Destroyed                                      - Instance: 0x21CB27B1400
Class: SeqEvent_Input                                          - Instance: 0x21CB27B1000
Class: SeqEvent_LevelBeginning                                 - Instance: 0x21CB27B0C00
Class: SeqEvent_LevelLoaded                                    - Instance: 0x21CB27B0800
Class: SeqEvent_LevelStartup                                   - Instance: 0x21CB27B0400
Class: SeqEvent_Mover                                          - Instance: 0x21CB27A7C00
Class: SeqEvent_ParticleEvent                                  - Instance: 0x21CB27A7800
Class: SeqEvent_RemoteEvent                                    - Instance: 0x21CB27A7400
Class: SeqEvent_RigidBodyCollision                             - Instance: 0x21CB27A7000
Class: SeqEvent_SeeDeath                                       - Instance: 0x21CB27A6C00
Class: SeqEvent_SequenceActivated                              - Instance: 0x21CB27A6800
Class: SeqEvent_Touch                                          - Instance: 0x21CB27A6400
Class: SeqEvent_TouchInput                                     - Instance: 0x21CB27A6000
Class: SeqEvent_Used                                           - Instance: 0x21CB27A5C00
Class: SequenceVariable                                        - Instance: 0x21CB27A5800
Class: InterpData                                              - Instance: 0x21CB27A5400
Class: SeqVar_Bool                                             - Instance: 0x21CB27A5000
Class: SeqVar_External                                         - Instance: 0x21CB27A4C00
Class: SeqVar_Float                                            - Instance: 0x21CB27A4800
Class: SeqVar_RandomFloat                                      - Instance: 0x21CB27A4400
Class: SeqVar_Int                                              - Instance: 0x21CB27ABC00
Class: SeqVar_RandomInt                                        - Instance: 0x21CB27AB800
Class: SeqVar_Named                                            - Instance: 0x21CB27AB400
Class: SeqVar_Object                                           - Instance: 0x21CB27AB000
Class: SeqVar_Character                                        - Instance: 0x21CB27AAC00
Class: SeqVar_Group                                            - Instance: 0x21CB27AA800
Class: SeqVar_ObjectList                                       - Instance: 0x21CB27AA400
Class: SeqVar_ObjectVolume                                     - Instance: 0x21CB27AA000
Class: SeqVar_Player                                           - Instance: 0x21CB27A9C00
Class: SeqVar_String                                           - Instance: 0x21CB27A9800
Class: SeqVar_Vector                                           - Instance: 0x21CB27A9400
Class: AmbientSound                                            - Instance: 0x21CB27A9000
Class: AmbientSoundMovable                                     - Instance: 0x21CB27A8C00
Class: AmbientSoundSimple                                      - Instance: 0x21CB27A8800
Class: AmbientSoundNonLoop                                     - Instance: 0x21CB27A8400
Class: AmbientSoundSimpleToggleable                            - Instance: 0x21CB27A3C00
Class: AmbientSoundNonLoopingToggleable                        - Instance: 0x21CB27A3800
Class: AmbientSoundSpline                                      - Instance: 0x21CB27A3400
Class: AmbientSoundSimpleSpline                                - Instance: 0x21CB27A3000
Class: AmbientSoundSplineMultiCue                              - Instance: 0x21CB27A2C00
Class: DistributionFloatSoundParameter                         - Instance: 0x21CB27A2800
Class: SoundNode                                               - Instance: 0x21CB27A2400
Class: ForcedLoopSoundNode                                     - Instance: 0x21CB27A2000
Class: SoundNodeAmbient                                        - Instance: 0x21CB27A1C00
Class: SoundNodeAmbientNonLoop                                 - Instance: 0x21CB27A1800
Class: SoundNodeAmbientNonLoopToggle                           - Instance: 0x21CB27A1400
Class: SoundNodeAttenuation                                    - Instance: 0x21CB27A1000
Class: SoundNodeAttenuationAndGain                             - Instance: 0x21CB27A0C00
Class: SoundNodeConcatenator                                   - Instance: 0x21CB27A0800
Class: SoundNodeConcatenatorRadio                              - Instance: 0x21CB27A0400
Class: SoundNodeDelay                                          - Instance: 0x21CB279BC00
Class: SoundNodeDistanceCrossFade                              - Instance: 0x21CB279B800
Class: SoundNodeDoppler                                        - Instance: 0x21CB279B400
Class: SoundNodeEnveloper                                      - Instance: 0x21CB279B000
Class: SoundNodeLooping                                        - Instance: 0x21CB279AC00
Class: SoundNodeMature                                         - Instance: 0x21CB279A800
Class: SoundNodeMixer                                          - Instance: 0x21CB279A400
Class: SoundNodeModulator                                      - Instance: 0x21CB279A000
Class: SoundNodeModulatorContinuous                            - Instance: 0x21CB2799C00
Class: SoundNodeOscillator                                     - Instance: 0x21CB2799800
Class: SoundNodeRandom                                         - Instance: 0x21CB2799400
Class: SoundNodeWave                                           - Instance: 0x21CB2799000
Class: SoundNodeWaveStreaming                                  - Instance: 0x21CB2798C00
Class: SoundNodeWaveParam                                      - Instance: 0x21CB2798800
Class: LandscapeProxy                                          - Instance: 0x21CB2798400
Class: Landscape                                               - Instance: 0x21CB278F800
Class: Terrain                                                 - Instance: 0x21CB278F000
Class: LandscapeGizmoActor                                     - Instance: 0x21CB278E800
Class: LandscapeGizmoActiveActor                               - Instance: 0x21CB278E400
Class: LandscapeComponent                                      - Instance: 0x21CB278DC00
Class: LandscapeGizmoRenderComponent                           - Instance: 0x21CB278D800
Class: LandscapeHeightfieldCollisionComponent                  - Instance: 0x21CB278D400
Class: TerrainComponent                                        - Instance: 0x21CB278D000
Class: LandscapeInfo                                           - Instance: 0x21CB278CC00
Class: LandscapeLayerInfoObject                                - Instance: 0x21CB278C800
Class: TerrainWeightMapTexture                                 - Instance: 0x21CB278C400
Class: TerrainLayerSetup                                       - Instance: 0x21CB2793C00
Class: TerrainMaterial                                         - Instance: 0x21CB2793800
Class: DataStoreClient                                         - Instance: 0x21CB2793400
Class: Console                                                 - Instance: 0x21CB2793000
Class: Input                                                   - Instance: 0x21CB2792C00
Class: PlayerInput                                             - Instance: 0x21CB2792800
Class: PlayerManagerInteraction                                - Instance: 0x21CB2792400
Class: UISceneClient                                           - Instance: 0x21CB2792000
Class: UISoundTheme                                            - Instance: 0x21CB2791C00
Class: UIDataStoreSubscriber                                   - Instance: 0x21CB2791800
Class: UIDataStorePublisher                                    - Instance: 0x21CB2791400
Class: UIDataProvider                                          - Instance: 0x21CB2791000
Class: UIDataProvider_OnlinePlayerDataBase                     - Instance: 0x21CB2790C00
Class: UIDataProvider_OnlineFriendMessages                     - Instance: 0x21CB2790800
Class: UIDataProvider_OnlineFriends                            - Instance: 0x21CB2790400
Class: UIDataProvider_OnlinePartyChatList                      - Instance: 0x21CB2787C00
Class: UIDataProvider_OnlinePlayerStorage                      - Instance: 0x21CB2787800
Class: UIDataProvider_OnlineProfileSettings                    - Instance: 0x21CB2787400
Class: UIDataProvider_PlayerAchievements                       - Instance: 0x21CB2787000
Class: UIDataProvider_OnlinePlayerStorageArray                 - Instance: 0x21CB2786C00
Class: UIDataProvider_SettingsArray                            - Instance: 0x21CB2786800
Class: UIDataStore                                             - Instance: 0x21CB2786400
Class: UIDataStore_DynamicResource                             - Instance: 0x21CB2786000
Class: UIDataStore_Fonts                                       - Instance: 0x21CB2785C00
Class: UIDataStore_GameResource                                - Instance: 0x21CB2785800
Class: UIDataStore_MenuItems                                   - Instance: 0x21CB2785400
Class: UIDataStore_GameState                                   - Instance: 0x21CB2785000
Class: UIDataStore_Registry                                    - Instance: 0x21CB2784C00
Class: UIDataStore_Remote                                      - Instance: 0x21CB2784800
Class: UIDataStore_OnlineGameSearch                            - Instance: 0x21CB2784400
Class: UIDataStore_OnlinePlayerData                            - Instance: 0x21CB278BC00
Class: UIDataStore_OnlineStats                                 - Instance: 0x21CB278B800
Class: UIDataStore_Settings                                    - Instance: 0x21CB278B400
Class: UIDataStore_OnlineGameSettings                          - Instance: 0x21CB278B000
Class: UIDataStore_StringBase                                  - Instance: 0x21CB278AC00
Class: UIDataStore_InputAlias                                  - Instance: 0x21CB278A800
Class: UIDataStore_StringAliasMap                              - Instance: 0x21CB278A400
Class: UIPropertyDataProvider                                  - Instance: 0x21CB278A000
Class: UIDataProvider_Settings                                 - Instance: 0x21CB2789C00
Class: UIResourceDataProvider                                  - Instance: 0x21CB2789800
Class: UIDataProvider_MenuItem                                 - Instance: 0x21CB2789400
Class: UIResourceCombinationProvider                           - Instance: 0x21CB2789000
Class: GameUISceneClient                                       - Instance: 0x21CB2788C00
Class: Scene                                                   - Instance: 0x21CB2788800
Class: InstancedFoliageActor                                   - Instance: 0x21CB2788400
Class: InteractiveFoliageActor                                 - Instance: 0x21CB277FC00
Class: InteractiveFoliageComponent                             - Instance: 0x21CB277F800
Class: ActorFactoryInteractiveFoliage                          - Instance: 0x21CB277F400
Class: InstancedFoliageSettings                                - Instance: 0x21CB277F000
Class: FluidInfluenceActor                                     - Instance: 0x21CB277EC00
Class: FluidSurfaceActor                                       - Instance: 0x21CB277E800
Class: FluidSurfaceActorMovable                                - Instance: 0x21CB277E400
Class: FluidInfluenceComponent                                 - Instance: 0x21CB277E000
Class: FluidSurfaceComponent                                   - Instance: 0x21CB277DC00
Class: SpeedTreeActor                                          - Instance: 0x21CB277D800
Class: SpeedTreeComponent                                      - Instance: 0x21CB277D400
Class: SpeedTreeActorFactory                                   - Instance: 0x21CB277D000
Class: SpeedTreeComponentFactory                               - Instance: 0x21CB277CC00
Class: SpeedTree                                               - Instance: 0x21CB277C800
Class: LensFlareSource                                         - Instance: 0x21CB277C400
Class: LensFlareComponent                                      - Instance: 0x21CB2783C00
Class: LensFlare                                               - Instance: 0x21CB2783800
Class: TextureFlipBook                                         - Instance: 0x21CB2783400
Class: Texture2DComposite                                      - Instance: 0x21CB2783000
Class: Texture2DDynamic                                        - Instance: 0x21CB2782C00
Class: TextureCube                                             - Instance: 0x21CB2782800
Class: TextureMovie                                            - Instance: 0x21CB2782400
Class: TextureRenderTarget                                     - Instance: 0x21CB2782000
Class: TextureRenderTarget2D                                   - Instance: 0x21CB2781C00
Class: ScriptedTexture                                         - Instance: 0x21CB2781800
Class: TextureRenderTargetCube                                 - Instance: 0x21CB2781400
Class: AudioDevice                                             - Instance: 0x21CB2781000
Class: SoundClass                                              - Instance: 0x21CB2780800
Class: SoundMode                                               - Instance: 0x21CB2780400
Class: Pawn                                                    - Instance: 0x21CB277BC00
Class: MatineePawn                                             - Instance: 0x21CB277B800
Class: Scout                                                   - Instance: 0x21CB277B400
Class: Light                                                   - Instance: 0x21CB277B000
Class: DirectionalLight                                        - Instance: 0x21CB277AC00
Class: DirectionalLightToggleable                              - Instance: 0x21CB277A800
Class: DominantDirectionalLight                                - Instance: 0x21CB277A400
Class: DominantDirectionalLightMovable                         - Instance: 0x21CB277A000
Class: PointLight                                              - Instance: 0x21CB2779C00
Class: DominantPointLight                                      - Instance: 0x21CB2779800
Class: PointLightMovable                                       - Instance: 0x21CB2779400
Class: PointLightToggleable                                    - Instance: 0x21CB2779000
Class: SkyLight                                                - Instance: 0x21CB2778C00
Class: SkyLightToggleable                                      - Instance: 0x21CB2778800
Class: SpotLight                                               - Instance: 0x21CB2778400
Class: DominantSpotLight                                       - Instance: 0x21CB2773C00
Class: GeneratedMeshAreaLight                                  - Instance: 0x21CB2773800
Class: SpotLightMovable                                        - Instance: 0x21CB2773400
Class: SpotLightToggleable                                     - Instance: 0x21CB2773000
Class: StaticLightCollectionActor                              - Instance: 0x21CB2772C00
Class: LightComponent                                          - Instance: 0x21CB2772800
Class: DirectionalLightComponent                               - Instance: 0x21CB2772400
Class: DominantDirectionalLightComponent                       - Instance: 0x21CB2772000
Class: PointLightComponent                                     - Instance: 0x21CB2771C00
Class: DominantPointLightComponent                             - Instance: 0x21CB2771800
Class: SpotLightComponent                                      - Instance: 0x21CB2771400
Class: DominantSpotLightComponent                              - Instance: 0x21CB2771000
Class: SkyLightComponent                                       - Instance: 0x21CB2770C00
Class: SphericalHarmonicLightComponent                         - Instance: 0x21CB2770800
Class: LightEnvironmentComponent                               - Instance: 0x21CB2770400
Class: DynamicLightEnvironmentComponent                        - Instance: 0x21CB2767C00
Class: ParticleLightEnvironmentComponent                       - Instance: 0x21CB2767800
Class: DrawLightConeComponent                                  - Instance: 0x21CB2767400
Class: DrawLightRadiusComponent                                - Instance: 0x21CB2767000
Class: LightFunction                                           - Instance: 0x21CB2766C00
Class: SkeletalMeshComponent                                   - Instance: 0x21CB2766800
Class: SkeletalMesh                                            - Instance: 0x21CB2766400
Class: SkeletalMeshSocket                                      - Instance: 0x21CB2766000
Class: SplineActor                                             - Instance: 0x21CB2765C00
Class: SplineLoftActor                                         - Instance: 0x21CB2765800
Class: SplineLoftActorMovable                                  - Instance: 0x21CB2765400
Class: SplineComponent                                         - Instance: 0x21CB2765000
Class: ProcBuilding                                            - Instance: 0x21CB2764C00
Class: ProcBuilding_SimpleLODActor                             - Instance: 0x21CB2764400
Class: PBRuleNodeBase                                          - Instance: 0x21CB276BC00
Class: PBRuleNodeAlternate                                     - Instance: 0x21CB276B800
Class: PBRuleNodeComment                                       - Instance: 0x21CB276B400
Class: PBRuleNodeCorner                                        - Instance: 0x21CB276B000
Class: PBRuleNodeCycle                                         - Instance: 0x21CB276AC00
Class: PBRuleNodeEdgeAngle                                     - Instance: 0x21CB276A800
Class: PBRuleNodeEdgeMesh                                      - Instance: 0x21CB276A400
Class: PBRuleNodeExtractTopBottom                              - Instance: 0x21CB276A000
Class: PBRuleNodeLODQuad                                       - Instance: 0x21CB2769C00
Class: PBRuleNodeMesh                                          - Instance: 0x21CB2769800
Class: PBRuleNodeOcclusion                                     - Instance: 0x21CB2769400
Class: PBRuleNodeQuad                                          - Instance: 0x21CB2769000
Class: PBRuleNodeRandom                                        - Instance: 0x21CB2768C00
Class: PBRuleNodeRepeat                                        - Instance: 0x21CB2768800
Class: PBRuleNodeSize                                          - Instance: 0x21CB2768400
Class: PBRuleNodeSplit                                         - Instance: 0x21CB275FC00
Class: PBRuleNodeSubRuleset                                    - Instance: 0x21CB275F800
Class: PBRuleNodeTransform                                     - Instance: 0x21CB275F400
Class: PBRuleNodeVariation                                     - Instance: 0x21CB275F000
Class: PBRuleNodeWindowWall                                    - Instance: 0x21CB275EC00
Class: ProcBuildingRuleset                                     - Instance: 0x21CB275E800
Class: ReplicationInfo                                         - Instance: 0x21CB275E400
Class: GameReplicationInfo                                     - Instance: 0x21CB275E000
Class: PlayerReplicationInfo                                   - Instance: 0x21CB275DC00
Class: TeamInfo                                                - Instance: 0x21CB275D800
Class: Camera                                                  - Instance: 0x21CB275D400
Class: CameraActor                                             - Instance: 0x21CB275D000
Class: DynamicCameraActor                                      - Instance: 0x21CB275C800
Class: CameraAnim                                              - Instance: 0x21CB2757C00
Class: CameraAnimInst                                          - Instance: 0x21CB2757800
Class: CameraModifier                                          - Instance: 0x21CB2757400
Class: CameraModifier_CameraShake                              - Instance: 0x21CB2757000
Class: CameraShake                                             - Instance: 0x21CB2756C00
Class: CloudStorageUpgradeHelper                               - Instance: 0x21CB2756800
Class: AnalyticEventsBase                                      - Instance: 0x21CB2756400
Class: MultiProviderAnalytics                                  - Instance: 0x21CB2756000
Class: AppNotificationsBase                                    - Instance: 0x21CB2755C00
Class: CloudStorageBase                                        - Instance: 0x21CB2755800
Class: FacebookIntegration                                     - Instance: 0x21CB2755400
Class: InAppMessageBase                                        - Instance: 0x21CB2754C00
Class: InGameAdManager                                         - Instance: 0x21CB2754800
Class: TwitterIntegrationBase                                  - Instance: 0x21CB2754400
Class: PlatformInterfaceWebResponse                            - Instance: 0x21CB275BC00
Class: NetDriverSecurity                                       - Instance: 0x21CB275B800
Class: NetConnectionEncryptor                                  - Instance: 0x21CB275B400
Class: __GameInfo__Login_0x1                                   - Instance: 0x21CB2DEA400
Class: __ScriptGroup_ORS__CreateObjects_0x1                    - Instance: 0x21CB2DEA000
Class: SeqEvent_HitWall                                        - Instance: 0x21CB2DE9C00
Class: SeqAct_Destroy                                          - Instance: 0x21CB2DE9800
Class: SeqAct_Teleport                                         - Instance: 0x21CB2DE9400
Class: SeqAct_SetVelocity                                      - Instance: 0x21CB2DE9000
Class: SeqAct_ToggleHidden                                     - Instance: 0x21CB2DE8C00
Class: SeqAct_AttachToActor                                    - Instance: 0x21CB2DE8800
Class: SeqEvent_MobileTouch                                    - Instance: 0x21CB2DE8400
Class: ApexDestructibleActorSpawnable                          - Instance: 0x21CB2D53400
Class: EmitterSpawnable                                        - Instance: 0x21CB2D53000
Class: KAssetSpawnable                                         - Instance: 0x21CB2D52C00
Class: ActorFactorySkeletalMeshCinematic                       - Instance: 0x21CB2D52800
Class: ActorFactorySkeletalMeshMAT                             - Instance: 0x21CB2D52400
Class: SeqAct_ToggleGodMode                                    - Instance: 0x21CB2D51C00
Class: SplineComponentSimplified                               - Instance: 0x21CB2D51800
Class: AmbientSoundSimpleSplineNonLoop                         - Instance: 0x21CB2D51400
Class: AnimNotify_PlayFaceFXAnim                               - Instance: 0x21CB2D51000
Class: OnlineTitleFileCacheInterface                           - Instance: 0x21CB2BB3C00
Class: OnlineTitleFileInterface                                - Instance: 0x21CB2BB3800
Class: UserCloudFileInterface                                  - Instance: 0x21CB2BB3400
Class: HttpFactory                                             - Instance: 0x21CB2BB3000
Class: CloudSaveSystemKVSInterface                             - Instance: 0x21CB2BB2C00
Class: CloudSaveSystemDataBlobStoreInterface                   - Instance: 0x21CB2BB2800
Class: CloudStorageBaseCloudSaveSystemKVS                      - Instance: 0x21CB2BB1C00
Class: ColorScaleVolume                                        - Instance: 0x21CB2BB1800
Class: OnlineGameInterface                                     - Instance: 0x21CB2BB1400
Class: OnlinePlayerInterface                                   - Instance: 0x21CB2BB1000
Class: OnlinePlayerInterfaceEx                                 - Instance: 0x21CB2BB0C00
Class: CoverReplicator                                         - Instance: 0x21CB2BB0800
Class: OnlineCommunityContentInterface                         - Instance: 0x21CB2B35C00
Class: OnlineGameDVRInterface                                  - Instance: 0x21CB2B35800
Class: SharedCloudFileInterface                                - Instance: 0x21CB2B35400
Class: OnlineSocialInterface                                   - Instance: 0x21CB2B35000
Class: OnlinePartyChatInterface                                - Instance: 0x21CB2B34C00
Class: OnlineNewsInterface                                     - Instance: 0x21CB2B34800
Class: OnlineStatsInterface                                    - Instance: 0x21CB2B34400
Class: OnlineGameClipsInterface                                - Instance: 0x21CB2ADBC00
Class: OnlineVoiceInterface                                    - Instance: 0x21CB2ADB800
Class: OnlineContentInterface                                  - Instance: 0x21CB2ADB400
Class: OnlineLobbyInterface                                    - Instance: 0x21CB2ADB000
Class: OnlinePurchaseInterface                                 - Instance: 0x21CB2ADAC00
Class: OnlineSystemInterface                                   - Instance: 0x21CB2ADA800
Class: OnlineMarketplaceInterface                              - Instance: 0x21CB2ADA400
Class: OnlineAccountInterface                                  - Instance: 0x21CB2ADA000
Class: DynamicPhysicsVolume                                    - Instance: 0x21CB2AD9C00
Class: DynamicSMActor_Spawnable                                - Instance: 0x21CB2AD9800
Class: DynamicTriggerVolume                                    - Instance: 0x21CB2AD9400
Class: SeqAct_SetParticleSysParam                              - Instance: 0x21CB2AD9000
Class: EngineContent                                           - Instance: 0x21CB2A83800
Class: EpochNow_RealTime                                       - Instance: 0x21CB2A83400
Class: IEpochNow                                               - Instance: 0x21CB2A83000
Class: ExponentialHeightFog                                    - Instance: 0x21CB2A82C00
Class: FracturedSMActorSpawnable                               - Instance: 0x21CB2A82800
Class: FracturedStaticMeshActor_Spawnable                      - Instance: 0x21CB2A82400
Class: SeqEvent_PlayerSpawned                                  - Instance: 0x21CB2A82000
Class: SeqAct_ControlMovieTexture                              - Instance: 0x21CB2A80800
Class: PrimaryPlayer                                           - Instance: 0x21CB2A80400
Class: SeqAct_ToggleInput                                      - Instance: 0x21CB8E87000
Class: SeqAct_ToggleHUD                                        - Instance: 0x21CB8E86C00
Class: SeqAct_ForceFeedback                                    - Instance: 0x21CB8E86800
Class: SeqAct_ToggleCinematicMode                              - Instance: 0x21CB8E86400
Class: SeqAct_ConsoleCommand                                   - Instance: 0x21CB8E86000
Class: SeqAct_FlyThroughHasEnded                               - Instance: 0x21CB8E85C00
Class: SeqAct_SetSoundMode                                     - Instance: 0x21CB8E85800
Class: HeightFog                                               - Instance: 0x21CB8E84400
Class: InterpActor_ForCinematic                                - Instance: 0x21CB8DD7400
Class: IPoolable                                               - Instance: 0x21CB8DD7000
Class: MaterialInstanceTimeVaryingActor                        - Instance: 0x21CB8DD6400
Class: SeqAct_AssignController                                 - Instance: 0x21CB8DD6000
Class: NavMeshBoundsVolume                                     - Instance: 0x21CB8DD5C00
Class: OnlineEventsInterface                                   - Instance: 0x21CB8DD5800
Class: OnlinePlaylistGameTypeProvider                          - Instance: 0x21CB8DD5000
Class: OnlineRecentPlayersList                                 - Instance: 0x21CB8DD4C00
Class: OnlineStatsWrite_TA                                     - Instance: 0x21CB8DD4800
Class: OnlineSuppliedUIInterface                               - Instance: 0x21CB8DD4400
Class: OwnerReplicatedActor_ORS                                - Instance: 0x21CB8BEBC00
Class: PathNode_Dynamic                                        - Instance: 0x21CB8BEB800
Class: SeqEvent_AIReachedRouteActor                            - Instance: 0x21CB8BEB000
Class: RadialBlurActor                                         - Instance: 0x21CB8BEAC00
Class: SeqAct_ToggleConstraintDrive                            - Instance: 0x21CB8BEA800
Class: RB_BSJointActor                                         - Instance: 0x21CB8BEA400
Class: RB_ConstraintActorSpawnable                             - Instance: 0x21CB8BEA000
Class: RB_HingeActor                                           - Instance: 0x21CB8BE9C00
Class: RB_PrismaticActor                                       - Instance: 0x21CB8BE9800
Class: RB_PulleyJointActor                                     - Instance: 0x21CB8BE9400
Class: ReplicatedActor_ORS                                     - Instance: 0x21CB8BE9000
Class: ReverbVolumeToggleable                                  - Instance: 0x21CB8BE8C00
Class: SeqAct_AddRemoveFaceFXAnimSet                           - Instance: 0x21CB8BE8400
Class: SeqAct_AIAbortMoveToActor                               - Instance: 0x21CC5C0FC00
Class: SeqAct_MITV_Activate                                    - Instance: 0x21CC5C0F800
Class: SeqAct_SetMatInstTexParam                               - Instance: 0x21CC5C0F400
Class: SeqAct_SetMatInstVectorParam                            - Instance: 0x21CC5C0F000
Class: SeqAct_SetSkelControlTarget                             - Instance: 0x21CC5C0EC00
Class: SeqAct_SetVector                                        - Instance: 0x21CC5C0E800
Class: SeqAct_ToggleAffectedByHitEffects                       - Instance: 0x21CC5C0E400
Class: SeqAct_ToggleHiddenGame                                 - Instance: 0x21CC5C0E000
Class: SeqAct_UpdatePhysBonesFromAnim                          - Instance: 0x21CC5C0DC00
Class: SeqEvent_Death                                          - Instance: 0x21CC5C0D800
Class: SeqEvent_LOS                                            - Instance: 0x21CC5C0D400
Class: SeqEvent_PickupStatusChange                             - Instance: 0x21CC5C0D000
Class: SeqVar_Byte                                             - Instance: 0x21CC5C0CC00
Class: SeqVar_Name                                             - Instance: 0x21CC5C0C800
Class: SeqVar_Union                                            - Instance: 0x21CC5C0C400
Class: SkeletalMeshActorMATSpawnable                           - Instance: 0x21CC5B97C00
Class: SkeletalMeshActorMATWalkable                            - Instance: 0x21CC5B97800
Class: StaticCameraActor                                       - Instance: 0x21CC5B97400
Class: StaticLensFlareSource                                   - Instance: 0x21CC5B96800
Class: TimeWindow                                              - Instance: 0x21CC5B96400
Class: Trigger_Dynamic                                         - Instance: 0x21CC5B96000
Class: Trigger_LOS                                             - Instance: 0x21CC5B95C00
Class: TriggeredPath                                           - Instance: 0x21CC5B95400
Class: TriggerStreamingLevel                                   - Instance: 0x21CC5B94C00
Class: UICharacterSummary                                      - Instance: 0x21CC5B94800
Class: UIGameInfoSummary                                       - Instance: 0x21CC5B94400
Class: UIMapSummary                                            - Instance: 0x21CC5B0FC00
Class: UIWeaponSummary                                         - Instance: 0x21CC5B0F800
Class: UserCloudFileCloudSaveSystemDataBlobStore               - Instance: 0x21CC5B0F400
Class: WindDirectionalSource                                   - Instance: 0x21CC5B0F000
Class: WindDirectionalSourceDynamic                            - Instance: 0x21CC5B0EC00
Class: ContentAuthorizationTokenInterface                      - Instance: 0x21CC5B0E000

Processing Package: IpDrv

ScriptStruct: AdHocAccessPointInfo                             - Instance: 0x21DF9C09480
ScriptStruct: AdHocStationInfo                                 - Instance: 0x21DF9C09300
ScriptStruct: AvatarKey                                        - Instance: 0x21DF9C08280
ScriptStruct: OnlineImageDownload                              - Instance: 0x21DF9BF1900
ScriptStruct: DecodeImageRequest                               - Instance: 0x21DF9BD6500
ScriptStruct: DecodeImageTask                                  - Instance: 0x21DF9BD6200
ScriptStruct: McpClashMobChallengeFile                         - Instance: 0x21DF9BD4280
ScriptStruct: McpClashMobPushNotificationParams                - Instance: 0x21DF9BD4100
ScriptStruct: McpClashMobPushNotification                      - Instance: 0x21DF9BD3E80
ScriptStruct: McpClashMobChallengeEvent                        - Instance: 0x21DF9BD3D00
ScriptStruct: McpClashMobChallengeUserStatus                   - Instance: 0x21DF9BD3B80
ScriptStruct: FileNameToURLMapping                             - Instance: 0x21DF9BD1900
ScriptStruct: TitleFileWeb                                     - Instance: 0x21DF9BD1780
ScriptStruct: McpChallengeRequest                              - Instance: 0x21DF9BC3100
ScriptStruct: McpChallengeUserRequest                          - Instance: 0x21DF9BC3280
ScriptStruct: McpGroupMember                                   - Instance: 0x21DF9BC0E80
ScriptStruct: McpGroup                                         - Instance: 0x21DF9BC0D00
ScriptStruct: McpGroupList                                     - Instance: 0x21DF9BC0B80
ScriptStruct: McpIdMapping                                     - Instance: 0x21DF9BA8400
ScriptStruct: AddMappingRequest                                - Instance: 0x21DF9B9BB80
ScriptStruct: QueryMappingRequest                              - Instance: 0x21DF9B9BA00
ScriptStruct: ManagedValue                                     - Instance: 0x21DF9B9AB00
ScriptStruct: ManagedValueSaveSlot                             - Instance: 0x21DF9B9A980
ScriptStruct: SaveSlotRequestState                             - Instance: 0x21DF9B99D80
ScriptStruct: ValueRequestState                                - Instance: 0x21DF9B99C00
ScriptStruct: McpMessage                                       - Instance: 0x21DF9B98700
ScriptStruct: McpMessageList                                   - Instance: 0x21DF9B98580
ScriptStruct: McpMessageContents                               - Instance: 0x21DF9B98400
ScriptStruct: McpCompressMessageRequest                        - Instance: 0x21DF9B6EE00
ScriptStruct: McpUncompressMessageRequest                      - Instance: 0x21DF9B6EC80
ScriptStruct: McpUserCloudFileInfo                             - Instance: 0x21DF9B63E80
ScriptStruct: McpUserCloudFilesEntry                           - Instance: 0x21DF9B6C700
ScriptStruct: McpInventoryItemAttribute                        - Instance: 0x21DF9B60400
ScriptStruct: McpInventoryItem                                 - Instance: 0x21DF9B60280
ScriptStruct: McpInventoryItemContainer                        - Instance: 0x21DF9B60100
ScriptStruct: McpInventorySaveSlot                             - Instance: 0x21DF9B47E80
ScriptStruct: SaveSlotRequestState                             - Instance: 0x21DF9B46680
ScriptStruct: InventoryItemRequestState                        - Instance: 0x21DF9B46500
ScriptStruct: McpUserStatus                                    - Instance: 0x21DF9B2F280
ScriptStruct: UserRequest                                      - Instance: 0x21DF9B2E080
ScriptStruct: ConnectionBandwidthStats                         - Instance: 0x21DF9B2C580
ScriptStruct: PlayerMember                                     - Instance: 0x21DF9B2C400
ScriptStruct: ClientBandwidthTestData                          - Instance: 0x21DF9B1B880
ScriptStruct: ClientConnectionRequest                          - Instance: 0x21DF9B1B700
ScriptStruct: ClientConnectionBandwidthTestData                - Instance: 0x21DF9B1AE00
ScriptStruct: ClientMeshBeaconConnection                       - Instance: 0x21DF9B1AF80
ScriptStruct: AuthCodeRequest                                  - Instance: 0x21DF9B19180
ScriptStruct: EventUploadConfig                                - Instance: 0x21DF9B02500
ScriptStruct: NewsCacheEntry                                   - Instance: 0x21DF9ACE800
ScriptStruct: ConfiguredGameSetting                            - Instance: 0x21DF9ABFE80
ScriptStruct: Playlist                                         - Instance: 0x21DF9ACC580
ScriptStruct: PlaylistPopulation                               - Instance: 0x21DF9ACC400
ScriptStruct: SanitizeCallbackData                             - Instance: 0x21DF9ABCD00
ScriptStruct: TitleFileMcp                                     - Instance: 0x21DF9ABC580
ScriptStruct: PlayerReservation                                - Instance: 0x21DF9ABBA00
ScriptStruct: PartyReservation                                 - Instance: 0x21DF9ABB880
ScriptStruct: ClientBeaconConnection                           - Instance: 0x21DF9ABA800
ScriptStruct: TitleFileCacheEntry                              - Instance: 0x21DF9AA6E00
Const: PLAYER_MATCH                                            - Instance: 0x21DF9C69380
Const: RANKED_MATCH                                            - Instance: 0x21DF9C69300
Const: REC_MATCH                                               - Instance: 0x21DF9C69280
Const: PRIVATE_MATCH                                           - Instance: 0x21DF9C69200
Const: RANKEDPROVIDERTAG                                       - Instance: 0x21DF9C68880
Const: UNRANKEDPROVIDERTAG                                     - Instance: 0x21DF9C68800
Const: RECMODEPROVIDERTAG                                      - Instance: 0x21DF9C68780
Const: PRIVATEPROVIDERTAG                                      - Instance: 0x21DF9C68700
Enum: EAdHocDesiredState                                       - Instance: 0x21DF9C6A680
Enum: EAdHocCurrentState                                       - Instance: 0x21DF9C6A600
Enum: EOnlineImageDownloadState                                - Instance: 0x21DF9C6A500
Enum: ELinkMode                                                - Instance: 0x21DF9C6A280
Enum: EReceiveMode                                             - Instance: 0x21DF9C6A200
Enum: ELineMode                                                - Instance: 0x21DF9C6A180
Enum: EMcpChallengeFileStatus                                  - Instance: 0x21DF9C6A100
Enum: EMcpFileCompressionType                                  - Instance: 0x21DF9C6A000
Enum: EMcpGroupAccessLevel                                     - Instance: 0x21DF9C69E80
Enum: EMcpGroupAcceptState                                     - Instance: 0x21DF9C69E00
Enum: EMcpMessageCompressionType                               - Instance: 0x21DF9C69B80
Enum: EMeshBeaconPacketType                                    - Instance: 0x21DF9C69980
Enum: EMeshBeaconConnectionResult                              - Instance: 0x21DF9C69A00
Enum: EMeshBeaconBandwidthTestState                            - Instance: 0x21DF9C69900
Enum: EMeshBeaconBandwidthTestResult                           - Instance: 0x21DF9C69880
Enum: EMeshBeaconBandwidthTestType                             - Instance: 0x21DF9C69800
Enum: EMeshBeaconClientState                                   - Instance: 0x21DF9C69780
Enum: EEventUploadType                                         - Instance: 0x21DF9C69680
Enum: EReservationPacketType                                   - Instance: 0x21DF9C68C00
Enum: EPartyReservationResult                                  - Instance: 0x21DF9C68C80
Enum: EPartyBeaconClientRequest                                - Instance: 0x21DF9C68B80
Enum: EPartyBeaconClientState                                  - Instance: 0x21DF9C68B00
Enum: EPartyBeaconHostState                                    - Instance: 0x21DF9C68A80
Enum: ELinkState                                               - Instance: 0x21DF9C68980
Enum: ETitleFileFileOp                                         - Instance: 0x21DF9C68900
Enum: ERequestType                                             - Instance: 0x21DF9C68580
Class: AdHocDelegates                                          - Instance: 0x21CB275B000
Class: AdHocErrors                                             - Instance: 0x21CB275AC00
Class: AvatarDownload                                          - Instance: 0x21CB275A800
Class: OnlineSubsystemCommonImpl                               - Instance: 0x21CB275A000
Class: AvatarDownloadComponent                                 - Instance: 0x21CB275A400
Class: AvatarDownloadMap                                       - Instance: 0x21CB2759800
Class: ClientBeaconAddressResolver                             - Instance: 0x21CB2759400
Class: HTTPDownload                                            - Instance: 0x21CB2759000
Class: HttpRequestCurl                                         - Instance: 0x21CB2758C00
Class: HttpResponseCurl                                        - Instance: 0x21CB2758800
Class: ImageDecoder                                            - Instance: 0x21CB2758400
Class: InternetLink                                            - Instance: 0x21CB274FC00
Class: TcpLink                                                 - Instance: 0x21CB274F800
Class: McpServiceBase                                          - Instance: 0x21CB274F400
Class: MCPBase                                                 - Instance: 0x21CB274F000
Class: OnlineEventsInterfaceMcp                                - Instance: 0x21CB274EC00
Class: OnlineNewsInterfaceMcp                                  - Instance: 0x21CB274E800
Class: OnlineTitleFileDownloadBase                             - Instance: 0x21CB274E400
Class: OnlineTitleFileDownloadMcp                              - Instance: 0x21CB274E000
Class: OnlineTitleFileDownloadWeb                              - Instance: 0x21CB274DC00
Class: TitleFileDownloadCache                                  - Instance: 0x21CB274D800
Class: McpMessageBase                                          - Instance: 0x21CB274D400
Class: McpMessageManager                                       - Instance: 0x21CB274D000
Class: McpUserCloudFileDownload                                - Instance: 0x21CB274CC00
Class: MeshBeacon                                              - Instance: 0x21CB274C800
Class: MeshBeaconClient                                        - Instance: 0x21CB274C400
Class: MeshBeaconHost                                          - Instance: 0x21CB2753C00
Class: OnlineAuthInterfaceImpl                                 - Instance: 0x21CB2753800
Class: OnlineFriendsInterfaceImpl                              - Instance: 0x21CB2753000
Class: OnlineGameInterfaceImpl                                 - Instance: 0x21CB2752C00
Class: OnlineImageDownloaderWeb                                - Instance: 0x21CB2752800
Class: OnlineLobbyInterfaceImpl                                - Instance: 0x21CB2752400
Class: OnlinePersistentAuthInterfaceImpl                       - Instance: 0x21CB2752000
Class: OnlinePlaylistManager                                   - Instance: 0x21CB2751C00
Class: OnlinePurchaseInterfaceImpl                             - Instance: 0x21CB2751800
Class: PartyBeacon                                             - Instance: 0x21CB2751400
Class: PartyBeaconClient                                       - Instance: 0x21CB2751000
Class: PartyBeaconHost                                         - Instance: 0x21CB2750C00
Class: TargetUserChatPermChangedEvent                          - Instance: 0x21CB2750800
Class: TcpipConnection                                         - Instance: 0x21CB2750400
Class: TcpNetDriver                                            - Instance: 0x21CB2747C00
Class: WebRequest                                              - Instance: 0x21CB2747800
Class: WebResponse                                             - Instance: 0x21CB2747400
Class: OnlinePlaylistProvider                                  - Instance: 0x21CB2747000
Class: UIDataStore_OnlinePlaylists                             - Instance: 0x21CB2746C00
Class: WebApplication                                          - Instance: 0x21DF9DF1400
Class: WebServer                                               - Instance: 0x21DF9DF1000
Class: HelloWeb                                                - Instance: 0x21DF9DF0C00
Class: ImageServer                                             - Instance: 0x21DF9DF0800
Class: McpServiceConfig                                        - Instance: 0x21DF9DF0400
Class: McpClashMobBase                                         - Instance: 0x21DF9BCFC00
Class: McpClashMobFileDownload                                 - Instance: 0x21DF9BCF800
Class: McpClashMobManager                                      - Instance: 0x21DF9BCF400
Class: McpGroupsBase                                           - Instance: 0x21DF9BCEC00
Class: McpGroupsManager                                        - Instance: 0x21DF9BCE800
Class: McpIdMappingBase                                        - Instance: 0x21DF9BCDC00
Class: McpIdMappingManager                                     - Instance: 0x21DF9BCD800
Class: McpManagedValueManagerBase                              - Instance: 0x21DF9BCCC00
Class: McpManagedValueManager                                  - Instance: 0x21DF9BCC800
Class: McpServerTimeBase                                       - Instance: 0x21DF9B83800
Class: McpServerTimeManager                                    - Instance: 0x21DF9B83400
Class: McpUserInventoryBase                                    - Instance: 0x21DF9B83000
Class: McpUserInventoryManager                                 - Instance: 0x21DF9B82C00
Class: McpUserManagerBase                                      - Instance: 0x21DF9B81000
Class: McpUserManager                                          - Instance: 0x21DF9B80C00
Class: WebConnection                                           - Instance: 0x21DF9B80800

Processing Package: XAudio2

Class: XAudio2Device                                           - Instance: 0x21CB2746800

Processing Package: GFxUI

ScriptStruct: SoundThemeBinding                                - Instance: 0x21DF9D82200
ScriptStruct: ASValue                                          - Instance: 0x21DF9D80580
ScriptStruct: GFxWidgetBinding                                 - Instance: 0x21DF9D80400
ScriptStruct: ExternalTexture                                  - Instance: 0x21DF9C23280
ScriptStruct: ASDisplayInfo                                    - Instance: 0x21DF9C22C80
ScriptStruct: ASColorTransform                                 - Instance: 0x21DF9C22B00
ScriptStruct: EventData                                        - Instance: 0x21DF9C0B700
ScriptStruct: GCReference                                      - Instance: 0x21DF9C0A800
ScriptStruct: LoadingMovieMapInfo                              - Instance: 0x21DF9C0A680
Enum: EEdition                                                 - Instance: 0x21DF9C6AB80
Enum: EFlashTextureRescale                                     - Instance: 0x21DF9C6AB00
Enum: EASType                                                  - Instance: 0x21DF9C6AA80
Enum: EGFxAlign                                                - Instance: 0x21DF9C6AA00
Enum: EGFxScaleMode                                            - Instance: 0x21DF9C6A980
Enum: EGFxCollectionMode                                       - Instance: 0x21DF9C6A900
Enum: EGFxTimingMode                                           - Instance: 0x21DF9C6A880
Enum: EGFxRenderTextureMode                                    - Instance: 0x21DF9C6A800
Enum: EWeatherVariant                                          - Instance: 0x21DF9C6A700
Class: GFxEngine                                               - Instance: 0x21CB2746400
Class: GFxFSCmdHandler                                         - Instance: 0x21CB2746000
Class: GFxInteraction                                          - Instance: 0x21CB2745C00
Class: GFxMoviePlayer                                          - Instance: 0x21CB2745800
Class: GFxObject                                               - Instance: 0x21CB2745400
Class: GFxRawData                                              - Instance: 0x21CB2745000
Class: SwfMovie                                                - Instance: 0x21CB2744C00
Class: FlashMovie                                              - Instance: 0x21CB2744800
Class: GFxAction_CloseMovie                                    - Instance: 0x21CB2744400
Class: GFxAction_GetVariable                                   - Instance: 0x21CB273FC00
Class: GFxAction_Invoke                                        - Instance: 0x21CB273F800
Class: GFxAction_OpenMovie                                     - Instance: 0x21CB273F400
Class: GFxAction_SetCaptureKeys                                - Instance: 0x21CB273F000
Class: GFxAction_SetVariable                                   - Instance: 0x21CB273EC00
Class: GFxEvent_FSCommand                                      - Instance: 0x21CB273E800
Class: GFxFSCmdHandler_Kismet                                  - Instance: 0x21CB273E400
Class: GFxClikWidget                                           - Instance: 0x21DF9DF1800

Processing Package: AkAudio

ScriptStruct: AkParamSet                                       - Instance: 0x21DF9A77280
ScriptStruct: ActiveSound                                      - Instance: 0x21DF9A75D80
ScriptStruct: uint                                             - Instance: 0x21CC48B5C00
ScriptStruct: AkEnvironment                                    - Instance: 0x21CC48B5F00
ScriptStruct: AkActorEnvironment                               - Instance: 0x21CC48B5D80
ScriptStruct: MusicAnalysisInfo                                - Instance: 0x21CC48B5180
ScriptStruct: AkRevSimPhysicsControls                          - Instance: 0x21CC48AFD00
ScriptStruct: AkRevSimFrame                                    - Instance: 0x21CC48AFB80
ScriptStruct: AkRevSimUpdateParams                             - Instance: 0x21CC48AFA00
ScriptStruct: SoundBankInfo                                    - Instance: 0x21CC48AEC80
ScriptStruct: AkEventTrackKey                                  - Instance: 0x21CC48AE800
ScriptStruct: MusicSyncEvent                                   - Instance: 0x21CC48AE680
Enum: EAttenuationType                                         - Instance: 0x21DF9C68380
Enum: EReflectionSendType                                      - Instance: 0x21DF9C68400
Enum: EAkPlaySoundReceiver                                     - Instance: 0x21DF9C68300
Enum: EPinnedAxisType                                          - Instance: 0x21DF9C68280
Enum: EBusEmitterType                                          - Instance: 0x21DF9C68200
Enum: EAkEnvironmentType                                       - Instance: 0x21DF9C68180
Enum: EAkCallbackType                                          - Instance: 0x21DF9C68100
Enum: EAkDynamicRangeType                                      - Instance: 0x21DF9C68080
Enum: EAkOutputType                                            - Instance: 0x21CC48C3F80
Enum: EAkListenerSpacialization                                - Instance: 0x21CC48C3F00
Enum: EAkEnvironmentTarget                                     - Instance: 0x21CC48C3E00
Enum: EMusicSyncType                                           - Instance: 0x21CC48C3D00
Class: ActorFactoryAkAmbientSound                              - Instance: 0x21CB273E000
Class: AkAmbientSound                                          - Instance: 0x21CB273DC00
Class: AkBusActor                                              - Instance: 0x21CB273D800
Class: AkComponent                                             - Instance: 0x21CB273D400
Class: AkDevice                                                - Instance: 0x21CB273D000
Class: AkDialogueEvent                                         - Instance: 0x21CB273CC00
Class: AkEnvironments                                          - Instance: 0x21CB273C800
Class: AkEnvironmentVolume                                     - Instance: 0x21CB273C400
Class: AkMusicAnalysis                                         - Instance: 0x21CB2737C00
Class: AkMusicDevice                                           - Instance: 0x21CB2737800
Class: AkParamGroup                                            - Instance: 0x21CB2737400
Class: AkPlaySoundComponent                                    - Instance: 0x21CB2737000
Class: AkRevPhysicsSimulation                                  - Instance: 0x21CB2736C00
Class: AkRTPCDecayComponent                                    - Instance: 0x21CB2736800
Class: AkSoundBanksInfo                                        - Instance: 0x21CB2736400
Class: AkSoundCue                                              - Instance: 0x21CB2736000
Class: AkSoundSource                                           - Instance: 0x21CB2735C00
Class: AkSwitch                                                - Instance: 0x21CB2735800
Class: InterpTrackAkEvent                                      - Instance: 0x21CB2735400
Class: InterpTrackAkRTPC                                       - Instance: 0x21CB2735000
Class: InterpTrackInstAkEvent                                  - Instance: 0x21CB2734C00
Class: InterpTrackInstAkRTPC                                   - Instance: 0x21CB2734800
Class: SeqAct_AkClearBanks                                     - Instance: 0x21CB2734400
Class: SeqAct_AkEnvironment                                    - Instance: 0x21CB273BC00
Class: SeqAct_AkLoadBank                                       - Instance: 0x21CB273B800
Class: SeqAct_AkPlayMusicWithCues                              - Instance: 0x21CB273B400
Class: SeqAct_AkPlaySound                                      - Instance: 0x21CB273B000
Class: SeqAct_AkPostEvent                                      - Instance: 0x21CB273AC00
Class: SeqAct_AkPostTrigger                                    - Instance: 0x21CB273A800
Class: SeqAct_AkSetRTPCValue                                   - Instance: 0x21CB273A400
Class: SeqAct_AkSetState                                       - Instance: 0x21CB273A000
Class: SeqAct_AkSetSwitch                                      - Instance: 0x21CB2739C00
Class: SeqAct_AkStartAmbientSound                              - Instance: 0x21CB2739800
Class: SeqAct_AkStopAll                                        - Instance: 0x21CB2739400
Class: AkAudioDevice                                           - Instance: 0x21CB2739000
Class: AkAmbientSoundActor                                     - Instance: 0x21DF9A87400
Class: SeqEvent_AkMusicCue                                     - Instance: 0x21DF9A87000
Class: SeqAct_AkPlaySoundAndSeek                               - Instance: 0x21DF9A86C00

Processing Package: WinDrv

Class: FacebookWindows                                         - Instance: 0x21CB2738C00
Class: HttpRequestWindows                                      - Instance: 0x21CB2738800
Class: HttpResponseWindows                                     - Instance: 0x21CB2738400
Class: WindowsClient                                           - Instance: 0x21CB338FC00
Class: XnaForceFeedbackManager                                 - Instance: 0x21CB338F400
Class: HttpRequestWindowsMcp                                   - Instance: 0x21DF9A87800

Processing Package: OnlineSubsystemEOS

ScriptStruct: OnlineStatusMappingEOS                           - Instance: 0x21CC48AC700
ScriptStruct: LoginDelegates                                   - Instance: 0x21CC4881D80
Enum: EPlayerVoiceAgreementStatus                              - Instance: 0x21CC48C3800
Enum: EPlayerVoiceTransitionState                              - Instance: 0x21CC48C3780
Class: AudioDevicesChangedEvent                                - Instance: 0x21CB338F000
Class: EOSErrors                                               - Instance: 0x21CB338EC00
Class: OnlineSubsystemEOS                                      - Instance: 0x21CB338E400
Class: OnlineAuthInterfaceEOS                                  - Instance: 0x21CB338E800
Class: OnlineFriendsInterfaceEOS                               - Instance: 0x21CB338DC00
Class: OnlineGameClipsInterfaceEOS                             - Instance: 0x21CB338D800
Class: OnlineGameInterfaceEOS                                  - Instance: 0x21CB338D400
Class: OnlinePersistentAuthInterfaceEOS                        - Instance: 0x21CB338D000
Class: OnlinePlayerInterfaceEOS                                - Instance: 0x21CB338CC00
Class: OnlineStatsInterfaceEOS                                 - Instance: 0x21CB338C800
Class: OnlineUserCloudFileInterfaceEOS                         - Instance: 0x21CB338C400
Class: OnlineVoiceInterfaceEOS                                 - Instance: 0x21CB3387C00
Class: VideoRecorderEOS                                        - Instance: 0x21CB3387800
Class: __OnlinePlayerInterfaceEOS__LinkedAccount_0x1           - Instance: 0x21DF9A86800
Class: __OnlinePlayerInterfaceEOS__RequestNativePlatformAuthTicket_0x1 - Instance: 0x21DF9A86400

Processing Package: ProjectX

ScriptStruct: PsyNetPersonaData                                - Instance: 0x21CC480EE00
ScriptStruct: MessagePayload                                   - Instance: 0x21CC480EC80
ScriptStruct: SignedMessagePacket                              - Instance: 0x21CC480EB00
ScriptStruct: SuperRegionData                                  - Instance: 0x21CC480E980
ScriptStruct: RegionSecret                                     - Instance: 0x21CC480E680
ScriptStruct: OnlineStatus                                     - Instance: 0x21CC480E500
ScriptStruct: HonorDuelChallenge                               - Instance: 0x21CC480E380
ScriptStruct: PsyNetBeaconPartyReservation                     - Instance: 0x21CC480E200
ScriptStruct: PsyNetBeaconPlayerReservation                    - Instance: 0x21CC480E080
ScriptStruct: PsyNetBeaconReservation                          - Instance: 0x21CC480DF00
ScriptStruct: GFxBlurRect                                      - Instance: 0x21CC480E800
ScriptStruct: HTTPRequestCapturedParam                         - Instance: 0x21CC480DD80
ScriptStruct: ImageContent                                     - Instance: 0x21CC480D780
ScriptStruct: NewsContent                                      - Instance: 0x21CC480D900
ScriptStruct: NewsPlacement                                    - Instance: 0x21CC480DA80
ScriptStruct: NewsTileData                                     - Instance: 0x21CC480DC00
ScriptStruct: ServerReservationData                            - Instance: 0x21CC480D000
ScriptStruct: CheckReservationResponse                         - Instance: 0x21CC480CE80
ScriptStruct: MapPrefs                                         - Instance: 0x21CC480CB80
ScriptStruct: RenderProfile                                    - Instance: 0x21CC480C100
ScriptStruct: MetricsEvent                                     - Instance: 0x21CC4803E80
ScriptStruct: BumpAngleCheckConfig                             - Instance: 0x21CC4803A00
ScriptStruct: BumpAngleCurveCheckConfig                        - Instance: 0x21CC4803B80
ScriptStruct: CarInteractionConfig                             - Instance: 0x21CC4803D00
ScriptStruct: SuperSonicConfig                                 - Instance: 0x21CC4803880
ScriptStruct: SkillRating                                      - Instance: 0x21CC4803400
ScriptStruct: MigrationReservationData                         - Instance: 0x21CC4803700
ScriptStruct: ClubReplicationInfo                              - Instance: 0x21CC4803580
ScriptStruct: PlayerSeasonRewardProgress                       - Instance: 0x21CC4803280
ScriptStruct: ReservationData                                  - Instance: 0x21CC4803100
ScriptStruct: ActiveServerData                                 - Instance: 0x21CC4802F80
ScriptStruct: CrossplayGroup                                   - Instance: 0x21CC4802E00
ScriptStruct: ServerConnectionInfo                             - Instance: 0x21CC4802C80
ScriptStruct: TierSkillRating                                  - Instance: 0x21CC4802980
ScriptStruct: SkillMatchPartyRating                            - Instance: 0x21CC4802B00
ScriptStruct: SkillMatchParty                                  - Instance: 0x21CC4802800
ScriptStruct: SkillMatchData                                   - Instance: 0x21CC4802680
ScriptStruct: ClubColorSet                                     - Instance: 0x21CC4801F00
ScriptStruct: CustomMatchTeamSettings                          - Instance: 0x21CC4802080
ScriptStruct: CustomMatchSettings                              - Instance: 0x21CC4802200
ScriptStruct: ServerResult                                     - Instance: 0x21CC4802500
ScriptStruct: SkillMatchPlayer                                 - Instance: 0x21CC4802380
ScriptStruct: ReplicatedReservationData                        - Instance: 0x21CC4801D80
ScriptStruct: PartyJoinMatchSettings                           - Instance: 0x21CC4801C00
ScriptStruct: JoinMatchSettings                                - Instance: 0x21CC4801A80
ScriptStruct: ReservationPlayerData                            - Instance: 0x21CC4801900
ScriptStruct: ReplicatedRBStateNoQuat                          - Instance: 0x21CC4801780
ScriptStruct: ReplicatedRBState                                - Instance: 0x21CC4801600
ScriptStruct: PlayerBinding                                    - Instance: 0x21CC4801480
ScriptStruct: BindingAction                                    - Instance: 0x21CC4801300
ScriptStruct: PlaylistTierSkillRating                          - Instance: 0x21CC4801180
ScriptStruct: PlayerPermissions                                - Instance: 0x21CC4801000
ScriptStruct: RankedDisparitySettings                          - Instance: 0x21CC4800E80
ScriptStruct: PlaylistSkillRating                              - Instance: 0x21CC4800A00
ScriptStruct: PlayerSkillRating                                - Instance: 0x21CC4800B80
ScriptStruct: UpdatedPlayerSkillRating                         - Instance: 0x21CC4800D00
ScriptStruct: CachedRegionPing                                 - Instance: 0x21CC4800880
ScriptStruct: PartyMemberServer                                - Instance: 0x21CC4800580
ScriptStruct: PartyMember                                      - Instance: 0x21CC4800700
ScriptStruct: PlayerTitleData                                  - Instance: 0x21CC4800280
ScriptStruct: PlayerTitleCategory                              - Instance: 0x21CC4800100
ScriptStruct: LinkedAccount                                    - Instance: 0x21CC47F3E80
ScriptStruct: IntVector3                                       - Instance: 0x21CC47F3D00
ScriptStruct: DownloadedImage                                  - Instance: 0x21CC47F3B80
ScriptStruct: ClubMember                                       - Instance: 0x21CC47F3A00
ScriptStruct: PlayerPermissionsList                            - Instance: 0x21CC47F3880
ScriptStruct: NetStats                                         - Instance: 0x21CC47F3700
ScriptStruct: SetPlayerStorageResultItem                       - Instance: 0x21CC47F3400
ScriptStruct: PendingStorage                                   - Instance: 0x21CC47F3280
ScriptStruct: PlayerBlockListenData                            - Instance: 0x21CC47F0D00
ScriptStruct: CabinedModeData                                  - Instance: 0x21CC47C2980
ScriptStruct: DSRegionInfo                                     - Instance: 0x21CC47A5300
ScriptStruct: OnlineMessageHandler                             - Instance: 0x21CC4794100
ScriptStruct: SimplePartyMember                                - Instance: 0x21CC4757A00
ScriptStruct: PlaylistRestrictionPlayer                        - Instance: 0x21CC4751900
ScriptStruct: EpicSocialTaskData                               - Instance: 0x21CC4738700
ScriptStruct: StorageMaxSize                                   - Instance: 0x21CC4702E00
ScriptStruct: SetPlayerStorageRequestItem                      - Instance: 0x21CC4702B00
ScriptStruct: PsyNetPartyInfo                                  - Instance: 0x21CC4701780
ScriptStruct: WordFilterPair                                   - Instance: 0x21CC46F3400
ScriptStruct: Orientation                                      - Instance: 0x21CC46D2980
ScriptStruct: OnlinePlayerMapPrefs                             - Instance: 0x21CC46C2E00
ScriptStruct: AnimatedParam                                    - Instance: 0x21CC46AE980
ScriptStruct: AnimatedFloatParam                               - Instance: 0x21CC46AE800
ScriptStruct: AnimatedVectorParam                              - Instance: 0x21CC46AE680
ScriptStruct: AnimatedLinearColorParam                         - Instance: 0x21CC46AE500
ScriptStruct: ModifierSubscription                             - Instance: 0x21CC46AD780
ScriptStruct: QuickChatOverridePair                            - Instance: 0x21CC46ACD00
ScriptStruct: CameraKnockBase                                  - Instance: 0x21CC468D780
ScriptStruct: CameraOrientation                                - Instance: 0x21CC468D480
ScriptStruct: CameraTransition                                 - Instance: 0x21CC468D600
ScriptStruct: RotationCameraKnock                              - Instance: 0x21CC468D300
ScriptStruct: LocationCameraKnock                              - Instance: 0x21CC468C280
ScriptStruct: VectorInterpRate                                 - Instance: 0x21CC4683D00
ScriptStruct: TestStructEvent                                  - Instance: 0x21CC466D600
ScriptStruct: PropertyOverride                                 - Instance: 0x21CC465D300
ScriptStruct: PingStats                                        - Instance: 0x21CC465D000
ScriptStruct: StatBadge                                        - Instance: 0x21CC465B100
ScriptStruct: ColorPosition                                    - Instance: 0x21CC4658B80
ScriptStruct: ContentPair                                      - Instance: 0x21CC463F700
ScriptStruct: DDoSServicePayloadStruct                         - Instance: 0x21CC463DC00
ScriptStruct: EffectsMapping                                   - Instance: 0x21CC4617400
ScriptStruct: DynamicallyLoadedPackage                         - Instance: 0x21CC4616680
ScriptStruct: EOSAccountInfo                                   - Instance: 0x21CC460F700
ScriptStruct: PrivacySettings                                  - Instance: 0x21CC460F580
ScriptStruct: AccountSettings                                  - Instance: 0x21CC460F400
ScriptStruct: MetricEventJsonStruct                            - Instance: 0x21CC460EE00
ScriptStruct: ChatPermissionPair                               - Instance: 0x21CC460D900
ScriptStruct: TradePermissionPair                              - Instance: 0x21CC460D780
ScriptStruct: TradePermissionEnabledPair                       - Instance: 0x21CC460D600
ScriptStruct: EpochTimer                                       - Instance: 0x21CC4603100
ScriptStruct: NameParamPair                                    - Instance: 0x21CC4602200
ScriptStruct: FloatParamPair                                   - Instance: 0x21CC4602080
ScriptStruct: VectorParamPair                                  - Instance: 0x21CC4601F00
ScriptStruct: ColorParamPair                                   - Instance: 0x21CC4601D80
ScriptStruct: ActorParamPair                                   - Instance: 0x21CC4601C00
ScriptStruct: AttachToParameterWithUnlockAxes                  - Instance: 0x21CC45DD300
ScriptStruct: FXAttachment                                     - Instance: 0x21CC4600A00
ScriptStruct: FXActorEventCheck                                - Instance: 0x21CC4600880
ScriptStruct: FXEventSubscription                              - Instance: 0x21CC4600700
ScriptStruct: ContactInformation                               - Instance: 0x21CC45D2E00
ScriptStruct: FakeData1                                        - Instance: 0x21CC45D2800
ScriptStruct: FakeData2                                        - Instance: 0x21CC45D2680
ScriptStruct: FakeData3                                        - Instance: 0x21CC45D2500
ScriptStruct: FakeData4                                        - Instance: 0x21CC45D2380
ScriptStruct: PauserData                                       - Instance: 0x21CC45D0700
ScriptStruct: GameSettingHidingOverride                        - Instance: 0x21CC45BB580
ScriptStruct: GFxDataStoreColumn                               - Instance: 0x21CC45A8A00
ScriptStruct: GFxDataStoreRow                                  - Instance: 0x21CC45A8B80
ScriptStruct: GFxDataStoreTable                                - Instance: 0x21CC45A8E80
ScriptStruct: GFxDirtyRow                                      - Instance: 0x21CC45A8880
ScriptStruct: GFxDirtyTable                                    - Instance: 0x21CC45A8D00
ScriptStruct: DirtyObject                                      - Instance: 0x21CC4595A80
ScriptStruct: SoundPackSoundRef                                - Instance: 0x21CC457CD00
ScriptStruct: LensFlareFloatParamCurve                         - Instance: 0x21CC456D900
ScriptStruct: CacheImportCallbackData                          - Instance: 0x21CC456C880
ScriptStruct: CacheIOTaskBase                                  - Instance: 0x21CC456C580
ScriptStruct: CacheExportTask                                  - Instance: 0x21CC456C700
ScriptStruct: CacheExportCallbackData                          - Instance: 0x21CC456C400
ScriptStruct: CacheImportTask                                  - Instance: 0x21CC4557E80
ScriptStruct: PlayerClubPair                                   - Instance: 0x21CC4556C80
ScriptStruct: LocOverride                                      - Instance: 0x21CC4556500
ScriptStruct: MatchInfoJson                                    - Instance: 0x21CC4554D00
ScriptStruct: MatchSkillUpdate                                 - Instance: 0x21CC4552C80
ScriptStruct: PlayerClubSyncResult                             - Instance: 0x21CC451C580
ScriptStruct: CategorySettingPair                              - Instance: 0x21CC44EDC00
ScriptStruct: CheckReplacementDedicatedServerData              - Instance: 0x21CC44E1600
ScriptStruct: SteamJsonResponseGetPublisherAppOwnership3       - Instance: 0x21DFB260E80
ScriptStruct: SteamJsonResponseGetPublisherAppOwnership2       - Instance: 0x21DFB261000
ScriptStruct: SteamJsonResponseGetPublisherAppOwnership        - Instance: 0x21DFB262500
ScriptStruct: SteamPlayerDLCOwnershipState                     - Instance: 0x21DFB262080
ScriptStruct: PlayerDLCInfo                                    - Instance: 0x21DFB262380
ScriptStruct: SteamWebRequestData                              - Instance: 0x21DFB262200
ScriptStruct: PsyNetKeys                                       - Instance: 0x21DFB261900
ScriptStruct: BeaconMessageHandler                             - Instance: 0x21DFB247100
ScriptStruct: LeaderboardData                                  - Instance: 0x21DFB22BB80
ScriptStruct: CachedLeaderboardData                            - Instance: 0x21DFB230280
ScriptStruct: GetLeaderboardBaseData                           - Instance: 0x21DFB22A200
ScriptStruct: GetLeaderboardPlatformBaseData                   - Instance: 0x21DFB22A380
ScriptStruct: GetLeaderboardRankForUserData                    - Instance: 0x21DFB229180
ScriptStruct: MatchmakingRequestData                           - Instance: 0x21DFB219900
ScriptStruct: GetPopulationData                                - Instance: 0x21DFB1E6200
ScriptStruct: PrivateMatchmakingRequestData                    - Instance: 0x21DFB1E5900
ScriptStruct: GetGameServerPingListData                        - Instance: 0x21DFB1CE080
ScriptStruct: GetGameServerPingListData_Deprecated             - Instance: 0x21DFB1CC700
ScriptStruct: PartyByTeam                                      - Instance: 0x21DFB1CC100
ScriptStruct: TeamPairHistory                                  - Instance: 0x21DFB1BFB80
ScriptStruct: PendingReservation                               - Instance: 0x21DFB1BFA00
ScriptStruct: SkillSyncRequest                                 - Instance: 0x21DFB181A80
ScriptStruct: PartyMemberSkill                                 - Instance: 0x21DFB171480
ScriptStruct: UploadStatData                                   - Instance: 0x21DFB171000
ScriptStruct: UploadStatDataSet                                - Instance: 0x21DFB170E80
ScriptStruct: WordFilterRequest                                - Instance: 0x21DFB15DD80
ScriptStruct: StorageMetadata                                  - Instance: 0x21DFB132500
ScriptStruct: OnlinePlayerStorageSyncResult                    - Instance: 0x21DFB117880
ScriptStruct: OnlinePlayerStorageSyncRequest                   - Instance: 0x21DFB117700
ScriptStruct: GetPlayerStorageRequestItem                      - Instance: 0x21DFB117280
ScriptStruct: PendingMessage                                   - Instance: 0x21DFB114B80
ScriptStruct: PsyNetPartyMember                                - Instance: 0x21DFB113880
ScriptStruct: PartyInvite                                      - Instance: 0x21DFB113700
ScriptStruct: PartyData                                        - Instance: 0x21DFB0DDC00
ScriptStruct: PartyMetricsData                                 - Instance: 0x21DFB0DC280
ScriptStruct: GamepadDeadzoneSettings                          - Instance: 0x21DFB0B3400
ScriptStruct: KeyboardAxisBlendSettings                        - Instance: 0x21DFB0B3280
ScriptStruct: RawAxisValue                                     - Instance: 0x21DFB0B2B00
ScriptStruct: PPEffectDefaults                                 - Instance: 0x21DFB09FE80
ScriptStruct: PPPersistentEffectDefaults                       - Instance: 0x21DFB09FD00
ScriptStruct: PPChainInfo                                      - Instance: 0x21DFB09FB80
ScriptStruct: PostProcessOverride                              - Instance: 0x21DFB09FA00
ScriptStruct: ServiceSubscription                              - Instance: 0x21DFB08B100
ScriptStruct: PendingChannelService                            - Instance: 0x21DFB088D00
ScriptStruct: QueuedPsyNetMessage                              - Instance: 0x21DFB070580
ScriptStruct: ServiceMetricsData                               - Instance: 0x21DFB06A080
ScriptStruct: ServiceErrorData                                 - Instance: 0x21DFB069F00
ScriptStruct: PsyNetRequest                                    - Instance: 0x21DFB069600
ScriptStruct: OnlinePersonaData                                - Instance: 0x21DFB068700
ScriptStruct: RandomStream_Mirror                              - Instance: 0x21DFB03FA00
ScriptStruct: PrimitiveComponentProfile                        - Instance: 0x21DFB033B80
ScriptStruct: ClubStatRecord                                   - Instance: 0x21DFB031A80
ScriptStruct: StatMilestoneData                                - Instance: 0x21DFB030E80
ScriptStruct: SeasonalBadgeTierData                            - Instance: 0x21DFB030D00
ScriptStruct: MilestoneTitleData                               - Instance: 0x21DFB030B80
ScriptStruct: ClubCareerStats                                  - Instance: 0x21DFB030A00
ScriptStruct: GetGenericDataAllData                            - Instance: 0x21DFB030580
ScriptStruct: PlayerPermissionsReponse                         - Instance: 0x21DFB013D00
ScriptStruct: RPCTestItem                                      - Instance: 0x21DFAFEF100
ScriptStruct: RPCTestParam                                     - Instance: 0x21DFAFEF280
ScriptStruct: PendingRPC                                       - Instance: 0x21DFAFECE80
ScriptStruct: RPCError                                         - Instance: 0x21DFAFECB80
ScriptStruct: RPCResponse                                      - Instance: 0x21DFAFECD00
ScriptStruct: MatchExploitReportData                           - Instance: 0x21DFAFDE500
ScriptStruct: ShakeReceiver                                    - Instance: 0x21DFAFDD480
ScriptStruct: OSMetrics                                        - Instance: 0x21DFAFC4580
ScriptStruct: CpuMetrics                                       - Instance: 0x21DFAFC4400
ScriptStruct: MemoryMetrics                                    - Instance: 0x21DFAFC4280
ScriptStruct: VideoCardMetrics                                 - Instance: 0x21DFAFC4100
ScriptStruct: NetworkAdapterMetrics                            - Instance: 0x21DFAFB7E80
ScriptStruct: CachedDataRequest                                - Instance: 0x21DFAF86680
Const: ReservationType_Reconnect                               - Instance: 0x21CC48C2800
Const: ReservationType_FriendJoin                              - Instance: 0x21CC48C2780
Const: ReservationType_JoinPrivateMatch                        - Instance: 0x21CC48C2700
Const: MaxPrivateMatchPasswordLength                           - Instance: 0x21CC48C2680
Const: MaxPrivateMatchNameLength                               - Instance: 0x21CC48C2600
Const: LocalPlayersBroadcastDelay                              - Instance: 0x21CC48C1780
Const: QueueMax                                                - Instance: 0x21CC46CBF80
Const: PrimaryControllerId                                     - Instance: 0x21CC46CB900
Const: InMatchmakingID                                         - Instance: 0x21CC46CA300
Const: HttpContentType                                         - Instance: 0x21CC46C9A00
Const: NumFriendsPerRequest                                    - Instance: 0x21CC46C8880
Const: MaxPing                                                 - Instance: 0x21DFB1D5080
Const: XpTitleID                                               - Instance: 0x21DFAFBF700
Const: ClosedReason_DuplicateLogin                             - Instance: 0x21DFAFBF180
Enum: EChatChannel                                             - Instance: 0x21CC48C3580
Enum: EBanType                                                 - Instance: 0x21CC48C3500
Enum: ESeverityType                                            - Instance: 0x21CC48C3480
Enum: ENewsInteractionType                                     - Instance: 0x21CC48C3400
Enum: EConsoleQualityMode                                      - Instance: 0x21CC48C3300
Enum: EReservationStatus                                       - Instance: 0x21CC48C3200
Enum: EPsyNetEnvironment                                       - Instance: 0x21CC48C3180
Enum: EClubBadge                                               - Instance: 0x21CC48C3100
Enum: EJoinMatchType                                           - Instance: 0x21CC48C3080
Enum: EDatabaseEnvironment                                     - Instance: 0x21CC48C3000
Enum: EAxisSign                                                - Instance: 0x21CC48C2F80
Enum: EButtonPressType                                         - Instance: 0x21CC48C2F00
Enum: ERemappable                                              - Instance: 0x21CC48C2E80
Enum: ETrackingPermissionType                                  - Instance: 0x21CC48C2E00
Enum: EChatPermissionLevel                                     - Instance: 0x21CC48C2D80
Enum: ETradePermissionLevel                                    - Instance: 0x21CC48C2D00
Enum: EChatReportingLevel                                      - Instance: 0x21CC48C2C80
Enum: EPartyMatchmakingRestriction                             - Instance: 0x21CC48C2C00
Enum: EClubInviteEventType                                     - Instance: 0x21CC48C2B80
Enum: EClubMemberAction                                        - Instance: 0x21CC48C2B00
Enum: EClubRole                                                - Instance: 0x21CC48C2A80
Enum: EOnlineStorageFiles                                      - Instance: 0x21CC48C2A00
Enum: EOnlinePlayerPermission                                  - Instance: 0x21CC48C2980
Enum: EOnlinePlayerRole                                        - Instance: 0x21CC48C2900
Enum: EConnectionType_X                                        - Instance: 0x21CC48C2880
Enum: EAgeGateState                                            - Instance: 0x21CC48C2100
Enum: ELoginMethod                                             - Instance: 0x21CC48C2080
Enum: EPartyProcessingStatus                                   - Instance: 0x21CC48C1880
Enum: ELegalSyncState                                          - Instance: 0x21CC48C1400
Enum: EObjectEncoding                                          - Instance: 0x21CC48C0F00
Enum: EWordFilterUsage                                         - Instance: 0x21CC48C0B80
Enum: ERPCPriority                                             - Instance: 0x21CC48C0A00
Enum: EAnimNodeSeriesChild                                     - Instance: 0x21CC46CBC00
Enum: ELinkType                                                - Instance: 0x21CC46CB780
Enum: EReserveState                                            - Instance: 0x21CC46CB280
Enum: EClubColorChange                                         - Instance: 0x21CC46CB000
Enum: EDynamicValueModType                                     - Instance: 0x21CC46CAA80
Enum: EAttachActorLocationUnlockFlags                          - Instance: 0x21CC46CA580
Enum: EFXComponentTarget                                       - Instance: 0x21CC46CA500
Enum: EFXLocality                                              - Instance: 0x21CC46CA480
Enum: EFXComponentState                                        - Instance: 0x21CC46CA380
Enum: EFXOverrideAttachBehavior                                - Instance: 0x21CC46CAF00
Enum: EFakeDataEnum                                            - Instance: 0x21CC46CAD80
Enum: EDataCallbackType                                        - Instance: 0x21CC46CA080
Enum: EMaterialEffectStage                                     - Instance: 0x21CC46C9800
Enum: EDLCOwnershipState                                       - Instance: 0x21CC46C8D00
Enum: ERegionRestriction                                       - Instance: 0x21DFB1D6D80
Enum: EPerConStatus                                            - Instance: 0x21DFB1D6280
Enum: ERegionPingResult                                        - Instance: 0x21DFB1D5000
Enum: EAvatarRequestTryGetResult                               - Instance: 0x21DFB1D4D80
Enum: EAvatarPermission                                        - Instance: 0x21DFB1D4D00
Enum: EPasswordFailureReason                                   - Instance: 0x21DFB1D4B00
Enum: EExploitType                                             - Instance: 0x21DFB1D4800
Enum: EShakeReceiver                                           - Instance: 0x21DFB1D4280
Enum: EWebSocketState                                          - Instance: 0x21DFAFBF880
Enum: ETcpConnectionState                                      - Instance: 0x21DFAFBF800
Enum: EWebRequestState                                         - Instance: 0x21DFAFBF280
Class: _SharedHelpers                                          - Instance: 0x21CB3387400
Class: _Types_X                                                - Instance: 0x21CB3387000
Class: ActorComponent_X                                        - Instance: 0x21CB3386C00
Class: ExplosionComponent_X                                    - Instance: 0x21CB3386800
Class: ExplosionHitHandler_X                                   - Instance: 0x21CB3386400
Class: MICParamDispenserComponent_X                            - Instance: 0x21CB3386000
Class: ShakeComponent_X                                        - Instance: 0x21CB3385C00
Class: AdHocBeacon_X                                           - Instance: 0x21CB3385800
Class: FXActor_X                                               - Instance: 0x21CB3385000
Class: AnimateParametersComponent_X                            - Instance: 0x21CB3385400
Class: ArchetypePrefab_X                                       - Instance: 0x21CB3384C00
Class: ArchetypeSpawnPoint_X                                   - Instance: 0x21CB3384800
Class: Aws4Signature_X                                         - Instance: 0x21CB3384400
Class: ReservationBeacon_X                                     - Instance: 0x21CB338B800
Class: BeaconMessage_X                                         - Instance: 0x21CB338BC00
Class: BreadcrumbBroadcaster_X                                 - Instance: 0x21CB338B400
Class: CachedWebData_X                                         - Instance: 0x21CB338B000
Class: Camera_X                                                - Instance: 0x21CB338AC00
Class: CameraAttachmentComponent_X                             - Instance: 0x21CB338A800
Class: CanvasTexture_X                                         - Instance: 0x21CB338A400
Class: CanvasTextureComponent_X                                - Instance: 0x21CB338A000
Class: PlayerController_X                                      - Instance: 0x21CB3389800
Class: CheatManager_X                                          - Instance: 0x21CB3389C00
Class: CheatObject_X                                           - Instance: 0x21CB3389400
Class: ColorPalette_X                                          - Instance: 0x21CB3389000
Class: Compression_X                                           - Instance: 0x21CB3388C00
Class: ControlPreset_X                                         - Instance: 0x21CB3388800
Class: CrashReport_X                                           - Instance: 0x21CB3388400
Class: CRC_X                                                   - Instance: 0x21CB3383C00
Class: DistributionFloatShakeParameter_X                       - Instance: 0x21CB3383800
Class: EffectsMap_X                                            - Instance: 0x21CB3383400
Class: EngineShare_X                                           - Instance: 0x21CB3383000
Class: EOS_ErrorResponse                                       - Instance: 0x21CB3382C00
Class: EOS_GetAccountsResponse                                 - Instance: 0x21CB3382800
Class: EOS_AccountSummaryResponse                              - Instance: 0x21CB3382400
Class: EOS_ManageBlockListResponse                             - Instance: 0x21CB3382000
Class: EOS_ManageFriendsListResponse                           - Instance: 0x21CB3381C00
Class: EOSMetricEvent_X                                        - Instance: 0x21CB3381800
Class: EOSMetrics_X                                            - Instance: 0x21CB3381400
Class: LocalPlayer_X                                           - Instance: 0x21CB3380800
Class: StateObject_X                                           - Instance: 0x21CB3377C00
Class: Online_X                                                - Instance: 0x21CB3380400
Class: OnlinePlayer_X                                          - Instance: 0x21CB3380C00
Class: EpicFriendsPlugin_X                                     - Instance: 0x21CB3381000
Class: OnlinePlayerAuthentication_X                            - Instance: 0x21CB3377400
Class: EpicLogin_X                                             - Instance: 0x21CB3377800
Class: EpochTimers_X                                           - Instance: 0x21CB3377000
Class: EpochTimerTick_X                                        - Instance: 0x21CB3376C00
Class: Errors_X                                                - Instance: 0x21CB3376800
Class: EulaTextResponse                                        - Instance: 0x21CB3376400
Class: EventRecorder_X                                         - Instance: 0x21CB3376000
Class: MetricsSystem_X                                         - Instance: 0x21CB3375C00
Class: EventRecorderGroup_X                                    - Instance: 0x21CB3375800
Class: MetricsGroup_X                                          - Instance: 0x21CB3375400
Class: NetMetrics_X                                            - Instance: 0x21CB3375000
Class: ExplosionCollisionShapes_X                              - Instance: 0x21CB3374C00
Class: BoxCollisionShape_X                                     - Instance: 0x21CB3374800
Class: GoalCollisionShape_X                                    - Instance: 0x21CB3374400
Class: SphereCollisionShape_X                                  - Instance: 0x21CB336FC00
Class: FakeData_X                                              - Instance: 0x21CB336F800
Class: FuncTestCommandPair_X                                   - Instance: 0x21CB336F400
Class: FuncTestDesc_X                                          - Instance: 0x21CB336F000
Class: FuncTestGroup_X                                         - Instance: 0x21CB336EC00
Class: FXActorEvent_X                                          - Instance: 0x21CB336E800
Class: FXAttachmentTraitBase_X                                 - Instance: 0x21CB336E400
Class: GameEngine_X                                            - Instance: 0x21CB336E000
Class: GameInfo_X                                              - Instance: 0x21CB336DC00
Class: GameSetting_X                                           - Instance: 0x21CB336D800
Class: GameSettingCategory_X                                   - Instance: 0x21CB336D400
Class: GameViewportClient_X                                    - Instance: 0x21CB336D000
Class: GeForceNow_X                                            - Instance: 0x21CB336CC00
Class: GFxDataRow_X                                            - Instance: 0x21CB336C800
Class: GFxDataSingleton_X                                      - Instance: 0x21CB336C400
Class: GFxShell_X                                              - Instance: 0x21CB3367C00
Class: GFxDataStore_X                                          - Instance: 0x21CB3367800
Class: GFxEngine_X                                             - Instance: 0x21CB3367400
Class: GFxMoviePlayer_X                                        - Instance: 0x21CB3367000
Class: GFxObjectReference_X                                    - Instance: 0x21CB3366C00
Class: GFxDataCallback_X                                       - Instance: 0x21CB3366800
Class: GFxSoundPack_X                                          - Instance: 0x21CB3366400
Class: Hashes_X                                                - Instance: 0x21CB3366000
Class: IFuncTestManager_X                                      - Instance: 0x21CB3365C00
Class: InterpComponent_X                                       - Instance: 0x21CB3365800
Class: IReservationConnection_X                                - Instance: 0x21CB3365400
Class: JsonTests_X                                             - Instance: 0x21CB3365000
Class: LanBeacon_X                                             - Instance: 0x21CB3364C00
Class: LensFlareComponent_X                                    - Instance: 0x21CB3364800
Class: LinkedAccountMap_X                                      - Instance: 0x21CB3364400
Class: LocalCache_X                                            - Instance: 0x21CB335FC00
Class: MapFlythroughProfiler_X                                 - Instance: 0x21CB335F800
Class: NNXErrors_X                                             - Instance: 0x21CB335F400
Class: OnlineConfig_X                                          - Instance: 0x21CB335F000
Class: BeaconConfig_X                                          - Instance: 0x21CB335EC00
Class: ClassPropertyConfig_X                                   - Instance: 0x21CB335E800
Class: ContentConfig_X                                         - Instance: 0x21CB335E400
Class: CrossplayConfig_X                                       - Instance: 0x21CB335E000
Class: EventRecorderConfig_X                                   - Instance: 0x21CB335DC00
Class: LocalizationConfig_X                                    - Instance: 0x21CB335D800
Class: PsyNetConfig_X                                          - Instance: 0x21CB335D400
Class: PsyNetRetryConfig_X                                     - Instance: 0x21CB335D000
Class: RPCConfig_X                                             - Instance: 0x21CB335CC00
Class: ServerConfig_X                                          - Instance: 0x21CB335C800
Class: OnlineFriendMap_X                                       - Instance: 0x21CB335C400
Class: OnlineGameSearch_X                                      - Instance: 0x21CB3363C00
Class: OnlineGameSettings_X                                    - Instance: 0x21CB3363800
Class: OnlineLegalText_X                                       - Instance: 0x21CB3363400
Class: OnlineLegalTextEOS_X                                    - Instance: 0x21CB3363000
Class: OnlineMessage_X                                         - Instance: 0x21CB3362C00
Class: OnlineMessageComponent_X                                - Instance: 0x21CB3362800
Class: ParameterDispenser_X                                    - Instance: 0x21CB3362400
Class: ParticleModuleBeamTarget_X                              - Instance: 0x21CB3362000
Class: ParticleModuleLocationBoneSocket_X                      - Instance: 0x21CB3361C00
Class: ParticleModuleLocationSkelVertSurface_X                 - Instance: 0x21CB3361800
Class: ParticleModuleVelocitySurfaceNormal_X                   - Instance: 0x21CB3361400
Class: ParticleModuleVelocitySurfaceNormalStatic_X             - Instance: 0x21CB3361000
Class: ParticleModuleWind_X                                    - Instance: 0x21CB3360C00
Class: Pawn_X                                                  - Instance: 0x21CB3360800
Class: PerCon_X                                                - Instance: 0x21CB3360400
Class: PhysicalMaterialProperty_X                              - Instance: 0x21CB3357C00
Class: PlayerInput_X                                           - Instance: 0x21CB3357800
Class: PointLightComponent_X                                   - Instance: 0x21CB3357400
Class: PsyNet_X                                                - Instance: 0x21CB3357000
Class: PsyNetBeaconConnection_X                                - Instance: 0x21CB3356C00
Class: PsyNetClientService_X                                   - Instance: 0x21CB3356800
Class: PsyNetClientServiceCollection_X                         - Instance: 0x21CB3356400
Class: PsyNetConnection_X                                      - Instance: 0x21CB3356000
Class: PsyNetErrorType_X                                       - Instance: 0x21CB3355C00
Class: PsyNetMessage_X                                         - Instance: 0x21CB3355800
Class: PsyNetMessenger_X                                       - Instance: 0x21CB3355400
Class: PsyNetMessengerHttp_X                                   - Instance: 0x21CB3355000
Class: PsyNetMessengerWebSocket_X                              - Instance: 0x21CB3354C00
Class: PsyNetServiceSerializer_X                               - Instance: 0x21CB3354800
Class: PsyNetServiceSubscriptions_X                            - Instance: 0x21CB3354400
Class: PsyNetStaticData_X                                      - Instance: 0x21CB335BC00
Class: PsyNetUrl_X                                             - Instance: 0x21CB335B800
Class: RadialBlurComponent_X                                   - Instance: 0x21CB335B400
Class: RandomStream_X                                          - Instance: 0x21CB335B000
Class: RemoteAvatarPermissions_X                               - Instance: 0x21CB335AC00
Class: RemoteAvatarPermissionsRequest_X                        - Instance: 0x21CB335A800
Class: RenderProfiler_X                                        - Instance: 0x21CB335A400
Class: RetryDelay_X                                            - Instance: 0x21CB335A000
Class: RetryPolicy_X                                           - Instance: 0x21CB3359C00
Class: RPC_X                                                   - Instance: 0x21CB3359800
Class: RPC_CrashReport_X                                       - Instance: 0x21CB3359400
Class: RPC_RecordMetrics_X                                     - Instance: 0x21CB3359000
Class: RPCBatch_X                                              - Instance: 0x21CB3358C00
Class: RPCQueue_X                                              - Instance: 0x21CB3358800
Class: RuntimeParameterBase_X                                  - Instance: 0x21CB3358400
Class: RuntimeParameter_Speed_X                                - Instance: 0x21CB334FC00
Class: RuntimeParameters_X                                     - Instance: 0x21CB334F800
Class: SeqAct_NonNativeUpdate_X                                - Instance: 0x21CB334F400
Class: SequenceCondition_X                                     - Instance: 0x21CB334F000
Class: Serializer_X                                            - Instance: 0x21CB334EC00
Class: JSONSerializer_X                                        - Instance: 0x21CB334E800
Class: ObjectSerializer_X                                      - Instance: 0x21CB334E400
Class: OnlineGame_Base_X                                       - Instance: 0x21CB334E000
Class: OnlineGame_X                                            - Instance: 0x21CB334DC00
Class: OnlineGameServer_X                                      - Instance: 0x21CB334D800
Class: OnlineGameDedicatedServer_X                             - Instance: 0x21CB334D400
Class: OnlineGameDLC_X                                         - Instance: 0x21CB334D000
Class: OnlineGameLeaderboards_X                                - Instance: 0x21CB334CC00
Class: OnlineGameReservations_X                                - Instance: 0x21CB334C800
Class: OnlineGameStats_X                                       - Instance: 0x21CB334C400
Class: TickableStateObject_X                                   - Instance: 0x21CB3353C00
Class: SystemInfo_X                                            - Instance: 0x21CB3353800
Class: TickActorComponent_X                                    - Instance: 0x21CB3353400
Class: Timers_X                                                - Instance: 0x21CB3353000
Class: TimersComponent_X                                       - Instance: 0x21CB3352C00
Class: TickComponent_X                                         - Instance: 0x21CB3352800
Class: UIStrings_X                                             - Instance: 0x21CB3352400
Class: WebRequest_X                                            - Instance: 0x21CB3352000
Class: WordFilterTypes_X                                       - Instance: 0x21CB3351C00
Class: AnimNodeBlendBase_X                                     - Instance: 0x21CB3351800
Class: AnimNodeBlendList_X                                     - Instance: 0x21CB3351400
Class: AnimNodeCustomSeries_X                                  - Instance: 0x21CB3351000
Class: AnimNodeSeries_X                                        - Instance: 0x21CB3350C00
Class: AnimNodeSequence_X                                      - Instance: 0x21CB3350800
Class: AnimNodePose_X                                          - Instance: 0x21CB3350400
Class: AnimNotify_PlayParticleEffect_X                         - Instance: 0x21CB334BC00
Class: PsyNetBeacon_X                                          - Instance: 0x21CB334B800
Class: TcpConnection                                           - Instance: 0x21CB334B400
Class: WebSocketConnection_X                                   - Instance: 0x21CB334B000
Class: UdpPingBeaconBase_X                                     - Instance: 0x21CB334AC00
Class: UdpPingBeaconClient_X                                   - Instance: 0x21CB334A800
Class: UdpPingBeaconServer_X                                   - Instance: 0x21CB334A400
Class: PrivilegeCheck_X                                        - Instance: 0x21DF9A85C00
Class: AddReservationMessage_X                                 - Instance: 0x21DF9A85800
Class: ____OnlineGameParty_X__UpdatePartyInfo_0x1____OnlineGameParty_X__UpdatePartyInfo_0x1_0x1 - Instance: 0x21DF9A85400
Class: __OnlineGameParty_X__UpdatePartyInfo_0x1                - Instance: 0x21DF9A85000
Class: SetPlayerStorageResult_X                                - Instance: 0x21DF9A84C00
Class: ____OnlinePlayerStorageQueue_X__HandleStorageSuccess_0x2____OnlinePlayerStorageQueue_X__HandleStorageSuccess_0x4_0x1 - Instance: 0x21DF9A84800
Class: OnlinePlayerStorageQueue_X                              - Instance: 0x21DF9A84400
Class: __OnlinePlayerStorageQueue_X__HandleStorageSuccess_0x2  - Instance: 0x21CC47EBC00
Class: __AdHocBrowser_X__CreateErrorDelegate_0x1               - Instance: 0x21CC47EB800
Class: LanBrowser_X                                            - Instance: 0x21CC47EB000
Class: AdHocBrowser_X                                          - Instance: 0x21CC47EB400
Class: __AdHocBrowser_X__CreateServer_0x1                      - Instance: 0x21CC47EAC00
Class: __AdHocBrowser_X__JoinServer_0x1                        - Instance: 0x21CC47EA800
Class: __AdHocInterface_X__DisableAdHoc_0x1                    - Instance: 0x21CC47EA400
Class: AdHocInterface_X                                        - Instance: 0x21CC47EA000
Class: __AdHocInterface_X__EnableAdHoc_0x1                     - Instance: 0x21CC47E9C00
Class: __AvatarRequester_X__AddCallbackToRequest_0x1           - Instance: 0x21CC47E9800
Class: AvatarRequester_X                                       - Instance: 0x21CC47E9400
Class: __AvatarRequester_X__FindRequestFromArray_0x1           - Instance: 0x21CC47E9000
Class: PendingAvatarRequest_X                                  - Instance: 0x21CC47E8C00
Class: __AvatarRequester_X__GetPlayerAvatar_0x1                - Instance: 0x21CC47E8800
Class: __AvatarRequester_X__GetPlayerAvatars_0x1               - Instance: 0x21CC47E8400
Class: __AvatarRequester_X__RemoveRequestFromArray_0x1         - Instance: 0x21CC47DFC00
Class: __AvatarRequester_X__TimerReadAvatars_0x1               - Instance: 0x21CC47DF800
Class: __BlockStatusReporter_X__OnBlockListDownloadComplete_0x1 - Instance: 0x21CC47DF400
Class: BlockStatusReporter_X                                   - Instance: 0x21CC47DF000
Class: __BlockStatusReporter_X__TriggerPlayerCallback_0x1      - Instance: 0x21CC47DEC00
Class: __CheatManager_X__RandomSleep_0x1                       - Instance: 0x21CC47DE800
Class: __ClubUtil_X__IsClubTeam_0x1                            - Instance: 0x21CC47DE400
Class: ClubUtil_X                                              - Instance: 0x21CC47DE000
Class: __CrossplayConfig_X__GetDisabledCrossplayGroup_0x1      - Instance: 0x21CC47DDC00
Class: __EOSHelpers_X__RequestEOSToken_0x1                     - Instance: 0x21CC47DD800
Class: EASAuthResponse                                         - Instance: 0x21CC47DD400
Class: EOSHelpers_X                                            - Instance: 0x21CC47DD000
Class: __EOSHelpers_X__SendHTTPRequest_0x1                     - Instance: 0x21CC47DCC00
Class: EpicErrors_X                                            - Instance: 0x21CC47DC800
Class: __EOSHelpers_X__SendHTTPRequestEOSToken_0x2             - Instance: 0x21CC47DC400
Class: EpicConfig_X                                            - Instance: 0x21CC47CFC00
Class: __EOSHelpers_X__SendHTTPRequestSelectAuth_0x1           - Instance: 0x21CC47CF800
Class: __EpicFriendsPlugin_X__AcceptFriendRequest_0x1          - Instance: 0x21CC47CF400
Class: __EpicFriendsPlugin_X__AddFriendWithCustomCallback_0x1  - Instance: 0x21CC47CF000
Class: __EpicFriendsPlugin_X__bLock_0x1                        - Instance: 0x21CC47CEC00
Class: __EpicFriendsPlugin_X__GetOutgoingFriendRequestsWithCustomCallback_0x1 - Instance: 0x21CC47CE800
Class: __EpicFriendsPlugin_X__RejectFriendRequest_0x1          - Instance: 0x21CC47CE400
Class: __EpicFriendsPlugin_X__RemoveFriend_0x1                 - Instance: 0x21CC47CE000
Class: __EpicLogin_X__HandleLoginChanged_0x1                   - Instance: 0x21CC47CDC00
Class: __EpicLogin_X__TriggerAuthTicketDelegate_0x1            - Instance: 0x21CC47CD400
Class: __EpicLogin_X__UpdateTwoFactorAuthenticationStatus_0x1  - Instance: 0x21CC47CD000
Class: __EpicLogin_X__RequestNintendoAccountAuthorization_0x1  - Instance: 0x21CC47CCC00
Class: CabinedModeResponse                                     - Instance: 0x21CC47CC800
Class: __LocalClubData_X__GetClubByID_0x1                      - Instance: 0x21CC47CC400
Class: ClubSettings_X                                          - Instance: 0x21CC47AF800
Class: ClubDetails_X                                           - Instance: 0x21CC47AFC00
Class: LocalClubData_X                                         - Instance: 0x21CC47AF400
Class: __LocalClubData_X__GetClubForPlayer_0x1                 - Instance: 0x21CC47AF000
Class: __MatchRecorder_X__GetPlayerData_0x1                    - Instance: 0x21CC47AEC00
Class: MatchPlayerData_X                                       - Instance: 0x21CC47AE800
Class: MatchRecorder_X                                         - Instance: 0x21CC47AE400
Class: __OnlineClubCache_X__GetClubDetails_0x1                 - Instance: 0x21CC47AE000
Class: OnlineClubCache_X                                       - Instance: 0x21CC47ADC00
Class: __OnlineClubCache_X__GetPlayerClubDetails_0x1           - Instance: 0x21CC47AD800
Class: __OnlineClubManager_X__AcceptClubInvite_0x1             - Instance: 0x21CC47AD400
Class: OnlineClubManager_X                                     - Instance: 0x21CC47AD000
Class: __OnlineClubManager_X__InviteToClub_0x1                 - Instance: 0x21CC47ACC00
Class: __OnlineClubManager_X__LeaveClub_0x1                    - Instance: 0x21CC47AC800
Class: __OnlineClubManager_X__RejectClubInvite_0x1             - Instance: 0x21CC47AC400
Class: __OnlineClubManager_X__RemoveFromClub_0x1               - Instance: 0x21CC47ABC00
Class: __OnlineClubManager_X__SetNewRole_0x1                   - Instance: 0x21CC47AB800
Class: __OnlineClubProvider_X__HandleClubSynced_0x1            - Instance: 0x21CC47AB400
Class: RPC_ClubDetailsBase_X                                   - Instance: 0x21CC47AAC00
Class: RPC_GetClubDetails_X                                    - Instance: 0x21CC47AB000
Class: OnlineClubProvider_X                                    - Instance: 0x21CC47AA800
Class: __OnlineClubProvider_X__SyncClubDetails_0x1             - Instance: 0x21CC47AA400
Class: __OnlineClubProvider_X__SyncClubDetailsArray_0x1        - Instance: 0x21CC47AA000
Class: RPC_GetClubDetailsArray_X                               - Instance: 0x21CC47A9C00
Class: __OnlineClubProvider_X__SyncPlayerClubDetails_0x1       - Instance: 0x21CC47A9800
Class: RPC_GetPlayerClubDetails_X                              - Instance: 0x21CC47A9400
Class: __OnlineGame_X__CheckPsyNetConnection_0x1               - Instance: 0x21CC47A9000
Class: __OnlineGame_X__GetOnlinePlayerFromEpicId_0x1           - Instance: 0x21CC47A8C00
Class: __OnlineGame_X__GetOnlinePlayerFromPlayerId_0x1         - Instance: 0x21CC47A8800
Class: __OnlineGameMatchmaking_X__AddRecommendedServers_0x1    - Instance: 0x21CC47A8400
Class: RegionPing_X                                            - Instance: 0x21CC479FC00
Class: OnlineGameMatchmakingBase_X                             - Instance: 0x21CC479F400
Class: OnlineGameMatchmaking_X                                 - Instance: 0x21CC479F800
Class: __OnlineGameMatchmaking_X__GetSubRegionPings_0x1        - Instance: 0x21CC479F000
Class: Region_X                                                - Instance: 0x21CC479EC00
Class: __OnlineGameMatchmaking_X__OnReceiveGameServer_0x1      - Instance: 0x21CC479E800
Class: OnlineGameRegions_X                                     - Instance: 0x21CC479E400
Class: __OnlineGameMatchmaking_X__RecordStart_0x2              - Instance: 0x21CC479E000
Class: __OnlineGameParty_X__BroadcastAllLocalPlayers_0x2       - Instance: 0x21CC479DC00
Class: OnlineGameParty_X                                       - Instance: 0x21CC479D800
Class: GRI_X                                                   - Instance: 0x21CC479D400
Class: OSSConfig_X                                             - Instance: 0x21CC479D000
Class: PartyMessage_X                                          - Instance: 0x21CC479CC00
Class: PartyMessage_SearchStatus_X                             - Instance: 0x21CC479C800
Class: PartyMessage_LobbySettings_X                            - Instance: 0x21CC479C400
Class: PartyMessage_Kick_X                                     - Instance: 0x21CC478BC00
Class: PartyMessage_LocalPlayers_X                             - Instance: 0x21CC478B800
Class: PartyMessage_MatchmakingAvailability_X                  - Instance: 0x21CC478B400
Class: PartyMessage_JoinGame_X                                 - Instance: 0x21CC478B000
Class: PartyMessage_PartyMemberJoinGame_X                      - Instance: 0x21CC478AC00
Class: PartyMessage_DisableCrossPlay_X                         - Instance: 0x21CC478A800
Class: PartyMessage_CrossPlayTextChat_X                        - Instance: 0x21CC478A400
Class: PartyMessage_SetPlatformParty_X                         - Instance: 0x21CC478A000
Class: OnlineGameJoinGame_X                                    - Instance: 0x21CC4789C00
Class: OnlineGameAccount_X                                     - Instance: 0x21CC4789800
Class: PartySequence_InvitedToPlatformParty_X                  - Instance: 0x21CC4789400
Class: Parties_X                                               - Instance: 0x21CC4789000
Class: PartySequence_PsyNetPartyUpgrade_X                      - Instance: 0x21CC4788C00
Class: PartySequence_InvitedToPsyNetParty_X                    - Instance: 0x21CC4788800
Class: PartyPlatformSession_X                                  - Instance: 0x21CC4788400
Class: PartyMetrics_X                                          - Instance: 0x21CC4783C00
Class: __OnlineGameParty_X__CreatePartyInternal_0x1            - Instance: 0x21CC4783800
Class: PartyErrors_X                                           - Instance: 0x21CC4783400
Class: __OnlineGameParty_X__JoinParty_0x1                      - Instance: 0x21CC4783000
Class: OnlineGamePrivileges_X                                  - Instance: 0x21CC4782C00
Class: OnlineGamePlaylists_X                                   - Instance: 0x21CC4782000
Class: GameSettingPlaylist_X                                   - Instance: 0x21CC4782400
Class: __OnlineGameParty_X__HandleConfirmJoinGame_0x1          - Instance: 0x21CC4781C00
Class: __OnlineGameParty_X__HandleConfirmJoinGame_ConnectionValid_0x1 - Instance: 0x21CC4781800
Class: FindServerTask_X                                        - Instance: 0x21CC4781400
Class: PartyJoinedEvent_X                                      - Instance: 0x21CC4781000
Class: ClientReservationMessage_X                              - Instance: 0x21CC4780800
Class: __OnlineGameParty_X__HandleClientReservationMessage_0x1 - Instance: 0x21CC4780400
Class: __OnlineGameParty_X__HasMultiplePlatforms_0x1           - Instance: 0x21CC474FC00
Class: OnlineGameSkill_X                                       - Instance: 0x21CC474F800
Class: __OnlineGameParty_X__GetPlayersWithPrimaryMemberID_0x1  - Instance: 0x21CC474F400
Class: PartyConfig_X                                           - Instance: 0x21CC474F000
Class: __OnlineGameReservations_X__GetMigrationReservationData_0x1 - Instance: 0x21CC474EC00
Class: __OnlineGameReservations_X__RecordReservation_0x1       - Instance: 0x21CC474E800
Class: __OnlineGameReservations_X__SetPlayersWithMigrationData_0x2 - Instance: 0x21CC474E400
Class: __OnlineGameSkill_X__ClearPartyMembersSkill_0x1         - Instance: 0x21CC474E000
Class: __OnlineGameSkill_X__ClearSkill_0x1                     - Instance: 0x21CC474DC00
Class: PlaylistSkillCache_X                                    - Instance: 0x21CC474D800
Class: __OnlineGameSkill_X__HandleSyncedPlayerSkill_0x1        - Instance: 0x21CC474D400
Class: __OnlineGameSkill_X__OnSkillSynced_0x1                  - Instance: 0x21CC474D000
Class: __OnlineGameWordFilter_X__InternalSanitize_0x1          - Instance: 0x21CC474CC00
Class: OnlineGameWordFilter_X                                  - Instance: 0x21CC474C800
Class: __OnlineLegalTextEOS_X__HandleEOSInitialized_0x1        - Instance: 0x21CC474C400
Class: __OnlineLegalTextEOS_X__RequestKey_0x1                  - Instance: 0x21CC472FC00
Class: KeyRequestResponse                                      - Instance: 0x21CC472F800
Class: NullResponse                                            - Instance: 0x21CC472F400
Class: __OnlinePlayerFriends_X__AcceptEpicFriendInvite_0x1     - Instance: 0x21CC472F000
Class: OnlinePlayerFriends_X                                   - Instance: 0x21CC472EC00
Class: __OnlinePlayerFriends_X__BlockPlayer_0x1                - Instance: 0x21CC472E800
Class: __OnlinePlayerFriends_X__SubscribeToEpicFriendsPlugin_0x1 - Instance: 0x21CC472E400
Class: RetryDelayer_X                                          - Instance: 0x21CC472E000
Class: __OnlinePlayerFriends_X__UnblockPlayer_0x1              - Instance: 0x21CC472DC00
Class: __OnlinePlayerFriends_X__LinkPlatformToEpic_0x1         - Instance: 0x21CC472D800
Class: SocialMetrics_X                                         - Instance: 0x21CC472D400
Class: __OnlinePlayerFriends_X__InviteEpicFriend_0x1           - Instance: 0x21CC472D000
Class: __OnlinePlayerFriends_X__DeclineEpicFriendInvite_0x1    - Instance: 0x21CC472CC00
Class: __OnlinePlayerFriends_X__TriggerSocialCallback_0x1      - Instance: 0x21CC472C800
Class: __OnlinePlayerFriends_X__RemoveEpicFriend_0x1           - Instance: 0x21CC472C400
Class: RPC_PsyNetSendIndividualChat_X                          - Instance: 0x21CC470BC00
Class: EpicFriends_X                                           - Instance: 0x21CC470B800
Class: PlatformFriends_X                                       - Instance: 0x21CC470B400
Class: __OnlinePlayerStorageQueue_X__GetStorageMaxSizeBytes_0x1 - Instance: 0x21CC470B000
Class: EncodeObject_X                                          - Instance: 0x21CC470AC00
Class: RPC_PlayerStorageSet_X                                  - Instance: 0x21CC470A800
Class: __OnlinePlayerStorageQueue_X__MapResultItem_0x1         - Instance: 0x21CC470A400
Class: __OnlinePlayerStorageSync_X__SyncObjects_0x1            - Instance: 0x21CC470A000
Class: OnlinePlayerStorageSync_X                               - Instance: 0x21CC4709C00
Class: __Parties_X__HandleIncomingPartyNotification_0x1        - Instance: 0x21CC4709800
Class: PsyNetService_Party_X                                   - Instance: 0x21CC4709400
Class: __PartyMessageQueue_X__SendMessage_0x1                  - Instance: 0x21CC4709000
Class: PartyMessageQueue_X                                     - Instance: 0x21CC4708C00
Class: __PartySequence_CreateParty_X__CreateParty_0x1          - Instance: 0x21CC4708800
Class: RPC_PartyCreate_X                                       - Instance: 0x21CC4708400
Class: PartySequence_CreateParty_X                             - Instance: 0x21CC46FBC00
Class: __PartySequence_InvitedToPlatformParty_X__HandlePlayerInvited_0x1 - Instance: 0x21CC46FB800
Class: __PartySequence_InvitedToPsyNetParty_X__HandlePlayerInvitedPrompt_0x1 - Instance: 0x21CC46FB400
Class: __PartySequence_InvitedToPsyNetParty_X__HandlePlayerInvitedSilent_0x1 - Instance: 0x21CC46FB000
Class: __PartySequence_JoinParty_X__HandleGetPlatformPartyMessage_0x1 - Instance: 0x21CC46FAC00
Class: PartyMessage_GetPlatformParty_X                         - Instance: 0x21CC46FA800
Class: PartySequence_JoinParty_X                               - Instance: 0x21CC46FA400
Class: __PRI_X__RegisterPlayerWithSession_0x1                  - Instance: 0x21CC46FA000
Class: PRI_X                                                   - Instance: 0x21CC46F9C00
Class: __PsyNetBeacon_X__SendMessageToClients_0x1              - Instance: 0x21CC46F9800
Class: RPC_RelayToClient_X                                     - Instance: 0x21CC46F9400
Class: __PsyNetBeacon_X__SendMessageToServer_0x1               - Instance: 0x21CC46F9000
Class: RPC_RelayToServer_X                                     - Instance: 0x21CC46F8C00
Class: __PsyNetConnection_X__ProcessServiceCall_0x1            - Instance: 0x21CC46F8800
Class: __PsyNetMessengerHttp_X__SendMessage_0x1                - Instance: 0x21CC46F8400
Class: __PsyNetRequestQue_X__SendRequest_0x1                   - Instance: 0x21CC46EFC00
Class: PsyNetRequestQue_X                                      - Instance: 0x21CC46EF800
Class: __PsyNetServiceProvider_X__CreateChannel_0x1            - Instance: 0x21CC46EF400
Class: PsyNetChannel_X                                         - Instance: 0x21CC46EF000
Class: PsyNetServiceProvider_X                                 - Instance: 0x21CC46EEC00
Class: __PsyNetServiceProvider_X__ExecuteRequest_0x1           - Instance: 0x21CC46EE800
Class: __PsyNetServiceProvider_X__ExecuteServiceMessage_0x1    - Instance: 0x21CC46EE400
Class: TAsyncResult__PsyNetClientService_X                     - Instance: 0x21CC46EE000
Class: __PsyNetWordFilter_X__WordFilterSanitizeString_0x1      - Instance: 0x21CC46EDC00
Class: RPC_FilterContent_X                                     - Instance: 0x21CC46ED800
Class: PsyNetWordFilter_X                                      - Instance: 0x21CC46ED400
Class: __RegionConfig_X__GetSubRegions_0x1                     - Instance: 0x21CC46ED000
Class: RegionConfig_X                                          - Instance: 0x21CC46ECC00
Class: __RemoteAvatarPermissions_X__GetPermissions_0x1         - Instance: 0x21CC46EC800
Class: RemoteAvatarPermissionsRequestBatch_X                   - Instance: 0x21CC46EC400
Class: __RemoteAvatarPermissions_X__SetAvatarPermission_0x1    - Instance: 0x21CC46EBC00
Class: __RPC_X__CreateTask_0x1                                 - Instance: 0x21CC46EB800
Class: __RPCQueue_X__CreateBatch_0x2                           - Instance: 0x21CC46EB400
Class: __RPCQueue_X__CreateBatchSingleRPC_0x1                  - Instance: 0x21CC46EB000
Class: __ServerPlayerTracker_X__AddPlayer_0x1                  - Instance: 0x21CC46EAC00
Class: ServerPlayerTracker_X                                   - Instance: 0x21CC46EA800
Class: __StatusObserver_X__FindByAcceptedType_0x1              - Instance: 0x21CC46EA400
Class: StatusTrigger_X                                         - Instance: 0x21CC46EA000
Class: TriggerInfo                                             - Instance: 0x21CC46E9C00
Class: StatusObserver_X                                        - Instance: 0x21CC46E9800
Class: __StatusObserver_X__ObservesTriggerType_0x1             - Instance: 0x21CC46E9400
Class: __TAsyncResult__array_ClubInvite_X__Copy_0x1            - Instance: 0x21CC46E9000
Class: TAsyncResult__array_ClubInvite_X                        - Instance: 0x21CC46E8C00
Class: ClubInvite_X                                            - Instance: 0x21CC46E8800
Class: __TAsyncResult__array_ClubInvite_X__NotifyOnResult_0x1  - Instance: 0x21CC46E8400
Class: __TAsyncResult__array_ClubInvite_X__NotifyOnResultComplete_0x1 - Instance: 0x21CC46D7C00
Class: __TAsyncResult__array_ClubInvite_X__SetResultWhen_0x1   - Instance: 0x21CC46D7800
Class: __TAsyncResult__array_LanServerRecord_X__Copy_0x1       - Instance: 0x21CC46D7400
Class: TAsyncResult__array_LanServerRecord_X                   - Instance: 0x21CC46D7000
Class: LanServerRecord_X                                       - Instance: 0x21CC46D6C00
Class: __TAsyncResult__array_LanServerRecord_X__NotifyOnResult_0x1 - Instance: 0x21CC46D6800
Class: __TAsyncResult__array_LanServerRecord_X__NotifyOnResultComplete_0x1 - Instance: 0x21CC46D6400
Class: __TAsyncResult__array_LanServerRecord_X__SetResultWhen_0x1 - Instance: 0x21CC46D6000
Class: __TAsyncResult__ClubDetails_X__Copy_0x1                 - Instance: 0x21CC46D5C00
Class: TAsyncResult__ClubDetails_X                             - Instance: 0x21CC46D5800
Class: __TAsyncResult__ClubDetails_X__NotifyOnResult_0x1       - Instance: 0x21CC46D5400
Class: __TAsyncResult__ClubDetails_X__NotifyOnResultComplete_0x1 - Instance: 0x21CC46D5000
Class: __TAsyncResult__ClubDetails_X__SetResultWhen_0x1        - Instance: 0x21CC46D4C00
Class: __TAsyncResult__PsyNetClientService_X__Copy_0x1         - Instance: 0x21CC46D4800
Class: __TAsyncResult__PsyNetClientService_X__NotifyOnResult_0x1 - Instance: 0x21CC46D4400
Class: __TAsyncResult__PsyNetClientService_X__NotifyOnResultComplete_0x1 - Instance: 0x21CC46DBC00
Class: __TAsyncResult__PsyNetClientService_X__SetResultWhen_0x1 - Instance: 0x21CC46DB800
Class: __TAsyncResult__PsyNetMessage_X__Copy_0x1               - Instance: 0x21CC46DB400
Class: TAsyncResult__PsyNetMessage_X                           - Instance: 0x21CC46DB000
Class: __TAsyncResult__PsyNetMessage_X__NotifyOnResult_0x1     - Instance: 0x21CC46DAC00
Class: __TAsyncResult__PsyNetMessage_X__NotifyOnResultComplete_0x1 - Instance: 0x21CC46DA800
Class: __TAsyncResult__PsyNetMessage_X__SetResultWhen_0x1      - Instance: 0x21CC46DA400
Class: __TAsyncResult__Texture2DDynamic__Copy_0x1              - Instance: 0x21CC46DA000
Class: TAsyncResult__Texture2DDynamic                          - Instance: 0x21CC46D9C00
Class: __TAsyncResult__Texture2DDynamic__NotifyOnResult_0x1    - Instance: 0x21CC46D9800
Class: __TAsyncResult__Texture2DDynamic__NotifyOnResultComplete_0x1 - Instance: 0x21CC46D9400
Class: __TAsyncResult__Texture2DDynamic__SetResultWhen_0x1     - Instance: 0x21CC46D9000
Class: __TitleConfig_X__GetClubTitleData_0x1                   - Instance: 0x21CC46D8C00
Class: TitleConfig_X                                           - Instance: 0x21CC46D8800
Class: __TitleConfig_X__GetTitleData_0x1                       - Instance: 0x21CC46D8400
Class: __WebCache_X__DownloadData_0x1                          - Instance: 0x21CC46C7C00
Class: WebCache_X                                              - Instance: 0x21CC46C7800
Class: __WebImageCache_X__HandleImageData_0x1                  - Instance: 0x21CC46C7400
Class: WebImageDownload_X                                      - Instance: 0x21CC46C7000
Class: WebImageCache_X                                         - Instance: 0x21CC46C6C00
Class: __WebImageCache_X__StartSync_0x1                        - Instance: 0x21CC46C6800
Class: __WebImageCache_X__SyncUncachedImage_0x1                - Instance: 0x21CC46C6400
Class: _ReservationTypes_X                                     - Instance: 0x21CC46C6000
Class: ActionQueue_X                                           - Instance: 0x21CC46C5C00
Class: ActivateAnimSeriesComponent_X                           - Instance: 0x21CC46C5800
Class: AddReservationMessagePrivate_X                          - Instance: 0x21CC46C5400
Class: AddReservationMessagePublic_X                           - Instance: 0x21CC46C5000
Class: AgeGateRequiredResponse                                 - Instance: 0x21CC46C4C00
Class: AppConfig_X                                             - Instance: 0x21CC46C4800
Class: AprilConfig_X                                           - Instance: 0x21CC46C4400
Class: SeqEvent_Spawned_X                                      - Instance: 0x21CC469FC00
Class: VanityConfig_X                                          - Instance: 0x21CC469F800
Class: BanMessage_X                                            - Instance: 0x21CC469F400
Class: BlockStatusMetrics_X                                    - Instance: 0x21CC469F000
Class: BlockStatusReporterConfig_X                             - Instance: 0x21CC469EC00
Class: BlogConfig_X                                            - Instance: 0x21CC469E800
Class: BlogTile_X                                              - Instance: 0x21CC469E400
Class: BreadcrumbConfig_X                                      - Instance: 0x21CC469E000
Class: BugMetrics_X                                            - Instance: 0x21CC469DC00
Class: CacheTimer_X                                            - Instance: 0x21CC469D800
Class: CameraStateBlender_X                                    - Instance: 0x21CC469D400
Class: CameraState_X                                           - Instance: 0x21CC469D000
Class: CameraUtils_X                                           - Instance: 0x21CC469CC00
Class: CameraModifier_CameraShake_X                            - Instance: 0x21CC469C800
Class: CameraState_CamActor_X                                  - Instance: 0x21CC4667C00
Class: CameraState_CamActorCinematic_X                         - Instance: 0x21CC4667800
Class: CancelJoinMessage_X                                     - Instance: 0x21CC4667400
Class: CDN_X                                                   - Instance: 0x21CC4667000
Class: HUD_X                                                   - Instance: 0x21CC4666C00
Class: CheckReservation_X                                      - Instance: 0x21CC4666800
Class: RPC_ReservationHeartbeat_X                              - Instance: 0x21CC4666400
Class: MatchmakingMetrics_X                                    - Instance: 0x21CC4666000
Class: ClanforgeReservation_X                                  - Instance: 0x21CC4665C00
Class: ClientNetMetrics_X                                      - Instance: 0x21CC4665800
Class: GameServerPinger_X                                      - Instance: 0x21CC4665400
Class: InitialServerToClientMessage_X                          - Instance: 0x21CC4665000
Class: ClubErrors_X                                            - Instance: 0x21CC4664C00
Class: ClubMetrics_X                                           - Instance: 0x21CC4664800
Class: ClubServerResult_X                                      - Instance: 0x21CC4664400
Class: ServerToServerMessage_X                                 - Instance: 0x21CC4643C00
Class: ConnectionInfoMessage_X                                 - Instance: 0x21CC4643800
Class: DDoSService_X                                           - Instance: 0x21CC4643400
Class: URLValidator_X                                          - Instance: 0x21CC4643000
Class: DebugDrawer_X                                           - Instance: 0x21CC4642C00
Class: DecodeObject_X                                          - Instance: 0x21CC4642400
Class: DecodeObjectJson_X                                      - Instance: 0x21CC4642000
Class: DecodeObjectTypes_X                                     - Instance: 0x21CC4641C00
Class: DecodeObjectUObject_X                                   - Instance: 0x21CC4641800
Class: DownloadedPlaylistsData_X                               - Instance: 0x21CC4641400
Class: DSPendingMessage_X                                      - Instance: 0x21CC4641000
Class: DSR_DSMessage_X                                         - Instance: 0x21CC4640C00
Class: DSR_ClientMessage_X                                     - Instance: 0x21CC4640800
Class: DSR_DSToDSMessage_X                                     - Instance: 0x21CC4640400
Class: DynamicValue_X                                          - Instance: 0x21CC461FC00
Class: DynamicValueModifier_X                                  - Instance: 0x21CC461F800
Class: DynamicValueModifierCurve_X                             - Instance: 0x21CC461F400
Class: DynamicValueModifierDuration_X                          - Instance: 0x21CC461F000
Class: EnableOnlineSave_X                                      - Instance: 0x21CC461EC00
Class: EncodeObjectFactory_X                                   - Instance: 0x21CC461E800
Class: EncodeObjectUObject_X                                   - Instance: 0x21CC461E400
Class: EncodeObjectJson_X                                      - Instance: 0x21CC461E000
Class: EncodeObjectTypes_X                                     - Instance: 0x21CC461DC00
Class: PreExitEvent_X                                          - Instance: 0x21CC461D800
Class: EOSEvent_Presence_X                                     - Instance: 0x21CC461D400
Class: __EOSHelpers_X__RequestClientAuthToken_0x1              - Instance: 0x21CC461D000
Class: EOSMetricsConfig_X                                      - Instance: 0x21CC461CC00
Class: LocalizedAccountLinkURL                                 - Instance: 0x21CC461C800
Class: SeqAct_TriggerFXActor_X                                 - Instance: 0x21CC461C400
Class: Explosion_X                                             - Instance: 0x21CC45CF800
Class: RPC_JoinMatch_X                                         - Instance: 0x21CC45CF400
Class: IOnlineGameHost_X                                       - Instance: 0x21CC45CF000
Class: GameInfo_MapProfiler_X                                  - Instance: 0x21CC45CEC00
Class: GameSettingConfig_X                                     - Instance: 0x21CC45CE800
Class: PresetMutators_X                                        - Instance: 0x21CC45CE400
Class: PlaylistSettings_X                                      - Instance: 0x21CC45CE000
Class: OnlineGameDedicatedServerRegistration_X                 - Instance: 0x21CC45CDC00
Class: GetPlayerStorageResult_X                                - Instance: 0x21CC45CD800
Class: GetPlayerStorageResultItem_X                            - Instance: 0x21CC45CD400
Class: GFxModal_X                                              - Instance: 0x21CC45CD000
Class: ICabinedOrGuest                                         - Instance: 0x21CC45CC800
Class: IOnlineGamePlaylists_X                                  - Instance: 0x21CC45CC400
Class: LanMessage_X                                            - Instance: 0x21CC456BC00
Class: LanMessage_HostQuery_X                                  - Instance: 0x21CC456B800
Class: LanMessage_HostResponse_X                               - Instance: 0x21CC456B400
Class: LanMessage_Ping_X                                       - Instance: 0x21CC456B000
Class: LegalConfig_X                                           - Instance: 0x21CC456AC00
Class: LocalCacheTests_X                                       - Instance: 0x21CC456A800
Class: LoginResponse_X                                         - Instance: 0x21CC456A400
Class: MapPrefsConfig_X                                        - Instance: 0x21CC456A000
Class: MatchData_X                                             - Instance: 0x21CC4569C00
Class: MatchEndedMessage_X                                     - Instance: 0x21CC4569800
Class: MatchInfoMessage_X                                      - Instance: 0x21CC4569400
Class: MatchInfoWebService_X                                   - Instance: 0x21CC4569000
Class: MatchLog_X                                              - Instance: 0x21CC4568C00
Class: MatchSetupFailedMessage_X                               - Instance: 0x21CC4568800
Class: MaterialEffect_X                                        - Instance: 0x21CC4568400
Class: PauseMetricsState_X                                     - Instance: 0x21CC453BC00
Class: NetModeBase                                             - Instance: 0x21CC453B400
Class: NetMode_Networked                                       - Instance: 0x21CC453B800
Class: MigrationStartedMessage_X                               - Instance: 0x21CC453B000
Class: MirrorUtils_X                                           - Instance: 0x21CC453AC00
Class: NetMetricsSystem_X                                      - Instance: 0x21CC453A800
Class: NetMode_DedicatedClient                                 - Instance: 0x21CC453A400
Class: NetworkPingEvent_X                                      - Instance: 0x21CC453A000
Class: NetMode_Authoritative                                   - Instance: 0x21CC4539C00
Class: NetMode_Client                                          - Instance: 0x21CC4539800
Class: NetMode_DedicatedServer                                 - Instance: 0x21CC4539400
Class: NetMode_ListenServer                                    - Instance: 0x21CC4539000
Class: NetMode_Server                                          - Instance: 0x21CC4538C00
Class: NetMode_Standalone                                      - Instance: 0x21CC4538800
Class: NetModeReplicator_X                                     - Instance: 0x21CC4538400
Class: NetModeSystem_X                                         - Instance: 0x21CC4533C00
Class: RPC_CreateClub_X                                        - Instance: 0x21CC4533800
Class: RPC_UpdateClubName_X                                    - Instance: 0x21CC4533400
Class: RPC_UpdateClubColors_X                                  - Instance: 0x21CC4533000
Class: RPC_UpdateClubTitle_X                                   - Instance: 0x21CC4532C00
Class: RPC_InviteToClub_X                                      - Instance: 0x21CC4532800
Class: RPC_RemoveFromClub_X                                    - Instance: 0x21CC4532400
Class: RPC_SetClubOwner_X                                      - Instance: 0x21CC4532000
Class: RPC_SetClubRole_X                                       - Instance: 0x21CC4531C00
Class: RPC_GetClubInvites_X                                    - Instance: 0x21CC4531800
Class: RPC_AcceptClubInvite_X                                  - Instance: 0x21CC4531400
Class: RPC_RejectClubInvite_X                                  - Instance: 0x21CC4531000
Class: RPC_LeaveClub_X                                         - Instance: 0x21CC4530C00
Class: OnlineClubServerList_X                                  - Instance: 0x21CC4530800
Class: RPC_GetClubPrivateMatches_X                             - Instance: 0x21CC4530400
Class: OnlineConfigDispatcher_X                                - Instance: 0x21CC450FC00
Class: UrlConfig_X                                             - Instance: 0x21CC450F800
Class: OnlineGameVersion_X                                     - Instance: 0x21CC450F400
Class: OnlineGameWordFilterProcessor_X                         - Instance: 0x21CC450F000
Class: OnlineGameInvite_X                                      - Instance: 0x21CC450EC00
Class: OnlineGameVoice_X                                       - Instance: 0x21CC450E800
Class: OnlineGamePopulation_X                                  - Instance: 0x21CC450E400
Class: OnlineGameServerBrowser_X                               - Instance: 0x21CC450E000
Class: OnlineGamePrivateMatch_X                                - Instance: 0x21CC450DC00
Class: UdpLanBrowser_X                                         - Instance: 0x21CC450D800
Class: SystemMetrics_X                                         - Instance: 0x21CC450D400
Class: RPC_GetPublicIP_X                                       - Instance: 0x21CC450D000
Class: RPC_UpdatePlayerPlaylist_X                              - Instance: 0x21CC450C800
Class: ServerExploitManager_X                                  - Instance: 0x21CC450C400
Class: OnlinePlayerPermissions_X                               - Instance: 0x21CC44E7C00
Class: RPC_CheckReplacementDedicatedServer_X                   - Instance: 0x21CC44E7800
Class: RPC_AddQuitter_X                                        - Instance: 0x21CC44E7400
Class: RPC_RemoveQuitter_X                                     - Instance: 0x21CC44E7000
Class: RPC_RecordMatch_X                                       - Instance: 0x21CC44E6C00
Class: RPC_UpdateGameServer_X                                  - Instance: 0x21CC44E6800
Class: RPC_CreateGameServer_X                                  - Instance: 0x21CC44E6400
Class: ServerMetrics_X                                         - Instance: 0x21CC44E6000
Class: RPC_DeactivateGameServer_X                              - Instance: 0x21CC44E5C00
Class: RPC_SetServerNotJoinable_X                              - Instance: 0x21CC44E5800
Class: ReservationsMetrics_X                                   - Instance: 0x21CC44E5400
Class: QueuedOfflineMessage_X                                  - Instance: 0x21CC44E5000
Class: RPC_ServerToServer_X                                    - Instance: 0x21CC44E4C00
Class: ReservationsFullMessage_X                               - Instance: 0x21DFB23BC00
Class: ReservationsTeamFullMessage_X                           - Instance: 0x21DFB23B800
Class: ReservationsWaitingMessage_X                            - Instance: 0x21DFB23B400
Class: ReservationsReadyMessage_X                              - Instance: 0x21DFB23B000
Class: ReservationsTimedOutMessage_X                           - Instance: 0x21DFB23AC00
Class: ReservationsPrivateMessage_X                            - Instance: 0x21DFB23A800
Class: ReservationsPasswordMessage_X                           - Instance: 0x21DFB23A400
Class: ReservationsWrongPlaylistMessage_X                      - Instance: 0x21DFB23A000
Class: ReservationsWrongRankedMatchMessage_X                   - Instance: 0x21DFB239C00
Class: ReservationsKeysFailedMessage_X                         - Instance: 0x21DFB239800
Class: ReservationCrossplayDisabledMessage_X                   - Instance: 0x21DFB239400
Class: ReservationsMaxPlayersMessage_X                         - Instance: 0x21DFB239000
Class: PingMessage_X                                           - Instance: 0x21DFB238C00
Class: RPC_GetLeaderboardValueForUserBase_X                    - Instance: 0x21DFB238400
Class: RPC_GetSkillLeaderboardValueForUser_X                   - Instance: 0x21DFB238800
Class: RPC_GetLeaderboardValueForUser_X                        - Instance: 0x21DFB21FC00
Class: RPC_GetLeaderboardBase_X                                - Instance: 0x21DFB21F400
Class: RPC_GetSkillLeaderboard_X                               - Instance: 0x21DFB21F800
Class: RPC_GetLeaderboard_X                                    - Instance: 0x21DFB21F000
Class: RPC_GetLeaderboardRankForUsersBase_X                    - Instance: 0x21DFB21E800
Class: RPC_GetSkillLeaderboardRankForUsers_X                   - Instance: 0x21DFB21EC00
Class: RPC_GetLeaderboardRankForUsers_X                        - Instance: 0x21DFB21E400
Class: RPC_StartMatchmaking_X                                  - Instance: 0x21DFB21E000
Class: SuperRegion_X                                           - Instance: 0x21DFB21DC00
Class: RPC_PlayerCancelMatchmaking_X                           - Instance: 0x21DFB21D400
Class: RankedConfig_X                                          - Instance: 0x21DFB21CC00
Class: RPC_GetPopulation_X                                     - Instance: 0x21DFB21C800
Class: RPC_PlayerSearchPrivateMatch_X                          - Instance: 0x21DFB21C400
Class: RPC_GetSubRegions_X                                     - Instance: 0x21DFB1D3C00
Class: RPC_GetGameServerPingList_X                             - Instance: 0x21DFB1D3800
Class: RegionPinger_X                                          - Instance: 0x21DFB1D3400
Class: RPC_GetGameServerPingList2_X                            - Instance: 0x21DFB1D3000
Class: RegionPingData_X                                        - Instance: 0x21DFB1D2C00
Class: OnlineGameReservations_AssignTeamsByParty_X             - Instance: 0x21DFB1D2800
Class: RegionPingMessage_X                                     - Instance: 0x21DFB1D2400
Class: PsyNetService_ReservationBase_X                         - Instance: 0x21DFB1D1C00
Class: PsyNetService_NewGame_X                                 - Instance: 0x21DFB1D2000
Class: PsyNetService_Backfill_X                                - Instance: 0x21DFB1D1800
Class: PsyNetService_CreatePrivate_X                           - Instance: 0x21DFB1D1400
Class: PsyNetService_JoinPrivate_X                             - Instance: 0x21DFB1D1000
Class: PsyNetService_FriendJoin_X                              - Instance: 0x21DFB1D0C00
Class: PsyNetService_Reconnect_X                               - Instance: 0x21DFB1D0800
Class: RPC_GetPlayerSkill_X                                    - Instance: 0x21DFB1D0400
Class: RPC_GetPartyMemberSkill_X                               - Instance: 0x21DFB17BC00
Class: SyncedSkillData_X                                       - Instance: 0x21DFB17B800
Class: RPC_RecordMatchResults_X                                - Instance: 0x21DFB17B000
Class: RPC_UpdateSkills_X                                      - Instance: 0x21DFB17B400
Class: RPC_UpdateLeaderboard_X                                 - Instance: 0x21DFB17A800
Class: WordFilterConfig_X                                      - Instance: 0x21DFB17A400
Class: UserBugReportComponent_X                                - Instance: 0x21DFB17A000
Class: OnlinePlayerRegionRestrictions_X                        - Instance: 0x21DFB179C00
Class: OnlinePlayerStorage_X                                   - Instance: 0x21DFB179800
Class: RPC_LoginAuthPlayer_X                                   - Instance: 0x21DFB179000
Class: RPC_GetPlayerPermissions_X                              - Instance: 0x21DFB178800
Class: OnlinePlayerStorageManifest_X                           - Instance: 0x21DFB178400
Class: OnlinePlayerStorageConfig_X                             - Instance: 0x21DFB11FC00
Class: SaveLock_X                                              - Instance: 0x21DFB11F800
Class: RPC_PlayerStorageGet_X                                  - Instance: 0x21DFB11F400
Class: OnlineResource_X                                        - Instance: 0x21DFB11F000
Class: OnlineSaveLock_X                                        - Instance: 0x21DFB11EC00
Class: RPC_PartyBase_X                                         - Instance: 0x21DFB11E400
Class: RPC_PartyMessage_X                                      - Instance: 0x21DFB11E800
Class: PartySequence_JoinRequest_X                             - Instance: 0x21DFB11E000
Class: PartySequence_InviteToParty_X                           - Instance: 0x21DFB11DC00
Class: PartySequence_LeaveParty_X                              - Instance: 0x21DFB11D800
Class: SignedMessageObject_X                                   - Instance: 0x21DFB11D400
Class: RPC_PartyChat_X                                         - Instance: 0x21DFB11D000
Class: RPC_SignedPartyChat_X                                   - Instance: 0x21DFB11CC00
Class: RPC_PartyChangeOwner_X                                  - Instance: 0x21DFB11C800
Class: RPC_PartyKickMember_X                                   - Instance: 0x21DFB11C400
Class: RPC_PartyInfo_X                                         - Instance: 0x21DFB0EBC00
Class: PsyNetService_PartyUserInvited_X                        - Instance: 0x21DFB0EB800
Class: PsyNetService_PartyJoinRequestReceived_X                - Instance: 0x21DFB0EB400
Class: PsyNetService_PartyJoinRequestDeleted_X                 - Instance: 0x21DFB0EB000
Class: PsyNetService_PartyJoinRequestAccepted_X                - Instance: 0x21DFB0EAC00
Class: PsyNetService_PartySystem_X                             - Instance: 0x21DFB0EA800
Class: PsyNetService_PartyUserJoined_X                         - Instance: 0x21DFB0EA400
Class: PsyNetService_PartyUserKicked_X                         - Instance: 0x21DFB0EA000
Class: PsyNetService_PartyUserLeft_X                           - Instance: 0x21DFB0E9C00
Class: PsyNetService_PartyUserDisconnected_X                   - Instance: 0x21DFB0E9800
Class: PsyNetService_PartyOwnerChanged_X                       - Instance: 0x21DFB0E9400
Class: PsyNetService_SignedPartyChat_X                         - Instance: 0x21DFB0E9000
Class: PsyNetService_PartyChat_X                               - Instance: 0x21DFB0E8C00
Class: PartyMessage_GetPlatformPartyResponse_X                 - Instance: 0x21DFB0E8400
Class: RPC_PartySendInvite_X                                   - Instance: 0x21DFB0C7C00
Class: RPC_PartyJoin_X                                         - Instance: 0x21DFB0C7800
Class: RPC_PartySendJoinRequest_X                              - Instance: 0x21DFB0C7000
Class: RPC_PartyAcceptJoinRequest_X                            - Instance: 0x21DFB0C6C00
Class: RPC_PartyLeave_X                                        - Instance: 0x21DFB0C6800
Class: PauseStaticDataSync_X                                   - Instance: 0x21DFB0C6400
Class: PerConMetrics_X                                         - Instance: 0x21DFB0C6000
Class: Platform_Console                                        - Instance: 0x21DFB0C5C00
Class: Platform_DedicatedServer                                - Instance: 0x21DFB0C5800
Class: Platform_Dingo                                          - Instance: 0x21DFB0C5400
Class: Platform_GameClient                                     - Instance: 0x21DFB0C5000
Class: Platform_NNX                                            - Instance: 0x21DFB0C4C00
Class: Platform_Orbis                                          - Instance: 0x21DFB0C4800
Class: Platform_PC                                             - Instance: 0x21DFB0C4400
Class: Platform_Server                                         - Instance: 0x21DFB0B7C00
Class: PlatformSystem_X                                        - Instance: 0x21DFB0B7800
Class: PlayerActivityMetrics_X                                 - Instance: 0x21DFB0B7400
Class: PlayerActivityMetricsConfig_X                           - Instance: 0x21DFB0B7000
Class: PostProcessManager_X                                    - Instance: 0x21DFB0B6C00
Class: PrimaryAuthLoggedIn_TA                                  - Instance: 0x21DFB0B6400
Class: PsyNetBreadcrumbObserver_X                              - Instance: 0x21DFB0B6000
Class: PsyNetService_DuplicateLogin_X                          - Instance: 0x21DFB0B5C00
Class: PsyNetMetrics_X                                         - Instance: 0x21DFB0B5400
Class: PsyNetService_CreateHonorDuel_X                         - Instance: 0x21DFB0B5000
Class: PsyNetService_Echo_X                                    - Instance: 0x21DFB0B4C00
Class: PsyNetService_PersonaInfo_X                             - Instance: 0x21DFB0B4800
Class: PsyNetService_FriendAcceptedRequest_X                   - Instance: 0x21DFB0B4400
Class: PsyNetService_IncomingFriendRequest_X                   - Instance: 0x21DFB057C00
Class: PsyNetService_OnlineStatusUpdate_X                      - Instance: 0x21DFB057800
Class: PsyNetService_PlayerUnfriended_X                        - Instance: 0x21DFB057400
Class: WebConfig_X                                             - Instance: 0x21DFB057000
Class: PsyNetStaticDataMetrics_X                               - Instance: 0x21DFB056C00
Class: StaticDataError_X                                       - Instance: 0x21DFB056800
Class: RPC_CanShowAvatar_X                                     - Instance: 0x21DFB056400
Class: ReservationsSettingUpMatchMessage_X                     - Instance: 0x21DFB056000
Class: RPC_AddPlayerToRole_X                                   - Instance: 0x21DFB055C00
Class: RPC_ClearClubInvites_X                                  - Instance: 0x21DFB055800
Class: RPC_ClubsRecordStats_X                                  - Instance: 0x21DFB055400
Class: RPC_FileStorage_GetFileDownloadUrl_X                    - Instance: 0x21DFB055000
Class: RPC_FileStorage_GetFileUploadUrl_X                      - Instance: 0x21DFB054C00
Class: RPC_GetAntiAddictionData_X                              - Instance: 0x21DFB054800
Class: RPC_GetClubStats_X                                      - Instance: 0x21DFB054400
Class: RPC_GetClubTitles_X                                     - Instance: 0x21DFB01BC00
Class: RPC_GetGenericDataAll_X                                 - Instance: 0x21DFB01B800
Class: RPC_GetPlayerTitles_X                                   - Instance: 0x21DFB01B400
Class: RPC_RemovePlayerFromRole_X                              - Instance: 0x21DFB01B000
Class: RPC_ReportExploiter_X                                   - Instance: 0x21DFB01AC00
Class: RPC_ReportLowFPS_X                                      - Instance: 0x21DFB01A800
Class: RPC_SetClubMotD_X                                       - Instance: 0x21DFB01A400
Class: RPC_SetPlayerSkill_X                                    - Instance: 0x21DFB01A000
Class: RPC_SetPlayerSkillTier_X                                - Instance: 0x21DFB019C00
Class: RPC_SetRichPresence_X                                   - Instance: 0x21DFB019800
Class: RPC_SetSeasonReward_X                                   - Instance: 0x21DFB019400
Class: RPC_Test_X                                              - Instance: 0x21DFB019000
Class: TestsHelper_X                                           - Instance: 0x21DFB018C00
Class: RPC_TestPlayerID_X                                      - Instance: 0x21DFB018800
Class: RPC_UpdateClub_X                                        - Instance: 0x21DFB018400
Class: SeqAct_SpawnArchetype_X                                 - Instance: 0x21DFAFE3C00
Class: SkelControlBlendTargetComponent_X                       - Instance: 0x21DFAFE3800
Class: SmoothDynamicValue_X                                    - Instance: 0x21DFAFE3400
Class: StringUtil_X                                            - Instance: 0x21DFAFE3000
Class: TimeWindowOptional_X                                    - Instance: 0x21DFAFE2C00
Class: UdpLanServer_X                                          - Instance: 0x21DFAFE2800

Processing Package: TAGame

ScriptStruct: MatchData                                        - Instance: 0x21DFAF82200
ScriptStruct: MutatorInfo                                      - Instance: 0x21DFAF81C00
ScriptStruct: VoiceRoomCredentials                             - Instance: 0x21DFAF81900
ScriptStruct: PlayerVoiceRoomCredentials                       - Instance: 0x21DFAF81A80
ScriptStruct: ActivePlayerVoice                                - Instance: 0x21DFAF81780
ScriptStruct: VoiceRoomErrorMetric                             - Instance: 0x21DFAF81600
ScriptStruct: VoiceRoomPlayerActivity                          - Instance: 0x21DFAF81480
ScriptStruct: VoiceRoomDetails                                 - Instance: 0x21DFAF81300
ScriptStruct: PlayerMessageInfo                                - Instance: 0x21DFAF81D80
ScriptStruct: SavedTrainingData                                - Instance: 0x21DFAF81180
ScriptStruct: VehicleInputs                                    - Instance: 0x21DFAF80E80
ScriptStruct: ClientOnlineProductStat                          - Instance: 0x21DFAF80D00
ScriptStruct: RandomWeight                                     - Instance: 0x21DFAF80A00
ScriptStruct: AssetLoadResult                                  - Instance: 0x21DFAF80700
ScriptStruct: ProductThumbnailResult                           - Instance: 0x21DFAF80280
ScriptStruct: MapImageLoadResult                               - Instance: 0x21DFAF80100
ScriptStruct: ClientLoadoutData                                - Instance: 0x21DFAF67D00
ScriptStruct: LoadoutTeamColor                                 - Instance: 0x21DFAF67880
ScriptStruct: LoadoutTeamPaint                                 - Instance: 0x21DFAF67A00
ScriptStruct: LoadoutData                                      - Instance: 0x21DFAF67B80
ScriptStruct: ClientLoadoutOnlineProduct                       - Instance: 0x21DFAF66980
ScriptStruct: ClientLoadoutOnlineData                          - Instance: 0x21DFAF67700
ScriptStruct: InputRate                                        - Instance: 0x21DFAF67400
ScriptStruct: TurningCircle                                    - Instance: 0x21DFAF67280
ScriptStruct: GFxTeamColor                                     - Instance: 0x21DFAF66380
ScriptStruct: MapGroup                                         - Instance: 0x21DFAF66200
ScriptStruct: StatValue                                        - Instance: 0x21DFAF65900
ScriptStruct: VoiceRoomTokenRequest                            - Instance: 0x21DFAF65300
ScriptStruct: PlayerIdArray                                    - Instance: 0x21DFAF65180
ScriptStruct: ProductWithSettings                              - Instance: 0x21DFAF65000
ScriptStruct: ProductTradeInFilter                             - Instance: 0x21DFAF64E80
ScriptStruct: ColorOverride                                    - Instance: 0x21DFAF64D00
ScriptStruct: TeamColor                                        - Instance: 0x21DFAF64B80
ScriptStruct: MapSkillSettings                                 - Instance: 0x21DFAF64A00
ScriptStruct: MaterialTextureParam                             - Instance: 0x21DFAF64400
ScriptStruct: MaterialVectorParam                              - Instance: 0x21DFAF64100
ScriptStruct: MaterialScalarParam                              - Instance: 0x21DFAF64580
ScriptStruct: MaterialParams                                   - Instance: 0x21DFAF64700
ScriptStruct: AssociativeMaterialParams                        - Instance: 0x21DFAF63E80
ScriptStruct: SkinBodySettings                                 - Instance: 0x21DFAF64880
ScriptStruct: UniqueNetIdGroup4                                - Instance: 0x21DFAF64280
ScriptStruct: OnlineProductAttribute                           - Instance: 0x21DFAF63880
ScriptStruct: OnlineProductData                                - Instance: 0x21DFAF63A00
ScriptStruct: CurrencyProductData                              - Instance: 0x21DFAF63580
ScriptStruct: Currency                                         - Instance: 0x21DFAF63700
ScriptStruct: OnlineXPModifier                                 - Instance: 0x21DFAF63100
ScriptStruct: OnlineXPReward                                   - Instance: 0x21DFAF63280
ScriptStruct: OnlineProductDrop                                - Instance: 0x21DFAF63D00
ScriptStruct: ChallengeRequirementProgress                     - Instance: 0x21DFAF62F80
ScriptStruct: ChallengeProgress                                - Instance: 0x21DFAF63B80
ScriptStruct: XPRewardData                                     - Instance: 0x21DFAF63400
ScriptStruct: GarageSlotCost                                   - Instance: 0x21DFAF62E00
ScriptStruct: ProductDrop                                      - Instance: 0x21DFAF62C80
ScriptStruct: RPCIntroCar                                      - Instance: 0x21DFAF62B00
ScriptStruct: IntroCarInfo                                     - Instance: 0x21DFAF62800
ScriptStruct: EditorIntroCar                                   - Instance: 0x21DFAF62980
ScriptStruct: AppliedBreakoutDamage                            - Instance: 0x21DFAF62680
ScriptStruct: PaintAttributeParameter                          - Instance: 0x21DFAF62500
ScriptStruct: ProductLevelData                                 - Instance: 0x21DFAF62380
ScriptStruct: BallPredictionInfo                               - Instance: 0x21DFAF62200
ScriptStruct: PlayerPrivateMatchData                           - Instance: 0x21DFAF62080
ScriptStruct: StatData                                         - Instance: 0x21DFAF61C00
ScriptStruct: QuickChatGroup                                   - Instance: 0x21DFAF61D80
ScriptStruct: OnlinePlayerMatchData                            - Instance: 0x21DFAF61F00
ScriptStruct: StatDataFloat                                    - Instance: 0x21DFAF61A80
ScriptStruct: ActorHistory                                     - Instance: 0x21DFAF61900
ScriptStruct: SortedProductData                                - Instance: 0x21DFAF61780
ScriptStruct: EditorRoundData                                  - Instance: 0x21DFAF61600
ScriptStruct: LoadObjectResult                                 - Instance: 0x21DFAF61480
ScriptStruct: SaveObjectResult                                 - Instance: 0x21DFAF61300
ScriptStruct: WeldingInfo                                      - Instance: 0x21DFAF61180
ScriptStruct: ChatBanInfo                                      - Instance: 0x21DFAF61000
ScriptStruct: PlayerChatMessage                                - Instance: 0x21DFAF60E80
ScriptStruct: ReportedPlayerInfo                               - Instance: 0x21DFAF60D00
ScriptStruct: BoostOptionData                                  - Instance: 0x21DFAF60B80
ScriptStruct: GoalResetOptionData                              - Instance: 0x21DFAF60A00
ScriptStruct: GameModeData                                     - Instance: 0x21DFAF60880
ScriptStruct: SimilarLogoGroup                                 - Instance: 0x21DFAF60700
ScriptStruct: UIProductSlotData                                - Instance: 0x21DFAF60580
ScriptStruct: SimpleSpringSettings                             - Instance: 0x21DFAF60400
ScriptStruct: WheelContactData                                 - Instance: 0x21DFAF60280
ScriptStruct: WheelAttachment                                  - Instance: 0x21DFAF60100
ScriptStruct: ProductAttachment                                - Instance: 0x21DFAF53E80
ScriptStruct: AccumulatedRigidBodyCollision                    - Instance: 0x21DFAF53D00
ScriptStruct: TAPlayerStat                                     - Instance: 0x21DFAF53B80
ScriptStruct: BallHitInfo                                      - Instance: 0x21DFAF53A00
ScriptStruct: MessageValue                                     - Instance: 0x21DFAF53700
ScriptStruct: MessagePacket                                    - Instance: 0x21DFAF53880
ScriptStruct: ClientFrameData                                  - Instance: 0x21DFAF53580
ScriptStruct: OnlineProductStat                                - Instance: 0x21DFAF53400
ScriptStruct: ProductAttributesArray                           - Instance: 0x21DFAF53100
ScriptStruct: LoadoutAttributesArray                           - Instance: 0x21DFAF53280
ScriptStruct: LoadoutProductData                               - Instance: 0x21DFAF52C80
ScriptStruct: ServerSetLoadoutTeam                             - Instance: 0x21DFAF52E00
ScriptStruct: ServerSetLoadoutParams                           - Instance: 0x21DFAF52F80
ScriptStruct: RandomRange                                      - Instance: 0x21DFAF52B00
ScriptStruct: SchematicResourceData                            - Instance: 0x21DFAF52980
ScriptStruct: ProfileProduct                                   - Instance: 0x21DFAF52800
ScriptStruct: ProductFilter                                    - Instance: 0x21DFAF52680
ScriptStruct: ThumbnailComponent                               - Instance: 0x21DFAF52500
ScriptStruct: RocketPassPlayerRewards                          - Instance: 0x21DFAF52200
ScriptStruct: RocketPassTierBonusRange                         - Instance: 0x21DFAF52080
ScriptStruct: RocketPassUnlock                                 - Instance: 0x21DFAF51F00
ScriptStruct: TierUnlockRequirements                           - Instance: 0x21DFAF51C00
ScriptStruct: OnlineProductTimestampedData                     - Instance: 0x21DFAF51480
ScriptStruct: ItemSetsData                                     - Instance: 0x21DFAF51780
ScriptStruct: RocketPassRewardData                             - Instance: 0x21DFAF51900
ScriptStruct: RocketPassExtendedRewardData                     - Instance: 0x21DFAF51A80
ScriptStruct: RocketPassPage                                   - Instance: 0x21DFAF51D80
ScriptStruct: RocketPassClaimData                              - Instance: 0x21DFAF51600
ScriptStruct: MTXOnlineProductData                             - Instance: 0x21DFAF51300
ScriptStruct: RocketPassInfo                                   - Instance: 0x21DFAF51180
ScriptStruct: RocketPassBundleInfo                             - Instance: 0x21DFAF50D00
ScriptStruct: RocketPassStore                                  - Instance: 0x21DFAF51000
ScriptStruct: RocketPassPurchasable                            - Instance: 0x21DFAF50E80
ScriptStruct: OnlineReward                                     - Instance: 0x21DFAF50B80
ScriptStruct: TradeSkipValidation                              - Instance: 0x21DFAF50A00
ScriptStruct: SeasonMatch                                      - Instance: 0x21DFAF50880
ScriptStruct: SeasonTeam                                       - Instance: 0x21DFAF50700
ScriptStruct: SeasonPlayerStat                                 - Instance: 0x21DFAF50580
ScriptStruct: SeasonPlayer                                     - Instance: 0x21DFAF50400
ScriptStruct: SeasonTeamRank                                   - Instance: 0x21DFAF50280
ScriptStruct: ReplayHeaderLoadResult                           - Instance: 0x21DFAF50100
ScriptStruct: ProfileAutoCamSettings                           - Instance: 0x21DFAF3BE80
ScriptStruct: ProfileCameraSettings                            - Instance: 0x21DFAF3BD00
ScriptStruct: StatEventScore                                   - Instance: 0x21DFAF3BB80
ScriptStruct: XPInfo                                           - Instance: 0x21DFAF3BA00
ScriptStruct: ProductStat                                      - Instance: 0x21DFAF3B880
ScriptStruct: PrespawnData                                     - Instance: 0x21DFAF3B700
ScriptStruct: DemolishInvulnerability                          - Instance: 0x21DFAF3B580
ScriptStruct: DemolishData                                     - Instance: 0x21DFAF3B100
ScriptStruct: DemolishDataGoalExplosion                        - Instance: 0x21DFAF3B280
ScriptStruct: DemolishDataExtended                             - Instance: 0x21DFAF3B400
ScriptStruct: DemolishData2                                    - Instance: 0x21DFAF3AF80
ScriptStruct: UISavedKeyValue                                  - Instance: 0x21DFAF3AE00
ScriptStruct: PlaylistMapPrefs                                 - Instance: 0x21DFAF3AC80
ScriptStruct: NetBucketMetrics                                 - Instance: 0x21DFAF3AB00
ScriptStruct: FPSBucketMetrics                                 - Instance: 0x21DFAF3A980
ScriptStruct: BodyToEngineAudioPair                            - Instance: 0x21DFAF3A800
ScriptStruct: PartyUpMergeError                                - Instance: 0x21DFAF3A680
ScriptStruct: AutoFlipData                                     - Instance: 0x21DFAF3A500
ScriptStruct: StickyForceData                                  - Instance: 0x21DFAF3A380
ScriptStruct: WaveParams                                       - Instance: 0x21DFAF3A200
ScriptStruct: PersonaDataId                                    - Instance: 0x21DFAF3A080
ScriptStruct: PaintWithOverride                                - Instance: 0x21DFAF39F00
ScriptStruct: PlayerActorIDPair                                - Instance: 0x21DFAF39D80
ScriptStruct: CustomGameSetting                                - Instance: 0x21DFAF39C00
ScriptStruct: ModeMapPair                                      - Instance: 0x21DFAF39A80
ScriptStruct: OnlineFreeplayOption                             - Instance: 0x21DFAF39900
ScriptStruct: ItemShopNotificationData                         - Instance: 0x21DFAF39480
ScriptStruct: ShopCurrencyInfo                                 - Instance: 0x21DFAF39000
ScriptStruct: DestructionProductValue                          - Instance: 0x21DFAF39300
ScriptStruct: ShopData                                         - Instance: 0x21DFAF39180
ScriptStruct: ShopDeliverable                                  - Instance: 0x21DFAF38B80
ScriptStruct: ShopPrice                                        - Instance: 0x21DFAF38880
ScriptStruct: ShopDiscount                                     - Instance: 0x21DFAF38580
ScriptStruct: ShopCost                                         - Instance: 0x21DFAF38A00
ScriptStruct: OnlineShopAttribute                              - Instance: 0x21DFAF38400
ScriptStruct: ShopItem                                         - Instance: 0x21DFAF38D00
ScriptStruct: ShopCatalogue                                    - Instance: 0x21DFAF38E80
ScriptStruct: CurrencyProductData                              - Instance: 0x21DFAF38280
ScriptStruct: ShopCurrency                                     - Instance: 0x21DFAF38700
ScriptStruct: ShopCurrencyData                                 - Instance: 0x21DFAF38100
ScriptStruct: TourPlayer                                       - Instance: 0x21DFAF1B100
ScriptStruct: TourReward                                       - Instance: 0x21DFAF1AF80
ScriptStruct: TourTeam                                         - Instance: 0x21DFAF1AE00
ScriptStruct: TourMatchGame                                    - Instance: 0x21DFAF1A980
ScriptStruct: TourPlayerStats                                  - Instance: 0x21DFAF1A800
ScriptStruct: TourMatch                                        - Instance: 0x21DFAF1A680
ScriptStruct: IntPair                                          - Instance: 0x21DFAF1A500
ScriptStruct: QWORDPair                                        - Instance: 0x21DFAF1A380
ScriptStruct: TourMatchNode                                    - Instance: 0x21DFAF1A200
ScriptStruct: TourPlacementInfo                                - Instance: 0x21DFAF1A080
ScriptStruct: TourLeaderboard                                  - Instance: 0x21DFAF19F00
ScriptStruct: TourMatchPlayerStats                             - Instance: 0x21DFAF19D80
ScriptStruct: TourMatchTeamDetails                             - Instance: 0x21DFAF19C00
ScriptStruct: TourBracket                                      - Instance: 0x21DFAF19A80
ScriptStruct: CachedPodiumCar                                  - Instance: 0x21DFAF18880
ScriptStruct: PendingHit                                       - Instance: 0x21DFAF18100
ScriptStruct: WheelSkelControlSet                              - Instance: 0x21DFAEFE080
ScriptStruct: PendingCodeRedemption                            - Instance: 0x21DFAEE7B80
ScriptStruct: CrumbTrailData                                   - Instance: 0x21DFAEE6800
ScriptStruct: EOSGameClipsAccountLinkInfo                      - Instance: 0x21DFAEE5780
ScriptStruct: EOSGameClipsClipInfo                             - Instance: 0x21DFAEE5600
ScriptStruct: VoiceRoomToken                                   - Instance: 0x21DFAEE5300
ScriptStruct: MappedRoomMember                                 - Instance: 0x21DFAEE4E80
ScriptStruct: VoiceRoom                                        - Instance: 0x21DFAEE4880
ScriptStruct: PlatformAudioDevices                             - Instance: 0x21DFAEDB880
ScriptStruct: EpicConvertFriendsSaveData                       - Instance: 0x21DFAEDB100
ScriptStruct: FTEGroup                                         - Instance: 0x21DFAED9900
ScriptStruct: CompletedFTEInfo                                 - Instance: 0x21DFAED9180
ScriptStruct: FTELevelData                                     - Instance: 0x21DFAED8B80
ScriptStruct: FTEChallengeInfo                                 - Instance: 0x21DFAEC1900
ScriptStruct: SafeZoneInfo                                     - Instance: 0x21DFAEB2200
ScriptStruct: PlayerLeavingData                                - Instance: 0x21DFAE37D00
ScriptStruct: ClubMemberCount                                  - Instance: 0x21DFAE1F880
ScriptStruct: PendingClubStatRecord                            - Instance: 0x21DFAE1F700
ScriptStruct: SeriesTeam                                       - Instance: 0x21DFAE1AE00
ScriptStruct: MemberTitleStat                                  - Instance: 0x21DFAE1A080
ScriptStruct: ThistleData                                      - Instance: 0x21DFAE19600
ScriptStruct: ReservationLoadout                               - Instance: 0x21DFAE19300
ScriptStruct: FpsBucketData                                    - Instance: 0x21DFAE03B80
ScriptStruct: CachedLocationModifier                           - Instance: 0x21DFAD8EE00
ScriptStruct: GameEventData                                    - Instance: 0x21DFAD8E200
ScriptStruct: PostMatchCelebrationData                         - Instance: 0x21DFAD8E080
ScriptStruct: BallData                                         - Instance: 0x21DFAD8DC00
ScriptStruct: CarGoalData                                      - Instance: 0x21DFAD8DA80
ScriptStruct: CarData                                          - Instance: 0x21DFAD8D900
ScriptStruct: GFxChatMessage                                   - Instance: 0x21DFAD8C100
ScriptStruct: ChatPresetGroupOverride                          - Instance: 0x21DFAD77580
ScriptStruct: ChatPresetMessageGroup                           - Instance: 0x21DFAD77400
ScriptStruct: ChatPresetMessage                                - Instance: 0x21DFAD77280
ScriptStruct: ChatChannelHistory                               - Instance: 0x21DFAD77100
ScriptStruct: NotificationCooldown                             - Instance: 0x21DFAD64400
ScriptStruct: PendingError                                     - Instance: 0x21DFAD63880
ScriptStruct: MenuTreeNodeData                                 - Instance: 0x21DFAD46C80
ScriptStruct: MenuTreeFocusMap                                 - Instance: 0x21DFAD46980
ScriptStruct: GFxMusicPlaylist                                 - Instance: 0x21DFAD37D00
ScriptStruct: GFXNotificationInfo                              - Instance: 0x21DFAD36980
ScriptStruct: InviteDatabind                                   - Instance: 0x21DFAD35180
ScriptStruct: InviteTarget                                     - Instance: 0x21DFAD35000
ScriptStruct: ProductHashSource                                - Instance: 0x21DFAD23880
ScriptStruct: FilterProductSlot                                - Instance: 0x21DFAD22C80
ScriptStruct: FilterProductQuality                             - Instance: 0x21DFAD22B00
ScriptStruct: FilterProductAttribute                           - Instance: 0x21DFAD22980
ScriptStruct: FilterProductExtraAttributeEntry                 - Instance: 0x21DFAD22680
ScriptStruct: FilterProductSeries                              - Instance: 0x21DFAD22500
ScriptStruct: FilterProductPaint                               - Instance: 0x21DFAD22380
ScriptStruct: FilterProductSorting                             - Instance: 0x21DFAD22200
ScriptStruct: TradeIn                                          - Instance: 0x21DFAD06E00
ScriptStruct: TourServerSettings                               - Instance: 0x21DFACF9F00
ScriptStruct: TourPrivateCredentials                           - Instance: 0x21DFACF9D80
ScriptStruct: TourCreateSettings                               - Instance: 0x21DFACF9300
ScriptStruct: DragonEntry                                      - Instance: 0x21DFACE1000
ScriptStruct: OnlineMapData                                    - Instance: 0x21DFACD3D00
ScriptStruct: OnlineMapSet                                     - Instance: 0x21DFACD3B80
ScriptStruct: MapSetMapData                                    - Instance: 0x21DFACD3A00
ScriptStruct: ActivePlaylistInfo                               - Instance: 0x21DFACD2800
ScriptStruct: RankedUnlockCondition                            - Instance: 0x21DFACD2680
ScriptStruct: PriceInfo                                        - Instance: 0x21DFACD1F00
ScriptStruct: MTXProduct                                       - Instance: 0x21DFACD1D80
ScriptStruct: MTXPurchaseInfo                                  - Instance: 0x21DFACD1C00
ScriptStruct: ResimMetricData                                  - Instance: 0x21DFAC96980
ScriptStruct: PlatformMetricData                               - Instance: 0x21DFAC96680
ScriptStruct: PlatformMetric                                   - Instance: 0x21DFAC96500
ScriptStruct: OptionsValue                                     - Instance: 0x21DFAC94B80
ScriptStruct: PlaylistSkillData                                - Instance: 0x21DFAC94A00
ScriptStruct: LegalTextVersion                                 - Instance: 0x21DFAC94580
ScriptStruct: ParameterInformation                             - Instance: 0x21DFAC87E80
ScriptStruct: BodyChassisOverride                              - Instance: 0x21DFAC87D00
ScriptStruct: PaintColorParameterOverride                      - Instance: 0x21DFAC85C00
ScriptStruct: PlayerGameID                                     - Instance: 0x21DFAC84E80
ScriptStruct: PlayerLoadoutData                                - Instance: 0x21DFAC84B80
ScriptStruct: RocketPassNotificationData                       - Instance: 0x21DFAC83100
ScriptStruct: WheelFX                                          - Instance: 0x21DFAC80880
ScriptStruct: SoundEventSetting                                - Instance: 0x21DFAC80400
ScriptStruct: ShopAdData                                       - Instance: 0x21DFAC80100
ScriptStruct: ShopItemCacheItem                                - Instance: 0x21DFAC6B880
ScriptStruct: ReadyItemShopNotification                        - Instance: 0x21DFAC6B580
ScriptStruct: PartyInfo                                        - Instance: 0x21DFAC3EE00
ScriptStruct: PendingValidatedMessage                          - Instance: 0x21DFAC27400
ScriptStruct: PendingSignedMessage                             - Instance: 0x21DFAC27280
ScriptStruct: PendingKeyGenMessage                             - Instance: 0x21DFAC26F80
ScriptStruct: UserPublicKey                                    - Instance: 0x21DFAC26E00
ScriptStruct: KeyRegistrationContent                           - Instance: 0x21DFAC25600
ScriptStruct: BracketResult                                    - Instance: 0x21DFAC24A00
ScriptStruct: BracketRequest                                   - Instance: 0x21DFAC24880
ScriptStruct: TeamUpdateInfo                                   - Instance: 0x21DFAC1B580
ScriptStruct: TourSearchSettings                               - Instance: 0x21DFAC1AC80
ScriptStruct: GFxTournamentReward                              - Instance: 0x21DFAC1AB00
ScriptStruct: TournamentResult                                 - Instance: 0x21DFAC1A980
ScriptStruct: TourResult                                       - Instance: 0x21DFAC1A800
ScriptStruct: TourStatus                                       - Instance: 0x21DFABFE680
ScriptStruct: UserBugReportCategory                            - Instance: 0x21DFABFD480
ScriptStruct: SettingEvent                                     - Instance: 0x21DFABFCD00
ScriptStruct: VanityQueryRequest                               - Instance: 0x21DFABFC880
ScriptStruct: ViralSeriesGroup                                 - Instance: 0x21DFABFC280
ScriptStruct: Voter                                            - Instance: 0x21DFABF3B80
ScriptStruct: BTDynamicLinkData                                - Instance: 0x21DFABF3400
ScriptStruct: AIProxyData                                      - Instance: 0x21DFABF3280
ScriptStruct: AICachedGoalInfo                                 - Instance: 0x21DFABF3100
ScriptStruct: CrowdExcitementSound                             - Instance: 0x21DFABF2F80
ScriptStruct: CrowdExcitementSounds                            - Instance: 0x21DFABF2E00
ScriptStruct: CrowdDefense                                     - Instance: 0x21DFABF2C80
ScriptStruct: CrowdScoreState                                  - Instance: 0x21DFABF2B00
ScriptStruct: CrowdValueState                                  - Instance: 0x21DFABF2980
ScriptStruct: FreeplayCommandsMetricsData                      - Instance: 0x21DFABF2800
ScriptStruct: FreeplayCommandEvent                             - Instance: 0x21DFABF2680
ScriptStruct: TournamentEndData                                - Instance: 0x21DFABF2500
ScriptStruct: FaceItReservationMatchInfo                       - Instance: 0x21DFABF2380
ScriptStruct: TrainingRoundProgress                            - Instance: 0x21DFABF1A80
ScriptStruct: ClientLoadoutDatas                               - Instance: 0x21DFABC0E80
ScriptStruct: SkillTierData                                    - Instance: 0x21DFABA4700
ScriptStruct: OverflowedProperties                             - Instance: 0x21DFAB85780
ScriptStruct: ActorOverflowEvent                               - Instance: 0x21DFAB85900
ScriptStruct: CachedAdImageData                                - Instance: 0x21DFAB84B80
ScriptStruct: BillboardData                                    - Instance: 0x21DFAB84A00
ScriptStruct: BillboardUpdateRequestData                       - Instance: 0x21DFAB84880
ScriptStruct: AdInfo                                           - Instance: 0x21DFAB84700
ScriptStruct: MapAds                                           - Instance: 0x21DFAB77E80
ScriptStruct: TimedLock                                        - Instance: 0x21DFAB76C80
ScriptStruct: CachedProxyData                                  - Instance: 0x21DFAB76080
ScriptStruct: CachedTargetData                                 - Instance: 0x21DFAB75F00
ScriptStruct: SkillRange                                       - Instance: 0x21DFAB75D80
ScriptStruct: CachedObstaclePoly                               - Instance: 0x21DFAB75C00
ScriptStruct: CachedObstaclesData                              - Instance: 0x21DFAB75A80
ScriptStruct: CachedNavMeshLocation                            - Instance: 0x21DFAB5E380
ScriptStruct: ExplosionPaintInfo                               - Instance: 0x21DFAB4F580
ScriptStruct: ClientLoadoutOnlineDatas                         - Instance: 0x21DFAB4EB00
ScriptStruct: SlapbackActorSetup                               - Instance: 0x21DFAB4E380
ScriptStruct: ArenaStatSound                                   - Instance: 0x21DFAB44400
ScriptStruct: StatEventCollection                              - Instance: 0x21DFAB36380
ScriptStruct: ProductSlotNewDrawScale                          - Instance: 0x21DFAB35300
ScriptStruct: GoalCountAndAsset                                - Instance: 0x21DFAB34E80
ScriptStruct: FXAttachmentSoundOverride                        - Instance: 0x21DFAB2A680
ScriptStruct: TeamEditionOverrides                             - Instance: 0x21DFAB2A500
ScriptStruct: PriorityCandidate                                - Instance: 0x21DFAB0B580
ScriptStruct: ScheduledTournament                              - Instance: 0x21DFAAF7A00
ScriptStruct: TournamentWeek                                   - Instance: 0x21DFAAF7880
ScriptStruct: ScheduleRegion                                   - Instance: 0x21DFAAEF880
ScriptStruct: WorldContactData                                 - Instance: 0x21DFAAEEF80
ScriptStruct: NetworkSyncSettingsData                          - Instance: 0x21DFAAEEE00
ScriptStruct: TimeOfImpactData                                 - Instance: 0x21DFAAEEC80
ScriptStruct: PitchTekCarBodyContactData                       - Instance: 0x21DFAADA500
ScriptStruct: PredictedPosition                                - Instance: 0x21DFAAD9F00
ScriptStruct: ExplosionData                                    - Instance: 0x21DFAAD9D80
ScriptStruct: ExplosionDataExtended                            - Instance: 0x21DFAAD9C00
ScriptStruct: GoalPenetrationData                              - Instance: 0x21DFAAD9A80
ScriptStruct: CarBallInteractionSettings                       - Instance: 0x21DFAAD9900
ScriptStruct: BreakoutDamage                                   - Instance: 0x21DFAAC0B80
ScriptStruct: TrajectorySetup                                  - Instance: 0x21DFAA81D80
ScriptStruct: TrajectoryFX                                     - Instance: 0x21DFAA5AC80
ScriptStruct: MeshInfo                                         - Instance: 0x21DFAA5A500
ScriptStruct: TrajectorySplineFX                               - Instance: 0x21DFAA59780
ScriptStruct: BeamTraceProps                                   - Instance: 0x21DFAA52F80
ScriptStruct: AnimatedMaterialParam                            - Instance: 0x21DFAA52080
ScriptStruct: AnimatedMaterialParamFloat                       - Instance: 0x21DFAA51F00
ScriptStruct: AnimatedMaterialParamVector                      - Instance: 0x21DFAA51D80
ScriptStruct: BoostMeshOverride                                - Instance: 0x21DFAA51900
ScriptStruct: AnimatedMaterialParamColor                       - Instance: 0x21DFAA51A80
ScriptStruct: AnimatedMaterialMesh                             - Instance: 0x21DFAA51C00
ScriptStruct: BreakoutDamageState                              - Instance: 0x21DFAA43D00
ScriptStruct: BTStatusLog                                      - Instance: 0x21DFA9E7400
ScriptStruct: ProfileSliderLimits                              - Instance: 0x21DFA9E4880
ScriptStruct: SwivelExtent                                     - Instance: 0x21DFA9E4700
ScriptStruct: InterpVector                                     - Instance: 0x21DFA9C3100
ScriptStruct: PlaneSelectData                                  - Instance: 0x21DFA9C0A00
ScriptStruct: AngleSelectData                                  - Instance: 0x21DFA9C0880
ScriptStruct: TargetCacheEntry                                 - Instance: 0x21DFA9A0580
ScriptStruct: GoalData                                         - Instance: 0x21DFA98DD80
ScriptStruct: CameraSettings                                   - Instance: 0x21DFA96CE80
ScriptStruct: StateParams                                      - Instance: 0x21DFA929D80
ScriptStruct: CameraTrackRotationPoint                         - Instance: 0x21DFA928E80
ScriptStruct: CarInteractionData                               - Instance: 0x21DFA913280
ScriptStruct: InheritedObjects                                 - Instance: 0x21DFA903100
ScriptStruct: VehicleWheelSettings                             - Instance: 0x21DFA901780
ScriptStruct: VehicleAxleSettings                              - Instance: 0x21DFA901A80
ScriptStruct: PaintMaterialGroup                               - Instance: 0x21DFA8EC880
ScriptStruct: CarStateData                                     - Instance: 0x21DFA8CFE80
ScriptStruct: EngineAudioNativeState                           - Instance: 0x21DFA8CFD00
ScriptStruct: EngineAudioNativeState_Clutched                  - Instance: 0x21DFA8CFB80
ScriptStruct: EngineAudioNativeState_OnGround                  - Instance: 0x21DFA8CFA00
ScriptStruct: EngineAudioNativeState_InAir                     - Instance: 0x21DFA8CF880
ScriptStruct: VehicleAxleData                                  - Instance: 0x21DFA8CB700
ScriptStruct: ViralFXData                                      - Instance: 0x21DFA8C8580
ScriptStruct: ImpulseData                                      - Instance: 0x21DFA885000
ScriptStruct: ReplicatedLogoData                               - Instance: 0x21DFA846080
ScriptStruct: DebugColor                                       - Instance: 0x21DFA845C00
ScriptStruct: ReplicatedBoostData                              - Instance: 0x21DFA834D00
ScriptStruct: PreviewAnimKeyframe                              - Instance: 0x21DFA808B80
ScriptStruct: PressedAxis                                      - Instance: 0x21DFA7A2F80
ScriptStruct: CountryInfo                                      - Instance: 0x21DFA772500
ScriptStruct: CrowdNoiseModifierInstance                       - Instance: 0x21DFA771480
ScriptStruct: StatCrowdNoise                                   - Instance: 0x21DFA762680
ScriptStruct: BallHitCrowdNoise                                - Instance: 0x21DFA762200
ScriptStruct: CrowdDefenseSettings                             - Instance: 0x21DFA760E80
ScriptStruct: CrumbRedefinedInfo                               - Instance: 0x21DFA71F100
ScriptStruct: CurrencyProduct                                  - Instance: 0x21DFA71C100
ScriptStruct: DebugHelpItem                                    - Instance: 0x21DFA710E80
ScriptStruct: DebugCategory                                    - Instance: 0x21DFA711000
ScriptStruct: EngagementEventData                              - Instance: 0x21DFA6E9300
ScriptStruct: EngagementEventStatus                            - Instance: 0x21DFA6E9180
ScriptStruct: AudioMinMax                                      - Instance: 0x21DFA6DA080
ScriptStruct: AudioGear                                        - Instance: 0x21DFA6DA200
ScriptStruct: EOSShopPurchaseEventProduct                      - Instance: 0x21DFA6AF280
ScriptStruct: OnlineSaveObject                                 - Instance: 0x21DFA6AE680
ScriptStruct: K3STranslation                                   - Instance: 0x21DFA6A1780
ScriptStruct: K3STranslations                                  - Instance: 0x21DFA6A1900
ScriptStruct: K3SOptions                                       - Instance: 0x21DFA6A1A80
ScriptStruct: K3SAgeBracket                                    - Instance: 0x21DFA6A2200
ScriptStruct: K3SDefinition                                    - Instance: 0x21DFA6A2080
ScriptStruct: K3SSetting                                       - Instance: 0x21DFA6A2680
ScriptStruct: K3SResponse                                      - Instance: 0x21DFA6A2500
ScriptStruct: K3SFirstTimeDefaults                             - Instance: 0x21DFA6A2380
ScriptStruct: EOSPermissionsResult                             - Instance: 0x21DFA689600
ScriptStruct: EOSPermissionsResponse                           - Instance: 0x21DFA689480
ScriptStruct: PendingRoomJoin                                  - Instance: 0x21DFA689000
ScriptStruct: VoiceRecordingBufferData                         - Instance: 0x21DFA688E80
ScriptStruct: UserVoiceSettings                                - Instance: 0x21CB979DD80
ScriptStruct: ESportEventData                                  - Instance: 0x21CB9790280
ScriptStruct: EulaVersion                                      - Instance: 0x21CB9774B80
ScriptStruct: FaceItMatchInfo                                  - Instance: 0x21CB9766380
ScriptStruct: PartnerMapping                                   - Instance: 0x21CB974EF80
ScriptStruct: RedefinedInfo                                    - Instance: 0x21CB974DC00
ScriptStruct: FlockAgent                                       - Instance: 0x21CB974CE80
ScriptStruct: ActivateFreeplayCommandOutParams                 - Instance: 0x21CB9743E80
ScriptStruct: ModifyRBStateInParams                            - Instance: 0x21CB9742500
ScriptStruct: CalculateVerticalLaunchSpeedInParams             - Instance: 0x21CB9741D80
ScriptStruct: CalculateBallInFrontLocationInParams             - Instance: 0x21CB9741C00
ScriptStruct: CalculateBallOnCarLocationInParams               - Instance: 0x21CB9741780
ScriptStruct: CalculateBallOnCarInAirLocationInParams          - Instance: 0x21CB9741480
ScriptStruct: CalculateLaunchVectorInParams                    - Instance: 0x21CB9741180
ScriptStruct: CalculateRedirectPassLocationInParams            - Instance: 0x21CB9740E80
ScriptStruct: CalculateRedirectHorizontalLaunchSpeedInParams   - Instance: 0x21CB9740B80
ScriptStruct: CalculateShotOnGoalSpeedHoopsInParams            - Instance: 0x21CB9740580
ScriptStruct: CalculateShotOnGoalLocationHoopsInParams         - Instance: 0x21CB9740400
ScriptStruct: CalculateShotOnGoalLocationStandardInParams      - Instance: 0x21CB9733A00
ScriptStruct: GetTargetLocationFromFlightTimeInParams          - Instance: 0x21CB9733700
ScriptStruct: FreeplaySettings                                 - Instance: 0x21CB9732B00
ScriptStruct: PersonaUpdateData                                - Instance: 0x21CB9730880
ScriptStruct: FriendInfoCounts                                 - Instance: 0x21CB9730580
ScriptStruct: ParticleBodyParameterSet                         - Instance: 0x21CB96FC580
ScriptStruct: ParticleParameterSet                             - Instance: 0x21CB96FC400
ScriptStruct: BoostMeshMaterialOverride                        - Instance: 0x21CB96FC280
ScriptStruct: PreviewParticleOverride                          - Instance: 0x21CB96FC100
ScriptStruct: PlatformParam                                    - Instance: 0x21CB96ED900
ScriptStruct: CarMovementState                                 - Instance: 0x21CB96ECB80
ScriptStruct: TemporaryProduct                                 - Instance: 0x21CB96D2500
ScriptStruct: GarageFolderData                                 - Instance: 0x21CB96D2380
ScriptStruct: TitleInfo                                        - Instance: 0x21CB96B7B80
ScriptStruct: TemporarySpawnSpot                               - Instance: 0x21CB96B7A00
ScriptStruct: IntVector                                        - Instance: 0x21CB969F880
ScriptStruct: WorldColorData                                   - Instance: 0x21CB969F100
ScriptStruct: ActorTouchRecordData                             - Instance: 0x21CB9693580
ScriptStruct: SpawnArchetypeData                               - Instance: 0x21CB965E500
ScriptStruct: CarSpawnData                                     - Instance: 0x21CB95FE800
ScriptStruct: FieldSpawnInfo                                   - Instance: 0x21CB95FE680
ScriptStruct: FieldSpawnInfoPair                               - Instance: 0x21CB95FE500
ScriptStruct: FieldSetupWave                                   - Instance: 0x21CB95FE380
ScriptStruct: DifficultyInfo                                   - Instance: 0x21CB95FE200
ScriptStruct: CachedSpeedModifier                              - Instance: 0x21CB95BFA00
ScriptStruct: MaxActorCallback                                 - Instance: 0x21CB951E080
ScriptStruct: BlueprintPreviewProduct                          - Instance: 0x21CB94D8B80
ScriptStruct: RumblePickupData                                 - Instance: 0x21CB94BE800
ScriptStruct: PickupInfo_TA                                    - Instance: 0x21CB94BD900
ScriptStruct: GFxSeasonBadgesData                              - Instance: 0x21CB947A500
ScriptStruct: GFxClubSeasonStatMilestoneData                   - Instance: 0x21CB9479D80
ScriptStruct: GFxClubSeasonMilestoneData                       - Instance: 0x21CB947A380
ScriptStruct: GFxClubStatData                                  - Instance: 0x21CB947A200
ScriptStruct: GFxClubActionData                                - Instance: 0x21CB947A080
ScriptStruct: GFxClubServer                                    - Instance: 0x21CB943E380
ScriptStruct: ContainerInfo                                    - Instance: 0x21CB9439A80
ScriptStruct: RPCContainerDropTable                            - Instance: 0x21CB9438D00
ScriptStruct: LocalizedBindingCategory                         - Instance: 0x21CB9427700
ScriptStruct: LocalizedAction                                  - Instance: 0x21CB9427580
ScriptStruct: UIPlayerBinding                                  - Instance: 0x21CB9427400
ScriptStruct: LocalizedNameData                                - Instance: 0x21CB940EF80
ScriptStruct: LocalizedDepartmentData                          - Instance: 0x21CB940F580
ScriptStruct: LocalizedPostCreditData                          - Instance: 0x21CB940F400
ScriptStruct: DepartmentData                                   - Instance: 0x21CB940F280
ScriptStruct: PostCreditData                                   - Instance: 0x21CB940F100
ScriptStruct: CrumbTrailName                                   - Instance: 0x21CB940C280
ScriptStruct: GFxCustomTeamSettings                            - Instance: 0x21CB940D180
ScriptStruct: GFxDLCData                                       - Instance: 0x21CB93E9480
ScriptStruct: NotificationStatus                               - Instance: 0x21CB93DB280
ScriptStruct: EngagementEventNotificationData                  - Instance: 0x21CB93DAC80
ScriptStruct: CompensationItem                                 - Instance: 0x21CBA37E500
ScriptStruct: GarageTeam                                       - Instance: 0x21CBA340B80
ScriptStruct: LeaderboardRequestInfo                           - Instance: 0x21CBA2FEE00
ScriptStruct: GFxLoadoutSet                                    - Instance: 0x21CBA2F7100
ScriptStruct: GFxMapData                                       - Instance: 0x21CBA2D8880
ScriptStruct: GFxPlaylistType                                  - Instance: 0x21CBA2CA680
ScriptStruct: GFxMapType                                       - Instance: 0x21CBA2CA500
ScriptStruct: GFxMapPlaylist                                   - Instance: 0x21CBA2CA380
ScriptStruct: GFxMapPreference                                 - Instance: 0x21CBA2CA200
ScriptStruct: GFxMapSelectionData                              - Instance: 0x21CBA2BBD00
ScriptStruct: GFxRegion                                        - Instance: 0x21CBA29FB80
ScriptStruct: MessageUpdate                                    - Instance: 0x21CBA29FA00
ScriptStruct: MenuSequencePair                                 - Instance: 0x21CBA296E00
ScriptStruct: ScoreIndex                                       - Instance: 0x21CBA277E80
ScriptStruct: CartInfo                                         - Instance: 0x21CBA277880
ScriptStruct: MTCatalogInfo                                    - Instance: 0x21CBA277700
ScriptStruct: MTCartItem                                       - Instance: 0x21CBA25BB80
ScriptStruct: ShopsMapEntry                                    - Instance: 0x21CBA23D180
ScriptStruct: PlaylistTrack                                    - Instance: 0x21CBA226380
ScriptStruct: PlaylistTitleTrack                               - Instance: 0x21CBA224A00
ScriptStruct: PlaylistState                                    - Instance: 0x21CBA20FD00
ScriptStruct: MatchmakingMessage                               - Instance: 0x21CBA1DD600
ScriptStruct: GFxPartyMember                                   - Instance: 0x21CBA1CEC80
ScriptStruct: GFxPlayerAvatarBorderRef                         - Instance: 0x21CBA19CE80
ScriptStruct: GFxPlayerAvatarRef                               - Instance: 0x21CBA19C400
ScriptStruct: GFxPlayerBannerRef                               - Instance: 0x21CBA18F100
ScriptStruct: ScoreboardStat                                   - Instance: 0x21CBA165F00
ScriptStruct: StatCooldown                                     - Instance: 0x21CBA165900
ScriptStruct: ProductStatInfo                                  - Instance: 0x21CBA132680
ScriptStruct: LocalizedQuickChat                               - Instance: 0x21CBA0FFD00
ScriptStruct: LocalizedQuickChatBinding                        - Instance: 0x21CBA0FFB80
ScriptStruct: ReplayPlayerStats                                - Instance: 0x21CBA0FD780
ScriptStruct: LocalizedCameraMode                              - Instance: 0x21CBA0DF880
ScriptStruct: TimelineKeyframe                                 - Instance: 0x21CBA0DD300
ScriptStruct: GFxLevelThreshold                                - Instance: 0x21CBA0CE200
ScriptStruct: RocketPassReward                                 - Instance: 0x21CBA0CC580
ScriptStruct: RocketPassProduct                                - Instance: 0x21CBA0CC400
ScriptStruct: RocketPassXPReward                               - Instance: 0x21CBA0CC280
ScriptStruct: RocketPassCurrencyReward                         - Instance: 0x21CBA0CC100
ScriptStruct: SeasonWeek                                       - Instance: 0x21CBA0B5600
ScriptStruct: ProductReplacement2                              - Instance: 0x21CBA0ABD00
ScriptStruct: GFxLogoData                                      - Instance: 0x21CBA0A9480
ScriptStruct: GFxBotData                                       - Instance: 0x21CBA0A9300
ScriptStruct: BindingPreset                                    - Instance: 0x21CBA085300
ScriptStruct: LoadedMtxCatalog                                 - Instance: 0x21CB9FEAC80
ScriptStruct: ShopTab                                          - Instance: 0x21CB9FEA980
ScriptStruct: GFxStatData                                      - Instance: 0x21CB9FB4400
ScriptStruct: CachedChatMessage                                - Instance: 0x21CB9F96C80
ScriptStruct: TeamGameStats                                    - Instance: 0x21CB9F89C00
ScriptStruct: GFxTourPlatformGroup                             - Instance: 0x21CB9F5DD80
ScriptStruct: SubscriptionInfo                                 - Instance: 0x21CB9F58100
ScriptStruct: UseAction                                        - Instance: 0x21CB9F45300
ScriptStruct: TrainingNavigationEvent                          - Instance: 0x21CB9F36080
ScriptStruct: FavoritedFileMetaData                            - Instance: 0x21CB9F29300
ScriptStruct: CachedDownloadedFile                             - Instance: 0x21CB9F29180
ScriptStruct: SearchCacheData                                  - Instance: 0x21CB9F28D00
ScriptStruct: CodeTimePair                                     - Instance: 0x21CB9F1A380
ScriptStruct: TrainingModeDifficulty                           - Instance: 0x21CB9F12800
ScriptStruct: TrainingModeType                                 - Instance: 0x21CB9F12680
ScriptStruct: TrainingModeTag                                  - Instance: 0x21CB9F12500
ScriptStruct: GFxUserBugReportCategory                         - Instance: 0x21CB9EFEC80
ScriptStruct: SoundStateItem                                   - Instance: 0x21CB9EE7580
ScriptStruct: ChatMessage                                      - Instance: 0x21CB9EE6380
ScriptStruct: ScreenLocation                                   - Instance: 0x21CB9EE3400
ScriptStruct: ReplayActorChannel                               - Instance: 0x21CB9EE0880
ScriptStruct: ReplayLogItem                                    - Instance: 0x21CB9EC0B80
ScriptStruct: ReplayKeyframe                                   - Instance: 0x21CB9EC0A00
ScriptStruct: ReplayScoreData                                  - Instance: 0x21CB9EBA200
ScriptStruct: CollisionEffectData                              - Instance: 0x21CB9E2D900
ScriptStruct: ScoreboardMaterialOverride                       - Instance: 0x21CB9E1A080
ScriptStruct: SimTimeScaleSettings                             - Instance: 0x21CB9E0A680
ScriptStruct: ClientPacketData                                 - Instance: 0x21CB9E0A500
ScriptStruct: InputBufferStats                                 - Instance: 0x21CB9E0A380
ScriptStruct: JiggleCarData                                    - Instance: 0x21CB9DE5C00
ScriptStruct: K3SMeta                                          - Instance: 0x21CB9DE4880
ScriptStruct: LoadingPlayer                                    - Instance: 0x21CB9DDEF80
ScriptStruct: SequenceData                                     - Instance: 0x21CB9DCAC80
ScriptStruct: MapSelectorPair                                  - Instance: 0x21CB9D96E00
ScriptStruct: MapImageLoadRequest                              - Instance: 0x21CB9D96C80
ScriptStruct: MapPrefsMetric                                   - Instance: 0x21CB9D96380
ScriptStruct: MatchCompleteHistory                             - Instance: 0x21CB9D81000
ScriptStruct: MatchPreviewData                                 - Instance: 0x21CB9D80700
ScriptStruct: MatchHistoryChangeTabEvent                       - Instance: 0x21CB9D80880
ScriptStruct: NodePlatformAvailability                         - Instance: 0x21CB9D28E80
ScriptStruct: ActivePlaylistQueueInfo                          - Instance: 0x21CB9D0C280
ScriptStruct: MergePartyReplicatedData                         - Instance: 0x21CB9D03400
ScriptStruct: CurrencyReplacement                              - Instance: 0x21CB9D01900
ScriptStruct: MusicConfigTrack                                 - Instance: 0x21CB9CB6E00
ScriptStruct: MapBallArcOverride                               - Instance: 0x21CB9CB5D80
ScriptStruct: RumbleItemIndex                                  - Instance: 0x21CB9CA7280
ScriptStruct: NetBuckets                                       - Instance: 0x21CB9C7FE80
ScriptStruct: NetBucketSetup                                   - Instance: 0x21CB9C7FB80
ScriptStruct: NetBucketsExport                                 - Instance: 0x21CB9C7FA00
ScriptStruct: NetworkLimit                                     - Instance: 0x21CB9C7E980
ScriptStruct: ContinuousSimTimeScaleSettings                   - Instance: 0x21CB9C7B400
ScriptStruct: SimTimeAdjustDebugData                           - Instance: 0x21CB9C7A680
ScriptStruct: CachedPlayerData                                 - Instance: 0x21CB9C05D80
ScriptStruct: OrbitCarData                                     - Instance: 0x21CB9BA7280
ScriptStruct: SkeletalMeshMaterialCache                        - Instance: 0x21CB9BA5F00
ScriptStruct: PartyMemberLoadoutMessage                        - Instance: 0x21CB9B92C80
ScriptStruct: CrosshairExtentInfo                              - Instance: 0x21CB9B2EB00
ScriptStruct: ChatSpamData                                     - Instance: 0x21CB9B2E980
ScriptStruct: PlayerReportReason                               - Instance: 0x21CB9ABD000
ScriptStruct: PremiumSkinSetItem                               - Instance: 0x21CB9AA2380
ScriptStruct: ProductReplacement                               - Instance: 0x21CB9A4A800
ScriptStruct: BoostAttachmentToggle                            - Instance: 0x21CB9A2F880
ScriptStruct: TeamPaintFinish                                  - Instance: 0x21CB9A2F700
ScriptStruct: IgnoredGoalRotations                             - Instance: 0x21CB9A2E680
ScriptStruct: AssetLoadRequest                                 - Instance: 0x21CB9A2C700
ScriptStruct: InheritedParameter                               - Instance: 0x21CB99FF700
ScriptStruct: SpecialEditionConfig                             - Instance: 0x21CB99EFA00
ScriptStruct: MICSwapParameters                                - Instance: 0x21CB99EEB00
ScriptStruct: AddProductsRequestData                           - Instance: 0x21CB99DF880
ScriptStruct: PaintMetricsData                                 - Instance: 0x21CB99DDC00
ScriptStruct: ProductMetricsData                               - Instance: 0x21CB99DDA80
ScriptStruct: MaterialAndMaterialOverride                      - Instance: 0x21CB99D3400
ScriptStruct: ReplacementProduct                               - Instance: 0x21CB99D0A00
ScriptStruct: SeriesGroup                                      - Instance: 0x21CB99D0880
ScriptStruct: ProductTradeHoldOverride                         - Instance: 0x21CB99D0700
ScriptStruct: RenderThumbnailScene                             - Instance: 0x21CB999DD80
ScriptStruct: RenderThumbnailRequest                           - Instance: 0x21CB999DC00
ScriptStruct: RBPhysicsSnapshot                                - Instance: 0x21CB9966C80
ScriptStruct: RBVehicleSnapshot                                - Instance: 0x21CB9966B00
ScriptStruct: CarComponentSnapshot                             - Instance: 0x21CB9966680
ScriptStruct: CarComponentHistory                              - Instance: 0x21CB9966980
ScriptStruct: CarFrameSettings                                 - Instance: 0x21CB9965A80
ScriptStruct: SceneFrameCapture                                - Instance: 0x21CB9965900
ScriptStruct: ScoredGoal                                       - Instance: 0x21CB994EF80
ScriptStruct: Highlight                                        - Instance: 0x21CB994EE00
ScriptStruct: ReplayRenamedActor                               - Instance: 0x21CB994D900
ScriptStruct: ReplayFocusCar                                   - Instance: 0x21CB994D780
ScriptStruct: ReplayIOTaskBase                                 - Instance: 0x21CB993C400
ScriptStruct: ReplayExportCallbackData                         - Instance: 0x21CB993C280
ScriptStruct: ReplayImportCallbackData                         - Instance: 0x21CB993C100
ScriptStruct: ReplayExportTask                                 - Instance: 0x21CB9937E80
ScriptStruct: ReplayClassTask                                  - Instance: 0x21CB9937B80
ScriptStruct: ReplayHeaderImportTask                           - Instance: 0x21CB9937A00
ScriptStruct: ReplayImportTask                                 - Instance: 0x21CB9937880
ScriptStruct: ReplayTypeData                                   - Instance: 0x21CB9937580
ScriptStruct: ReplayHeadersCountTask                           - Instance: 0x21CB9937400
ScriptStruct: ReplayUpdateDataMapTask                          - Instance: 0x21CB9937280
ScriptStruct: GFxRewardDrop                                    - Instance: 0x21CB9935900
ScriptStruct: BotLoadout                                       - Instance: 0x21CB9934880
ScriptStruct: PlayerStats                                      - Instance: 0x21CB9934700
ScriptStruct: RocketPassPremiumData                            - Instance: 0x21CB9901180
ScriptStruct: RocketPassTiersData                              - Instance: 0x21CB9901000
ScriptStruct: SetPreviewProductParams                          - Instance: 0x21CB9900B80
ScriptStruct: AddProductAttribute                              - Instance: 0x21CB98DA200
ScriptStruct: AddProductsResponseData                          - Instance: 0x21CB98D8D00
ScriptStruct: InstanceToSlotRow                                - Instance: 0x21CB98C1F00
ScriptStruct: VanityProductInfo                                - Instance: 0x21CB98C1180
ScriptStruct: VanityProductData                                - Instance: 0x21CB98C1000
ScriptStruct: VanityLoadout                                    - Instance: 0x21CB98C0880
ScriptStruct: Sample                                           - Instance: 0x21CB9887B80
ScriptStruct: GraphSummaryMethod                               - Instance: 0x21CB9887A00
ScriptStruct: DingoContentCache                                - Instance: 0x21CB9886C80
ScriptStruct: SaveDataTask                                     - Instance: 0x21CB9886B00
ScriptStruct: SaveDataDeleteTask                               - Instance: 0x21CB9884280
ScriptStruct: SaveDataListFilesTask                            - Instance: 0x21CB9884100
ScriptStruct: SaveDataImportTask                               - Instance: 0x21CB987BE80
ScriptStruct: SaveDataExportTask                               - Instance: 0x21CB987BD00
ScriptStruct: InitSaveProviderTask                             - Instance: 0x21CB987BB80
ScriptStruct: CarSplineData                                    - Instance: 0x21CB9833580
ScriptStruct: SpawnCarColorSet                                 - Instance: 0x21CB97EBD00
ScriptStruct: CatalogueCacheItem                               - Instance: 0x21CB97D8A00
ScriptStruct: ShopItemData                                     - Instance: 0x21CBA7B3880
ScriptStruct: ShopTabData                                      - Instance: 0x21CBA7B3A00
ScriptStruct: AxisConversion                                   - Instance: 0x21CBA7A3E80
ScriptStruct: BothWheelAssets                                  - Instance: 0x21CBA7A3A00
ScriptStruct: BaseInput                                        - Instance: 0x21CBA7A0280
ScriptStruct: DebugMicroEventPlaylistID                        - Instance: 0x21CBA780E80
ScriptStruct: PickupReplacement                                - Instance: 0x21CBA780700
ScriptStruct: ThrowSetting                                     - Instance: 0x21CBA750A00
ScriptStruct: BallInfo                                         - Instance: 0x21CBA722680
ScriptStruct: StatGroupCollection                              - Instance: 0x21CBA722500
ScriptStruct: StatEventCollection_KO                           - Instance: 0x21CBA6EDD80
ScriptStruct: SummaryLabel                                     - Instance: 0x21CBA6ECA00
ScriptStruct: GraphLine                                        - Instance: 0x21CBA6EC880
ScriptStruct: PartyMergeResult                                 - Instance: 0x21CBA6C8A00
ScriptStruct: CredentialItem                                   - Instance: 0x21CBA65A500
ScriptStruct: RewardsResult                                    - Instance: 0x21CBA627400
ScriptStruct: RewardsRequest                                   - Instance: 0x21CBA627280
ScriptStruct: TeamSeeds                                        - Instance: 0x21CBA626C80
ScriptStruct: TrainingManipulationEvent                        - Instance: 0x21CBA611C00
ScriptStruct: ButtonInfo                                       - Instance: 0x21CBA5E3100
ScriptStruct: ActionNameInfo                                   - Instance: 0x21CBA5E3280
ScriptStruct: MessageInfo                                      - Instance: 0x21CBA5E3400
ScriptStruct: UserReportVideoSetting                           - Instance: 0x21CBA5BEF80
ScriptStruct: VanityQuerySet                                   - Instance: 0x21CBA5A3E80
ScriptStruct: PickupData                                       - Instance: 0x21CBA5A0580
ScriptStruct: PickupData2                                      - Instance: 0x21CBA5A0400
ScriptStruct: InteractableData                                 - Instance: 0x21CBA58B100
ScriptStruct: ViewData                                         - Instance: 0x21CBA58B280
ScriptStruct: JsonMetadata                                     - Instance: 0x21CBA43C280
ScriptStruct: SpecialEventStoreConfigs                         - Instance: 0x21CBA3F3D00
ScriptStruct: NewsInteractionEvent                             - Instance: 0x21CBA3F2200
Const: F2PSeasonsRestart                                       - Instance: 0x21DFAF27A80
Const: MutatorCategory_MatchAdmin                              - Instance: 0x21DFAF27A00
Const: Mutator_MatchAdmin                                      - Instance: 0x21DFAF27980
Const: StatName_HoopsSwishGoal                                 - Instance: 0x21DFAF27900
Const: StatName_BreakoutDamageLarge                            - Instance: 0x21DFAF27880
Const: StatName_BreakoutDamage                                 - Instance: 0x21DFAF27800
Const: StatName_HighFive                                       - Instance: 0x21DFAF27780
Const: StatName_LowFive                                        - Instance: 0x21DFAF27700
Const: StatName_PoolShot                                       - Instance: 0x21DFAF27680
Const: StatName_FirstTouch                                     - Instance: 0x21DFAF27600
Const: StatName_Demolition                                     - Instance: 0x21DFAF27580
Const: StatName_Demolish                                       - Instance: 0x21DFAF27500
Const: StatName_JuggleHit                                      - Instance: 0x21DFAF27480
Const: StatName_BicycleHit                                     - Instance: 0x21DFAF27400
Const: StatName_AerialHit                                      - Instance: 0x21DFAF27380
Const: StatName_Clear                                          - Instance: 0x21DFAF27300
Const: StatName_Center                                         - Instance: 0x21DFAF27280
Const: StatName_Shot                                           - Instance: 0x21DFAF27200
Const: StatName_Savior                                         - Instance: 0x21DFAF27180
Const: StatName_EpicSave                                       - Instance: 0x21DFAF27100
Const: StatName_Playmaker                                      - Instance: 0x21DFAF27080
Const: StatName_TurtleGoal                                     - Instance: 0x21DFAF27000
Const: StatName_OvertimeGoal                                   - Instance: 0x21DFAF26F80
Const: StatName_BackwardsGoal                                  - Instance: 0x21DFAF26F00
Const: StatName_LongGoal                                       - Instance: 0x21DFAF26E80
Const: StatName_AerialGoal                                     - Instance: 0x21DFAF26E00
Const: StatName_TimePlayed                                     - Instance: 0x21DFAF26D80
Const: StatName_Win                                            - Instance: 0x21DFAF26D00
Const: StatName_MatchPlayed                                    - Instance: 0x21DFAF26C80
Const: StatName_Save                                           - Instance: 0x21DFAF26C00
Const: StatName_Goal                                           - Instance: 0x21DFAF26B80
Const: StatName_Assist                                         - Instance: 0x21DFAF26B00
Const: AttributeKey_Quality                                    - Instance: 0x21DFAF26900
Const: TOUR_MATCH_NONE                                         - Instance: 0x21DFAF26800
Const: MAX_REPLICATED_VOTERS                                   - Instance: 0x21DFACA6580
Const: FirstChildIndex                                         - Instance: 0x21DFACA4F00
Const: HttpContentType                                         - Instance: 0x21DFAAEB280
Const: FULL_SIZE_NEIGHBORS                                     - Instance: 0x21DFAAEAF80
Const: HALF_SIZE_NEIGHBORS                                     - Instance: 0x21DFAAEAF00
Const: MaxSteeringSensitivity                                  - Instance: 0x21DFAAE9700
Const: MaxAirControlSensitivity                                - Instance: 0x21DFAAE9680
Const: PriorityLow                                             - Instance: 0x21DFA77F680
Const: PriorityMed                                             - Instance: 0x21DFA77F600
Const: PriorityHigh                                            - Instance: 0x21DFA77F580
Const: BoostLevel_Inactive                                     - Instance: 0x21DFA77E980
Const: BoostLevel_Activated                                    - Instance: 0x21DFA77E900
Const: BoostLevel_Active                                       - Instance: 0x21DFA77E880
Const: SoonInSeconds                                           - Instance: 0x21DFA77DD80
Const: MAX_TEAM_PLAYERS                                        - Instance: 0x21DFA77CD80
Const: UnrealUnitsPerMeter                                     - Instance: 0x21DFA77CB80
Const: HiddenPresenceId                                        - Instance: 0x21CB93F2A00
Const: PartyPresenceId                                         - Instance: 0x21CB93F2E80
Const: MAX_SEARCH_MESSAGES                                     - Instance: 0x21CB93F1280
Const: MAX_NAMEPLATES                                          - Instance: 0x21CBA0E4D80
Const: GoalExitDelaySeconds                                    - Instance: 0x21CBA0E4600
Const: FieldHeight                                             - Instance: 0x21CBA0E4580
Const: DirectionBoneName                                       - Instance: 0x21CBA0E4500
Const: LookSpeed                                               - Instance: 0x21CBA0E4480
Const: AimNodeName                                             - Instance: 0x21CBA0E4400
Const: PlayerCountIrrelevant                                   - Instance: 0x21CB9E07A80
Const: MenuTreeMaxDepth                                        - Instance: 0x21CB9E06200
Const: MAX_PARTY_FOLLOWERS                                     - Instance: 0x21CB9E05E00
Const: JapaneseLanguage                                        - Instance: 0x21CB9E05980
Const: TRADEHOLD_EXT_XE                                        - Instance: 0x21CB9C23980
Const: TRADEHOLD_P2P                                           - Instance: 0x21CB9C23880
Const: TRADEHOLD_ALL                                           - Instance: 0x21CB9C23800
Const: TRADEHOLD_NONE                                          - Instance: 0x21CB9C23780
Const: PerfMetricsVersion                                      - Instance: 0x21CB9C23100
Const: MaxFriendKeyLength                                      - Instance: 0x21CB9C21A00
Const: MaxLoadoutSets                                          - Instance: 0x21CB99BB980
Const: MaxConcurrentItemCount                                  - Instance: 0x21CB99BA980
Const: MENU_BG_SWITCH_VERSION                                  - Instance: 0x21CB99B9980
Const: HttpContentType                                         - Instance: 0x21CBA6E9680
Const: HttpContentEncoding                                     - Instance: 0x21CBA6E9600
Enum: ESettingsAutoUpdateReason                                - Instance: 0x21DFAFBEF00
Enum: EProductQuality                                          - Instance: 0x21DFAFBEE80
Enum: EUnlockMethod                                            - Instance: 0x21DFAFBEE00
Enum: EVoiceRoomType                                           - Instance: 0x21DFAFBED80
Enum: EActiveVoiceLocation                                     - Instance: 0x21DFAFBED00
Enum: EVoiceInputMode                                          - Instance: 0x21DFAFBEC80
Enum: EVoiceNotificationLevel                                  - Instance: 0x21DFAFBEC00
Enum: EPackageSaveStatus                                       - Instance: 0x21DFAFBEB80
Enum: EMatchHistoryUI                                          - Instance: 0x21DFAFBEB00
Enum: EMatchHistoryNavigableButton                             - Instance: 0x21DFAFBEA80
Enum: ERequestResolvedStatus                                   - Instance: 0x21DFAFBEA00
Enum: ESpecialEventState                                       - Instance: 0x21DFAFBE980
Enum: EControlsVisibilityType                                  - Instance: 0x21DFAFBE900
Enum: ESkinType                                                - Instance: 0x21DFAFBE880
Enum: EInfectedType                                            - Instance: 0x21DFAFBE800
Enum: ETAStatType                                              - Instance: 0x21DFAFBE780
Enum: EVisibleMMRPreference                                    - Instance: 0x21DFAFBE680
Enum: ECrossEntitlementStatus                                  - Instance: 0x21DFAFBE600
Enum: ETieBreakDecision                                        - Instance: 0x21DFAFBE580
Enum: EChatValidationFailureReason                             - Instance: 0x21DFAFBE500
Enum: EMainMenuBackground                                      - Instance: 0x21DFAFBE480
Enum: EPersonaInfoOrigin                                       - Instance: 0x21DFAFBE400
Enum: EPresenceGroup                                           - Instance: 0x21DFAFBE380
Enum: EMatchTieBreaker                                         - Instance: 0x21DFAFBE300
Enum: EMusicStingersSetting                                    - Instance: 0x21DFAFBE280
Enum: ENameplateMode                                           - Instance: 0x21DFAFBE200
Enum: EHUDMessageLevel                                         - Instance: 0x21DFAFBE180
Enum: EForceFeedbackMode                                       - Instance: 0x21DFAFBE100
Enum: EForceFeedbackType                                       - Instance: 0x21DFAFBE080
Enum: ECameraSettingsPreset                                    - Instance: 0x21DFAFBE000
Enum: EMTXCatalogCategory                                      - Instance: 0x21DFAFBDF80
Enum: EEquippableProductSlot                                   - Instance: 0x21DFAFBDF00
Enum: ECurrency                                                - Instance: 0x21DFAFBDE80
Enum: EOnlineXPModifierType                                    - Instance: 0x21DFAFBDE00
Enum: EVanityType                                              - Instance: 0x21DFAFBDD80
Enum: EPaintFinishType                                         - Instance: 0x21DFAFBDC80
Enum: EPaintColorVariant                                       - Instance: 0x21DFAFBDC00
Enum: ECustomMatchSettingsType                                 - Instance: 0x21DFAFBDB80
Enum: EEditingType                                             - Instance: 0x21DFAFBDB00
Enum: ERankInfoDisplayType                                     - Instance: 0x21DFAFBDA80
Enum: EEquipAction                                             - Instance: 0x21DFAFBDA00
Enum: EHistory                                                 - Instance: 0x21DFAFBD980
Enum: EHistoryType                                             - Instance: 0x21DFAFBD900
Enum: EPawnType                                                - Instance: 0x21DFAFBD880
Enum: ETrainingSaveType                                        - Instance: 0x21DFAFBD800
Enum: ESaveGameResult                                          - Instance: 0x21DFAFBD780
Enum: EGoalResetType                                           - Instance: 0x21DFAFBD700
Enum: EBoostFillType                                           - Instance: 0x21DFAFBD680
Enum: EProductThumbnailSize                                    - Instance: 0x21DFAFBD600
Enum: EChatMessageType                                         - Instance: 0x21DFAFBD580
Enum: EUIMenuState                                             - Instance: 0x21DFAFBD500
Enum: EMirrorFieldType                                         - Instance: 0x21DFAFBD480
Enum: EProductAttachmentSocket                                 - Instance: 0x21DFAFBD400
Enum: EInputRestriction                                        - Instance: 0x21DFAFBD300
Enum: EBallHitType                                             - Instance: 0x21DFAFBD280
Enum: EBoostRestriction                                        - Instance: 0x21DFAFBD200
Enum: EVehicleDemolishMode                                     - Instance: 0x21DFAFBD180
Enum: EVoteStatus                                              - Instance: 0x21DFAFBD100
Enum: EStatEventDisplayLevels                                  - Instance: 0x21DFAFBD080
Enum: ETrainingTag                                             - Instance: 0x21DFAFBD000
Enum: EDifficulty                                              - Instance: 0x21DFAFBCF80
Enum: ETrainingType                                            - Instance: 0x21DFAFBCF00
Enum: EShowOnly                                                - Instance: 0x21DFAFBCE80
Enum: ECarImpactResult                                         - Instance: 0x21DFAFBCE00
Enum: EDemolishSpeed                                           - Instance: 0x21DFAFBCD80
Enum: EDemolishTarget                                          - Instance: 0x21DFAFBCC80
Enum: EBlueprintType                                           - Instance: 0x21DFAFBCC00
Enum: EProductTradeRestriction                                 - Instance: 0x21DFAFBCB80
Enum: EProductFilterSortType                                   - Instance: 0x21DFAFBCB00
Enum: EArchiveProductFilter                                    - Instance: 0x21DFAFBCA80
Enum: EProductFilterLogLevel                                   - Instance: 0x21DFAFBCA00
Enum: EFavoritedProductFilter                                  - Instance: 0x21DFAFBC980
Enum: ERocketPassTierType                                      - Instance: 0x21DFAFBC900
Enum: ERocketPassTierLockState                                 - Instance: 0x21DFAFBC880
Enum: ERocketPassNotificationRewardType                        - Instance: 0x21DFAFBC800
Enum: ERocketPassRewardType                                    - Instance: 0x21DFAFBC780
Enum: ELegacyBoxStatus                                         - Instance: 0x21DFAFBC700
Enum: EXPTier                                                  - Instance: 0x21DFAFBC680
Enum: ELicenseGroup                                            - Instance: 0x21DFAFBC600
Enum: EEffectsIntensity                                        - Instance: 0x21DFAFBC580
Enum: EPlayMusicMode                                           - Instance: 0x21DFAFBC500
Enum: EControllerSoundMode                                     - Instance: 0x21DFAFBC480
Enum: EChatFilter                                              - Instance: 0x21DFAFBC400
Enum: EVoiceFilter                                             - Instance: 0x21DFAFBC380
Enum: ESupportType                                             - Instance: 0x21DFAFBC300
Enum: ETargetCamSwivelMode                                     - Instance: 0x21DFAFBC280
Enum: EPaintTeam                                               - Instance: 0x21DFAFBC200
Enum: ETeam                                                    - Instance: 0x21DFAFBC180
Enum: EDemolishSource                                          - Instance: 0x21DFAFBC100
Enum: ESettingDisplayMode                                      - Instance: 0x21DFAFBC080
Enum: ESearchStatusOwner                                       - Instance: 0x21DFAF27F80
Enum: EMatchmakingViewTab                                      - Instance: 0x21DFAF27F00
Enum: EWheelPosition                                           - Instance: 0x21DFAF27E80
Enum: EVoteSubject                                             - Instance: 0x21DFAF27E00
Enum: ENetworkInputBuffer                                      - Instance: 0x21DFAF27D80
Enum: ENetworkValue                                            - Instance: 0x21DFAF27D00
Enum: EMeshMirrorMode                                          - Instance: 0x21DFAF27C80
Enum: EStatGraphLevel                                          - Instance: 0x21DFAF27C00
Enum: EInputBufferSaturationLevel                              - Instance: 0x21DFAF27B80
Enum: EAchievementType                                         - Instance: 0x21DFAF27B00
Enum: EShopDeliverableType                                     - Instance: 0x21DFAF26980
Enum: EItemDisplayType                                         - Instance: 0x21DFAF26880
Enum: ETourSeedType                                            - Instance: 0x21DFAF26780
Enum: EProfilePCSaveVersion_0                                  - Instance: 0x21DFAF26100
Enum: EFTELegacyGroupType                                      - Instance: 0x21DFAF26080
Enum: EFTEVersioning                                           - Instance: 0x21DFAF25F80
Enum: EZoneEvent                                               - Instance: 0x21DFAF25D80
Enum: EConnectionQualityState                                  - Instance: 0x21DFAF25D00
Enum: EPlayTestType                                            - Instance: 0x21DFAF24E00
Enum: EProductFilterType                                       - Instance: 0x21DFAF24800
Enum: EActivePlaylistType                                      - Instance: 0x21DFAF24100
Enum: ERocketPassNotificationType                              - Instance: 0x21DFACA7800
Enum: ETourStatus                                              - Instance: 0x21DFACA6780
Enum: EUserBugReportCategoryType                               - Instance: 0x21DFACA6680
Enum: EAITeam                                                  - Instance: 0x21DFACA6480
Enum: EBTStatus                                                - Instance: 0x21DFACA6400
Enum: ECrowdValueType                                          - Instance: 0x21DFACA6380
Enum: EFreeplayCommand                                         - Instance: 0x21DFACA6300
Enum: ETrainingRoundAttempt                                    - Instance: 0x21DFACA6180
Enum: ETrainingNavigationCommand                               - Instance: 0x21DFACA6100
Enum: ETrainingManipulationCommand                             - Instance: 0x21DFACA6080
Enum: EAchievementGame                                         - Instance: 0x21DFACA6000
Enum: EAchievementEXP0                                         - Instance: 0x21DFACA5F80
Enum: EAchievementDLC0                                         - Instance: 0x21DFACA5F00
Enum: EAchievementDLC1                                         - Instance: 0x21DFACA5E80
Enum: EAchievementDLC2                                         - Instance: 0x21DFACA5E00
Enum: EAchievementXBO0                                         - Instance: 0x21DFACA5D80
Enum: EAchievementDLC3                                         - Instance: 0x21DFACA5D00
Enum: EAchievementDLC4                                         - Instance: 0x21DFACA5C80
Enum: EAchievementDLC5                                         - Instance: 0x21DFACA5C00
Enum: EAchievementDLC6                                         - Instance: 0x21DFACA5B80
Enum: EAchievementDLC7                                         - Instance: 0x21DFACA5B00
Enum: EAchievementMeta                                         - Instance: 0x21DFACA5A80
Enum: EAchievementSaveVersion                                  - Instance: 0x21DFACA5500
Enum: EActivityFeedType                                        - Instance: 0x21DFACA5480
Enum: EVisibilityType                                          - Instance: 0x21DFACA5100
Enum: EPlaylistType                                            - Instance: 0x21DFACA4C00
Enum: EMusicPlayerState                                        - Instance: 0x21DFACA4B80
Enum: EAxleToForce                                             - Instance: 0x21DFACA4800
Enum: EPolicyType                                              - Instance: 0x21DFAAEBF80
Enum: EPitchTekDecalType                                       - Instance: 0x21DFAAEBE00
Enum: EKeepUpState                                             - Instance: 0x21DFAAEB700
Enum: EBotSkill                                                - Instance: 0x21DFAAEB100
Enum: EBreakoutDamageState                                     - Instance: 0x21DFAAEB000
Enum: ELockScope                                               - Instance: 0x21DFAAEA980
Enum: ECameraTrackFlyType                                      - Instance: 0x21DFAAEA180
Enum: ECameraLoopType                                          - Instance: 0x21DFAAE9F80
Enum: ECountDownFocus                                          - Instance: 0x21DFAAE9D80
Enum: EStatePriority                                           - Instance: 0x21DFAAE9B00
Enum: ETerritoryAudioCueType                                   - Instance: 0x21DFAAE8C00
Enum: EDropGroupDisplayOrder                                   - Instance: 0x21DFAAE8500
Enum: EChallengeSort                                           - Instance: 0x21DFAAE8480
Enum: EChallengeType                                           - Instance: 0x21DFAAE8400
Enum: ECrumbRedefinitionType                                   - Instance: 0x21DFA77F480
Enum: ECrumbAction                                             - Instance: 0x21DFA77F400
Enum: ESpeedDistributionSpace                                  - Instance: 0x21DFA77F080
Enum: EEngagementEventType                                     - Instance: 0x21DFA77EB80
Enum: EVoiceSettingsSaveVersion                                - Instance: 0x21DFA77DF80
Enum: EFTERedefinitionAction                                   - Instance: 0x21DFA77DA00
Enum: EFTERedefinitionType                                     - Instance: 0x21DFA77D980
Enum: EForceDirection                                          - Instance: 0x21DFA77D780
Enum: EmitterSocketBehavior                                    - Instance: 0x21DFA77D200
Enum: EStateEvent                                              - Instance: 0x21DFA77D080
Enum: EAttackType                                              - Instance: 0x21DFA77CF80
Enum: EDetectionType                                           - Instance: 0x21DFA77C980
Enum: ERotationType                                            - Instance: 0x21CB9617B80
Enum: EGameplaySettingsSaveVersion                             - Instance: 0x21CB9616800
Enum: EAdHocState                                              - Instance: 0x21CB9616280
Enum: EStunlockType                                            - Instance: 0x21CB9615F00
Enum: EChallengeFilter                                         - Instance: 0x21CB9615C00
Enum: ENotificationType                                        - Instance: 0x21CB93F2100
Enum: ENameDisplayRelationshipProxy                            - Instance: 0x21CB93F2980
Enum: ELegacyStatusSetState                                    - Instance: 0x21CB93F3080
Enum: ESplitScreenPosition                                     - Instance: 0x21CB93F3280
Enum: EChallengeManagerState                                   - Instance: 0x21CB93F3300
Enum: EMapPrefType                                             - Instance: 0x21CB93F3600
Enum: ESyncStatus                                              - Instance: 0x21CB93F3700
Enum: ENodeBannerType                                          - Instance: 0x21CB93F3B80
Enum: ESearchMessageType                                       - Instance: 0x21CB93F1300
Enum: EPsyNetPartyStatus                                       - Instance: 0x21CB93F1180
Enum: EFilterProductAttribute                                  - Instance: 0x21CB93F0900
Enum: EQuickChatState                                          - Instance: 0x21CB93F0200
Enum: EReasonType                                              - Instance: 0x21CBA0E7C80
Enum: EUserSettingType                                         - Instance: 0x21CBA0E7680
Enum: EShopTabType                                             - Instance: 0x21CBA0E6D80
Enum: ETourEventStatus                                         - Instance: 0x21CBA0E6100
Enum: ETrainingModeSearchTypes                                 - Instance: 0x21CBA0E5D80
Enum: EUserBugReportSubmitStatus                               - Instance: 0x21CBA0E5A00
Enum: ESoundStatePriority                                      - Instance: 0x21CBA0E5700
Enum: EReplayVersion                                           - Instance: 0x21CBA0E5180
Enum: EReplayState                                             - Instance: 0x21CBA0E5100
Enum: EStatGraphLayer                                          - Instance: 0x21CB9E07E80
Enum: ERotationAxis                                            - Instance: 0x21CB9E07D80
Enum: ESequenceStatus                                          - Instance: 0x21CB9E06600
Enum: ENodeEnabledRequirement                                  - Instance: 0x21CB9E06400
Enum: ENodeBadgeType                                           - Instance: 0x21CB9E06380
Enum: EPlaylistSpecialType                                     - Instance: 0x21CB9E06080
Enum: EMusicPlayerSave                                         - Instance: 0x21CB9E05800
Enum: EGameplayMusicSetting                                    - Instance: 0x21CB9E05780
Enum: EOrbitCenterLocation                                     - Instance: 0x21CB9C23580
Enum: EOrbitAxisBehavior                                       - Instance: 0x21CB9C23500
Enum: EOutOfWorld                                              - Instance: 0x21CB9C23480
Enum: EOverrideMaterialMode_TA                                 - Instance: 0x21CB9C23400
Enum: EForcedThumbnailColors                                   - Instance: 0x21CB9C21200
Enum: EAssetLoadState                                          - Instance: 0x21CB9C21100
Enum: ETrademarkGlyph                                          - Instance: 0x21CB9C20880
Enum: EEnableSlotCustomization                                 - Instance: 0x21CB9C20700
Enum: EProductsArchiveSaveVersion                              - Instance: 0x21CB9C20380
Enum: EProductsFavoriteSaveVersion                             - Instance: 0x21CB9C20280
Enum: EProductsSaveVersion                                     - Instance: 0x21CB9C20180
Enum: EProfilePCSaveVersion_1                                  - Instance: 0x21CB99BBC00
Enum: EProfileGamepadSaveVersion                               - Instance: 0x21CB99BBB00
Enum: EProfileGameplaySaveVersion                              - Instance: 0x21CB99BBA80
Enum: ELoadoutSaveVersion                                      - Instance: 0x21CB99BBA00
Enum: EProfilePCSaveVersion_2                                  - Instance: 0x21CB99BB880
Enum: EQuickChatVersion                                        - Instance: 0x21CB99BB800
Enum: EGraphSummaryType                                        - Instance: 0x21CB99BA800
Enum: EInitSaveProviderResult                                  - Instance: 0x21CB99BA780
Enum: ESeasonSaveVersion                                       - Instance: 0x21CB99B9F80
Enum: ECheckAxis                                               - Instance: 0x21CB99B9E00
Enum: EForcedTeamOverride                                      - Instance: 0x21CB99B9680
Enum: ECopyAxis                                                - Instance: 0x21CB99B8E00
Enum: ESpringState                                             - Instance: 0x21CB99B8780
Enum: EBallFreezeState                                         - Instance: 0x21CB99B8700
Enum: EThrowSetting                                            - Instance: 0x21CB99B8580
Enum: ERopeState                                               - Instance: 0x21CB99B8480
Enum: EFiveHitType                                             - Instance: 0x21CB99B8280
Enum: EStatTrackingUnitType                                    - Instance: 0x21CBA6EBF80
Enum: ETriggerConditionNumericalType                           - Instance: 0x21CBA6EBC00
Enum: ETutorialOutput                                          - Instance: 0x21CBA6E9D00
Enum: ETutorialStatus                                          - Instance: 0x21CBA6E9C80
Enum: EPlayerDriveType                                         - Instance: 0x21CBA6E9C00
Enum: EBoostType                                               - Instance: 0x21CBA6E9100
Enum: ESaveExportSchemaVersion                                 - Instance: 0x21CBA41B880
Class: _AITypes_TA                                             - Instance: 0x21CB334A000
Class: _ShopTypes_TA                                           - Instance: 0x21CB3349C00
Class: _Types_TA                                               - Instance: 0x21CB3349800
Class: AIController_TA                                         - Instance: 0x21CB3349400
Class: AIController_Soccar_TA                                  - Instance: 0x21CB3349000
Class: AIManager_TA                                            - Instance: 0x21CB3348C00
Class: AnimNodeBlend_TA                                        - Instance: 0x21CB3348800
Class: AnimNodeBlendBoost_TA                                   - Instance: 0x21CB3348400
Class: AnimNodeBlendSpeed_TA                                   - Instance: 0x21CB333FC00
Class: AnimStateComponent_TA                                   - Instance: 0x21CB333F800
Class: ArenaReflectionsManager_TA                              - Instance: 0x21CB333F400
Class: ArenaSoundSettings_TA                                   - Instance: 0x21CB333F000
Class: AttachmentBehavior_TA                                   - Instance: 0x21CB333EC00
Class: AttachmentBehavior_Steering_TA                          - Instance: 0x21CB333E800
Class: RimSpinner_TA                                           - Instance: 0x21CB333E400
Class: WheelShimmy_TA                                          - Instance: 0x21CB333E000
Class: PlayerControllerBase_TA                                 - Instance: 0x21CB333D400
Class: PlayerController_TA                                     - Instance: 0x21CB333D800
Class: AudioPriorityComponent_TA                               - Instance: 0x21CB333DC00
Class: AudioStateComponent_TA                                  - Instance: 0x21CB333D000
Class: BallLocationComponent_TA                                - Instance: 0x21CB333CC00
Class: BallRadiusVolume_TA                                     - Instance: 0x21CB333C800
Class: RBActor_TA                                              - Instance: 0x21CB3343800
Class: Ball_TA                                                 - Instance: 0x21CB3343C00
Class: BallTrajectoryComponent_TA                              - Instance: 0x21CB333C400
Class: BallTrajectoryComponent_Line_TA                         - Instance: 0x21CB3343400
Class: BallTrajectoryComponent_Beam_TA                         - Instance: 0x21CB3343000
Class: BallTrajectoryComponent_Spline_TA                       - Instance: 0x21CB3342C00
Class: BallTrajectoryComponent_Mesh_TA                         - Instance: 0x21CB3342800
Class: BoostMesh_TA                                            - Instance: 0x21CB3342400
Class: BreakOutActor_Platform_TA                               - Instance: 0x21CB3342000
Class: BTComponent                                             - Instance: 0x21CB3341C00
Class: BTLockCollection                                        - Instance: 0x21CB3341800
Class: BTNode                                                  - Instance: 0x21CB3337C00
Class: BTConditionalNode                                       - Instance: 0x21CB3340400
Class: BTAction                                                - Instance: 0x21CB3340800
Class: BTAction_Target                                         - Instance: 0x21CB3340C00
Class: BTAction_MoveTo                                         - Instance: 0x21CB3341000
Class: BTMoveModifier                                          - Instance: 0x21CB3341400
Class: BTCondition                                             - Instance: 0x21CB3337800
Class: BTC_Any                                                 - Instance: 0x21CB3337400
Class: BTC_NotAny                                              - Instance: 0x21CB3337000
Class: BTC_ProxyBase                                           - Instance: 0x21CB3336C00
Class: BTC_TargetBase                                          - Instance: 0x21CB3336800
Class: BTC_Target                                              - Instance: 0x21CB3336400
Class: BTC_SelectActor                                         - Instance: 0x21CB3336000
Class: BTAction_Input                                          - Instance: 0x21CB3335C00
Class: BTAction_Stop                                           - Instance: 0x21CB3335800
Class: BTAction_HitBall                                        - Instance: 0x21CB3335400
Class: BTAction_CatchBall                                      - Instance: 0x21CB3335000
Class: BTAction_WiggleTires                                    - Instance: 0x21CB3334C00
Class: BTNodeParent                                            - Instance: 0x21CB3334800
Class: BTExecutor                                              - Instance: 0x21CB3334400
Class: BTRandomSelector                                        - Instance: 0x21CB333BC00
Class: BTSelector                                              - Instance: 0x21CB333B800
Class: BTEvaluator                                             - Instance: 0x21CB333B400
Class: BTSequence                                              - Instance: 0x21CB333B000
Class: BTDecorator                                             - Instance: 0x21CB333AC00
Class: BTDeco_RandomSteer                                      - Instance: 0x21CB333A800
Class: BTDeco_Success                                          - Instance: 0x21CB333A400
Class: BTDynamicLink                                           - Instance: 0x21CB333A000
Class: BTLock                                                  - Instance: 0x21CB3339C00
Class: BTWeight                                                - Instance: 0x21CB3339800
Class: BTProxyType                                             - Instance: 0x21CB3339400
Class: BTTarget                                                - Instance: 0x21CB3339000
Class: CachedUnlockedProducts_TA                               - Instance: 0x21CB3338C00
Class: CarColorSet_TA                                          - Instance: 0x21CB3338800
Class: CarComponent_TA                                         - Instance: 0x21CB3338400
Class: CarComponent_AirActivate_TA                             - Instance: 0x21CB332FC00
Class: CarComponent_Boost_TA                                   - Instance: 0x21CB332F800
Class: CarComponent_Boost_KO_TA                                - Instance: 0x21CB332F000
Class: CarComponent_Dodge_TA                                   - Instance: 0x21CB332E800
Class: CarComponent_Dodge_KO_TA                                - Instance: 0x21CB332E000
Class: CarComponent_DoubleJump_TA                              - Instance: 0x21CB332D800
Class: CarComponent_DoubleJump_KO_TA                           - Instance: 0x21CB332D400
Class: CarComponent_DoubleJump_Robin_TA                        - Instance: 0x21CB332D000
Class: CarComponent_AirControl_TA                              - Instance: 0x21CB332CC00
Class: CarComponent_AirControl_Robin_TA                        - Instance: 0x21CB332C800
Class: CarComponent_FlipCar_TA                                 - Instance: 0x21CB332C400
Class: CarComponent_Jump_TA                                    - Instance: 0x21CB3333C00
Class: CarComponent_Jump_Robin_TA                              - Instance: 0x21CB3333800
Class: CarComponent_TerritoryDemolish_TA                       - Instance: 0x21CB3333400
Class: CarComponent_Torque_TA                                  - Instance: 0x21CB3333000
Class: SpecialPickup_TA                                        - Instance: 0x21CB3332C00
Class: SpecialPickup_BallGravity_TA                            - Instance: 0x21CB3332400
Class: SpecialPickup_HauntedBallBeam_TA                        - Instance: 0x21CB3332000
Class: SpecialPickup_Targeted_TA                               - Instance: 0x21CB3331C00
Class: SpecialPickup_BallFreeze_TA                             - Instance: 0x21CB3331400
Class: SpecialPickup_GrapplingHook_TA                          - Instance: 0x21CB3331000
Class: SpecialPickup_Spring_TA                                 - Instance: 0x21CB3330C00
Class: SpecialPickup_BallLasso_TA                              - Instance: 0x21CB3330800
Class: SpecialPickup_Tornado_TA                                - Instance: 0x21CB3330400
Class: CertifiedStat_TA                                        - Instance: 0x21CB332BC00
Class: CertifiedStatDatabase_TA                                - Instance: 0x21CB332B800
Class: ChallengeFolder_TA                                      - Instance: 0x21CB332B400
Class: ClientInputData_TA                                      - Instance: 0x21CB332B000
Class: ClientJitterBuffer_TA                                   - Instance: 0x21CB332AC00
Class: CollisionTestComponent_TA                               - Instance: 0x21CB332A800
Class: ContentConfig_TA                                        - Instance: 0x21CB332A400
Class: CrowdActorSettings_TA                                   - Instance: 0x21CB332A000
Class: CrowdNoiseModifier_TA                                   - Instance: 0x21CB3329C00
Class: DataAsset_ESportsTeam_TA                                - Instance: 0x21CB3329800
Class: DataAssetDatabase_TA                                    - Instance: 0x21CB3329400
Class: DataAssetDatabase_ESportsTeam_TA                        - Instance: 0x21CB3329000
Class: DecalComponent_Constrained_TA                           - Instance: 0x21CB3328C00
Class: DistributionFloatSpeed_TA                               - Instance: 0x21CB3328400
Class: DistributionFloatSteer_TA                               - Instance: 0x21CB331FC00
Class: DLCPack_TA                                              - Instance: 0x21CB331F800
Class: EngineAudioBaseComponent_TA                             - Instance: 0x21CB331F400
Class: EngineAudioComponent_TA                                 - Instance: 0x21CB331F000
Class: EngineAudioREVComponent_TA                              - Instance: 0x21CB331EC00
Class: EngineAudioBlowoffComponent_TA                          - Instance: 0x21CB331E800
Class: EngineAudioPreviewBase_TA                               - Instance: 0x21CB331E400
Class: EngineAudioPreview_TA                                   - Instance: 0x21CB331E000
Class: EngineAudioProfileBase_TA                               - Instance: 0x21CB331DC00
Class: EngineAudioProfile_TA                                   - Instance: 0x21CB331D800
Class: EngineAudioProfileREV_TA                                - Instance: 0x21CB331D400
Class: EngineAudioRevSimBoost_TA                               - Instance: 0x21CB331D000
Class: EngineAudioRevSimBoostLevel_TA                          - Instance: 0x21CB331CC00
Class: EngineAudioRevSimGearManager_TA                         - Instance: 0x21CB331C800
Class: EngineAudioRevSimLimiter_TA                             - Instance: 0x21CB331C400
Class: EngineAudioRevSimResistance_TA                          - Instance: 0x21CB3317C00
Class: EngineAudioRevSimReverse_TA                             - Instance: 0x21CB3317800
Class: EngineAudioRevSimVelocitySync_TA                        - Instance: 0x21CB3317400
Class: EngineAudioUnlocker_TA                                  - Instance: 0x21CB3317000
Class: EngineShare_TA                                          - Instance: 0x21CB3316C00
Class: Errors_TA                                               - Instance: 0x21CB3316800
Class: ExplosionHitHandler_TA                                  - Instance: 0x21CB3316400
Class: DefaultHitHandler_TA                                    - Instance: 0x21CB3316000
Class: OrbitHitHandler_TA                                      - Instance: 0x21CB3315C00
Class: GreenScreenEffectHandler_TA                             - Instance: 0x21CB3315800
Class: JiggleHitHandler_TA                                     - Instance: 0x21CB3315400
Class: OverrideMaterialsHitHandler_TA                          - Instance: 0x21CB3315000
Class: FeatureFilterTest_TA                                    - Instance: 0x21CB3314C00
Class: FlockActor_TA                                           - Instance: 0x21CB3314800
Class: ForceVolume_TA                                          - Instance: 0x21CB3314400
Class: FpsBucketRecorder_TA                                    - Instance: 0x21CB331BC00
Class: FriendsListBuilder_TA                                   - Instance: 0x21CB331B800
Class: FriendsListUtils_TA                                     - Instance: 0x21CB331B400
Class: FXActor_GameEditorActor_TA                              - Instance: 0x21CB331B000
Class: FXActor_TA                                              - Instance: 0x21CB331AC00
Class: FXActor_Ball_TA                                         - Instance: 0x21CB331A800
Class: FXActor_BallBreakout_TA                                 - Instance: 0x21CB331A000
Class: FXActor_BallHaunted_TA                                  - Instance: 0x21CB3319C00
Class: FXActor_Boost_TA                                        - Instance: 0x21CB3319800
Class: FXActor_BreakoutPlatform_TA                             - Instance: 0x21CB3319400
Class: FXActor_Car_TA                                          - Instance: 0x21CB3319000
Class: FXTrait_BoostParticle_TA                                - Instance: 0x21CB3318C00
Class: GameData_TA                                             - Instance: 0x21CB3318800
Class: GameEngine_TA                                           - Instance: 0x21CB3318400
Class: GameEvent_TA                                            - Instance: 0x21CB3307C00
Class: GameEvent_Team_TA                                       - Instance: 0x21CB3307800
Class: GameMode_TA                                             - Instance: 0x21CB3307400
Class: GameModeList_TA                                         - Instance: 0x21CB3307000
Class: GameObserver_TA                                         - Instance: 0x21CB3306C00
Class: GameShare_TA                                            - Instance: 0x21CB3306800
Class: GameViewportClient_TA                                   - Instance: 0x21CB3306400
Class: GFxData_DevUtil_TA                                      - Instance: 0x21CB3305C00
Class: GFxData_Personas_TA                                     - Instance: 0x21CB3305800
Class: GFxData_ShopCatalogue_TA                                - Instance: 0x21CB3305400
Class: GFxData_Shops_TA                                        - Instance: 0x21CB3305000
Class: GFxEngine_TA                                            - Instance: 0x21CB3304C00
Class: GlobalLookupTexture_TA                                  - Instance: 0x21CB3304800
Class: Goal_TA                                                 - Instance: 0x21CB3304400
Class: GoalVolume_TA                                           - Instance: 0x21CB3303C00
Class: GroundStaticMeshActor_TA                                - Instance: 0x21CB3303800
Class: HandlingPreset_TA                                       - Instance: 0x21CB3303400
Class: HideLevelAssetsBase_TA                                  - Instance: 0x21CB3303000
Class: GreenScreen_TA                                          - Instance: 0x21CB3302C00
Class: ToggleActorVisibility_TA                                - Instance: 0x21CB3302800
Class: HighContrastActor_TA                                    - Instance: 0x21CB3302400
Class: ICanEquip_TA                                            - Instance: 0x21CB3302000
Class: IdenticalProductCache_TA                                - Instance: 0x21CB3301C00
Class: ImpactEffectsComponent_TA                               - Instance: 0x21CB3301800
Class: ImpactModifier_TA                                       - Instance: 0x21CB3301400
Class: PostImpactModifier_TA                                   - Instance: 0x21CB3301000
Class: InputRecorder_TA                                        - Instance: 0x21CB3300C00
Class: InstanceIDUtils_TA                                      - Instance: 0x21CB3300800
Class: InterpTrackAnimControlWithSensibleDefault_TA            - Instance: 0x21CB3300400
Class: InterpTrackBoostGlow_TA                                 - Instance: 0x21CB32FBC00
Class: InterpTrackBoostToggle_TA                               - Instance: 0x21CB32FB800
Class: InterpTrackCameraShake_TA                               - Instance: 0x21CB32FB400
Class: InterpTrackCarScale_TA                                  - Instance: 0x21CB32FB000
Class: InterpTrackInstVehicle_TA                               - Instance: 0x21CB32FAC00
Class: InterpTrackInstVehicleToggle_TA                         - Instance: 0x21CB32FA800
Class: InterpTrackPostProcess_TA                               - Instance: 0x21CB32FA400
Class: InterpTrackPostProcessIntensity_TA                      - Instance: 0x21CB32F9C00
Class: InterpTrackSkelControlRotation_TA                       - Instance: 0x21CB32F9800
Class: InterpTrackToggleCarOnGround_TA                         - Instance: 0x21CB32F9400
Class: InterpTrackToggleDumpMovie_TA                           - Instance: 0x21CB32F9000
Class: InterpTrackToggleSupersonic_TA                          - Instance: 0x21CB32F8C00
Class: InterpTrackTriggerVehicleFX_TA                          - Instance: 0x21CB32F8800
Class: ItemDropGroup_TA                                        - Instance: 0x21CB32F8400
Class: ITickNotify_TA                                          - Instance: 0x21CB32EFC00
Class: LightCurveType_TA                                       - Instance: 0x21CB32EF800
Class: LoadoutRandomizer_TA                                    - Instance: 0x21CB32EF400
Class: LocalPlayer_TA                                          - Instance: 0x21CB32EF000
Class: MapData_TA                                              - Instance: 0x21CB32EEC00
Class: MapDataLoader_TA                                        - Instance: 0x21CB32EE800
Class: MapList_TA                                              - Instance: 0x21CB32EE400
Class: MapSet_TA                                               - Instance: 0x21CB32EE000
Class: MatchBroadcast_TA                                       - Instance: 0x21CB32EDC00
Class: MatchBroadcastLog_TA                                    - Instance: 0x21CB32ED800
Class: MaterialParamsSet_TA                                    - Instance: 0x21CB32ED400
Class: MaxActorsGroup_TA                                       - Instance: 0x21CB32ED000
Class: Message_TA                                              - Instance: 0x21CB32ECC00
Class: MtxConfig_TA                                            - Instance: 0x21CB32EC800
Class: MTXGarageUtils_TA                                       - Instance: 0x21CB32EC400
Class: MutatorGameSetting_TA                                   - Instance: 0x21CB32F3C00
Class: NavigationHandle_TA                                     - Instance: 0x21CB32F3800
Class: NetBucketRecorder_TA                                    - Instance: 0x21CB32F3400
Class: NetMetricPlayerData_TA                                  - Instance: 0x21CB32F3000
Class: NetworkConfig_TA                                        - Instance: 0x21CB32F2C00
Class: NetworkInputBuffer_TA                                   - Instance: 0x21CB32F2800
Class: NetworkInputBuffer_CSTS_TA                              - Instance: 0x21CB32F2400
Class: NetworkInputBuffer_ServerConsume_TA                     - Instance: 0x21CB32F2000
Class: NetworkInputBuffer_STS_TA                               - Instance: 0x21CB32F1C00
Class: NetworkJitterSettings_TA                                - Instance: 0x21CB32F1800
Class: Note_Linked_TA                                          - Instance: 0x21CB32F1400
Class: Notification_TA                                         - Instance: 0x21CB32F1000
Class: GenericNotification_TA                                  - Instance: 0x21CB32F0C00
Class: NotificationManager_TA                                  - Instance: 0x21CB32F0800
Class: OnlineProduct_TA                                        - Instance: 0x21CB32F0400
Class: OnlineProductStore_TA                                   - Instance: 0x21CB32E7C00
Class: OnlineSaveRecord_TA                                     - Instance: 0x21CB32E7800
Class: OnlineSessionManager_TA                                 - Instance: 0x21CB32E7400
Class: PaintDatabase_TA                                        - Instance: 0x21CB32E7000
Class: ParticleSystemComponent_TA                              - Instance: 0x21CB32E6C00
Class: Persona_TA                                              - Instance: 0x21CB32E6400
Class: Personas_TA                                             - Instance: 0x21CB32E6000
Class: PhysicalMaterialProperty_TA                             - Instance: 0x21CB32E5C00
Class: PhysicsConfig_TA                                        - Instance: 0x21CB32E5800
Class: PitchTekDrawingComponent_TA                             - Instance: 0x21CB32E5400
Class: PlayerVanity_TA                                         - Instance: 0x21CB32E5000
Class: PlayerAvatar_TA                                         - Instance: 0x21CB32E4C00
Class: PlayerAvatarBorder_TA                                   - Instance: 0x21CB32E4800
Class: PlayerBanner_TA                                         - Instance: 0x21CB32E4400
Class: PremiumSkin_TA                                          - Instance: 0x21CB32DFC00
Class: PremiumSkinSet_TA                                       - Instance: 0x21CB32DF800
Class: ProductAsset_TA                                         - Instance: 0x21CB32DF400
Class: ProductAsset_Attachment_TA                              - Instance: 0x21CB32DF000
Class: ProductAsset_Body_TA                                    - Instance: 0x21CB32DEC00
Class: ProductAsset_Boost_TA                                   - Instance: 0x21CB32DE400
Class: ProductAsset_Bot_TA                                     - Instance: 0x21CB32DE000
Class: ProductAsset_Container_TA                               - Instance: 0x21CB32DDC00
Class: ProductAsset_EngineAudio_TA                             - Instance: 0x21CB32DD800
Class: ProductAsset_GoalExplosion_TA                           - Instance: 0x21CB32DD400
Class: ProductAsset_Pack_TA                                    - Instance: 0x21CB32DD000
Class: ProductAsset_PaintFinish_TA                             - Instance: 0x21CB32DCC00
Class: ProductAsset_PlayerVanity_TA                            - Instance: 0x21CB32DC800
Class: ProductAsset_PlayerAvatar_TA                            - Instance: 0x21CB32DC400
Class: ProductAsset_PlayerAvatarBorder_TA                      - Instance: 0x21CB32D7C00
Class: ProductAsset_PlayerBanner_TA                            - Instance: 0x21CB32D7800
Class: ProductAsset_Skin_TA                                    - Instance: 0x21CB32D7400
Class: ProductAsset_SupersonicTrail_TA                         - Instance: 0x21CB32D7000
Class: ProductAsset_Wheel_TA                                   - Instance: 0x21CB32D6C00
Class: ProductAssetAttribute_TA                                - Instance: 0x21CB32D6800
Class: AssetAttribute_TeamEdition_TA                           - Instance: 0x21CB32D6400
Class: AssetAttribute_TeamOverride_TA                          - Instance: 0x21CB32D6000
Class: AssetAttribute_TeamParameterOverride_TA                 - Instance: 0x21CB32D5C00
Class: ProductAttribute_PaintSettings_TA                       - Instance: 0x21CB32D5800
Class: ProductAssetLoader_TA                                   - Instance: 0x21CB32D5400
Class: ProductAssetReferenceBase_TA                            - Instance: 0x21CB32D5000
Class: ProductAssetReference_TA                                - Instance: 0x21CB32D4C00
Class: ProductAssetReferenceBody_TA                            - Instance: 0x21CB32D4800
Class: ProductAssetReferencePaintFinish_TA                     - Instance: 0x21CB32D4400
Class: ProductAssetReferenceSkin_TA                            - Instance: 0x21CB32DBC00
Class: ProductAssetReferenceWheel_TA                           - Instance: 0x21CB32DB800
Class: ProductAttribute_TA                                     - Instance: 0x21CB32DB400
Class: ProductAttribute_AnimatedSkinLabel_TA                   - Instance: 0x21CB32DB000
Class: ProductAttribute_Blueprint_TA                           - Instance: 0x21CB32DAC00
Class: ProductAttribute_BodyCompatibility_TA                   - Instance: 0x21CB32DA800
Class: ProductAttribute_Certified_TA                           - Instance: 0x21CB32DA400
Class: ProductAttribute_CompatibleProducts_TA                  - Instance: 0x21CB32DA000
Class: ProductAttribute_Container_TA                           - Instance: 0x21CB32D9C00
Class: ProductAttribute_CrossEntitled_TA                       - Instance: 0x21CB32D9800
Class: ProductAttribute_Currency_TA                            - Instance: 0x21CB32D9400
Class: ProductAttribute_Key_TA                                 - Instance: 0x21CB32D9000
Class: ProductAttribute_Licensed_TA                            - Instance: 0x21CB32D8C00
Class: ProductAttribute_LicenseGroup_TA                        - Instance: 0x21CB32D8800
Class: ProductAttribute_Painted_TA                             - Instance: 0x21CB32D8400
Class: ProductAttribute_PaintSettingsUpload_TA                 - Instance: 0x21CB32D3C00
Class: ProductAttribute_PlatformExclusive_TA                   - Instance: 0x21CB32D3800
Class: ProductAttribute_PostMatchCelebration_TA                - Instance: 0x21CB32D3400
Class: ProductAttribute_PreviewOnly_TA                         - Instance: 0x21CB32D3000
Class: ProductAttribute_Quality_TA                             - Instance: 0x21CB32D2C00
Class: ProductAttribute_QualityProductDBOverride_TA            - Instance: 0x21CB32D2800
Class: ProductAttribute_Reactive_TA                            - Instance: 0x21CB32D2400
Class: ProductAttribute_RelatedRequiredProduct_TA              - Instance: 0x21CB32D2000
Class: ProductAttribute_RequiresOwnedProduct_TA                - Instance: 0x21CB32D1C00
Class: ProductAttribute_Schematic_TA                           - Instance: 0x21CB32D1800
Class: ProductAttribute_SortingLabel_TA                        - Instance: 0x21CB32D1400
Class: ProductAttribute_SpecialEdition_TA                      - Instance: 0x21CB32D1000
Class: ProductAttribute_SpecialEditionSettings_TA              - Instance: 0x21CB32D0C00
Class: ProductAttribute_TeamEdition_TA                         - Instance: 0x21CB32D0800
Class: ProductAttribute_TeamEditionUpload_TA                   - Instance: 0x21CB32D0400
Class: ProductAttribute_TeamForcedProduct_TA                   - Instance: 0x21CB32C7C00
Class: ProductAttribute_TeamOverride_TA                        - Instance: 0x21CB32C7800
Class: ProductAttribute_TeamParameterOverride_TA               - Instance: 0x21CB32C7400
Class: ProductAttribute_Tiered_TA                              - Instance: 0x21CB32C7000
Class: ProductAttribute_TitleID_TA                             - Instance: 0x21CB32C6C00
Class: ProductAttribute_UnlockForcedProducts_TA                - Instance: 0x21CB32C6800
Class: ProductAttribute_UnlockMethod_TA                        - Instance: 0x21CB32C6400
Class: ProductAttribute_UserColor_TA                           - Instance: 0x21CB32C6000
Class: ProductDatabase_Builder_TA                              - Instance: 0x21CB32C5C00
Class: ProductDatabase_TA                                      - Instance: 0x21CB32C5800
Class: ProductEquipProfile_TA                                  - Instance: 0x21CB32C5400
Class: ProductEquipProfileSlot_TA                              - Instance: 0x21CB32C5000
Class: ProductEquipProfileSlot_Custom_TA                       - Instance: 0x21CB32C4C00
Class: ProductEquipProfileSlot_Disabled_TA                     - Instance: 0x21CB32C4800
Class: ProductEquipProfileSlot_Enabled_TA                      - Instance: 0x21CB32C4400
Class: ProductEquipProfileSlot_ForcedProduct_TA                - Instance: 0x21CB32CBC00
Class: ProductFilter_TA                                        - Instance: 0x21CB32CB800
Class: ProductIP_TA                                            - Instance: 0x21CB32CB400
Class: ProductLoader_TA                                        - Instance: 0x21CB32CB000
Class: ProductOverride_TA                                      - Instance: 0x21CB32CAC00
Class: ProductOverride_MaterialParameter_TA                    - Instance: 0x21CB32CA800
Class: ProductOverride_ParticleSystemParameterBase_TA          - Instance: 0x21CB32CA400
Class: ProductOverride_ParticleSystemFloatParameter_TA         - Instance: 0x21CB32CA000
Class: ProductOverride_ParticleSystemNameParameter_TA          - Instance: 0x21CB32C9C00
Class: ProductOverride_ParticleSystemVectorParameter_TA        - Instance: 0x21CB32C9800
Class: ProductPaint_TA                                         - Instance: 0x21CB32C9400
Class: ProductSlot_TA                                          - Instance: 0x21CB32C9000
Class: ProductSpecialEdition_TA                                - Instance: 0x21CB32C8C00
Class: ProductTemplate_TA                                      - Instance: 0x21CB32C8800
Class: Product_TA                                              - Instance: 0x21CB32C8400
Class: ProductThumbnail_TA                                     - Instance: 0x21CB32BFC00
Class: ProductThumbnailAsset_TA                                - Instance: 0x21CB32BF800
Class: ProductThumbnailAsset_Blueprint_TA                      - Instance: 0x21CB32BF400
Class: ProductThumbnailQueue_TA                                - Instance: 0x21CB32BF000
Class: ProductUtil_TA                                          - Instance: 0x21CB32BEC00
Class: PSC_Constrained_TA                                      - Instance: 0x21CB32BE800
Class: Pylon_Soccar_TA                                         - Instance: 0x21CB32BE000
Class: QuickChatTracker_TA                                     - Instance: 0x21CB32BDC00
Class: Ball_Breakout_TA                                        - Instance: 0x21CB32BD800
Class: Ball_God_TA                                             - Instance: 0x21CB32BD400
Class: Ball_Fire_TA                                            - Instance: 0x21CB32BD000
Class: Ball_Haunted_TA                                         - Instance: 0x21CB32BCC00
Class: Ball_Trajectory_TA                                      - Instance: 0x21CB32BC800
Class: Vehicle_TA                                              - Instance: 0x21CB32BC400
Class: RBHistory_TA                                            - Instance: 0x21CB32BBC00
Class: RBVehicleHistory_TA                                     - Instance: 0x21CB32BB800
Class: Replay_TA                                               - Instance: 0x21CB32BB400
Class: ReplayCompatibilityActor_TA                             - Instance: 0x21CB32BB000
Class: ReplayComponent_TA                                      - Instance: 0x21CB32BAC00
Class: ReplayManager_TA                                        - Instance: 0x21CB32BA800
Class: RLBot_SessionRecorder_TA                                - Instance: 0x21CB32BA400
Class: RLBot_Util_TA                                           - Instance: 0x21CB32BA000
Class: RPC_ProductsDebugAddProducts_TA                         - Instance: 0x21CB32B9C00
Class: SampleHistory_TA                                        - Instance: 0x21CB32B9800
Class: SampleRecordSettings_TA                                 - Instance: 0x21CB32B9400
Class: SaveData_TA                                             - Instance: 0x21CB32B9000
Class: SaveGameManager_TA                                      - Instance: 0x21CB32B8C00
Class: SaveObjectManager_TA                                    - Instance: 0x21CB32B8800
Class: SaveObjectSerializer_TA                                 - Instance: 0x21CB32B8400
Class: SeqAct_AnalyzeMusicFromCsv_TA                           - Instance: 0x21CB32AFC00
Class: SeqAct_CarMatinee_TA                                    - Instance: 0x21CB32AF800
Class: SeqAct_DumpMovie_TA                                     - Instance: 0x21CB32AF400
Class: SeqAct_HideDuplicateCar_TA                              - Instance: 0x21CB32AF000
Class: SeqAct_SetLoadout_TA                                    - Instance: 0x21CB32AEC00
Class: SeqAct_SetReplayFX_TA                                   - Instance: 0x21CB32AE800
Class: SeqAct_SetTimeDilation_TA                               - Instance: 0x21CB32AE400
Class: SeqAct_SpawnFXActor_TA                                  - Instance: 0x21CB32AE000
Class: SeqCond_IsFeatureEnabled_TA                             - Instance: 0x21CB32ADC00
Class: SeqEvent_ReplayTime_TA                                  - Instance: 0x21CB32AD800
Class: SeqEvent_UIStateChange_TA                               - Instance: 0x21CB32AD400
Class: ShopsConfig_TA                                          - Instance: 0x21CB32AD000
Class: SimpleSpringComponent_TA                                - Instance: 0x21CB32ACC00
Class: AntennaComponent_TA                                     - Instance: 0x21CB32AC800
Class: SkelControlRotationSpring_TA                            - Instance: 0x21CB32AC400
Class: SkelControlSingleBoneCopy_TA                            - Instance: 0x21CB32A7C00
Class: SkelControlSingleBoneParameterized_TA                   - Instance: 0x21CB32A7800
Class: SkelControlTether_TA                                    - Instance: 0x21CB32A7400
Class: SkeletalMeshActor_NoSlomo_TA                            - Instance: 0x21CB32A7000
Class: SkeletalMeshActorMAT_Products_TA                        - Instance: 0x21CB32A6C00
Class: SkeletalMeshComponent_NoSlomo_TA                        - Instance: 0x21CB32A6400
Class: SkeletalMeshComponent_TA                                - Instance: 0x21CB32A6000
Class: CarMeshComponentBase_TA                                 - Instance: 0x21CB32A5C00
Class: CarMeshComponent_TA                                     - Instance: 0x21CB32A5800
Class: CarPreviewMeshComponent_TA                              - Instance: 0x21CB32A5400
Class: SkeletalMeshComponent_SplitBody_TA                      - Instance: 0x21CB32A5000
Class: SkyLightVolumeComponent_TA                              - Instance: 0x21CB32A4C00
Class: SonyPricingInfo_TA                                      - Instance: 0x21CB32A4800
Class: SpecialEditionDatabase_TA                               - Instance: 0x21CB32A4400
Class: StatEvent_TA                                            - Instance: 0x21CB329FC00
Class: StatFactoryBase_TA                                      - Instance: 0x21CB329F800
Class: StatGraph_TA                                            - Instance: 0x21CB329F400
Class: InputBufferGraph_TA                                     - Instance: 0x21CB329F000
Class: NetStatGraph_TA                                         - Instance: 0x21CB329EC00
Class: PerfStatGraph_TA                                        - Instance: 0x21CB329E800
Class: StatGraphDrawer_TA                                      - Instance: 0x21CB329E400
Class: StatGraphSystem_TA                                      - Instance: 0x21CB329E000
Class: StatGroup_TA                                            - Instance: 0x21CB329DC00
Class: StaticMeshComponent_TA                                  - Instance: 0x21CB329D800
Class: NameplateMeshComponent_TA                               - Instance: 0x21CB329D400
Class: TargetIndicator_TA                                      - Instance: 0x21CB329D000
Class: Team_TA                                                 - Instance: 0x21CB329CC00
Class: TeamColorScriptedTexture_TA                             - Instance: 0x21CB329C800
Class: ThrottleShakeComponent_TA                               - Instance: 0x21CB329C400
Class: ThumbnailRenderer_TA                                    - Instance: 0x21CB32A3C00
Class: ThumbnailScene_TA                                       - Instance: 0x21CB32A3800
Class: TickNotifyDelegate_TA                                   - Instance: 0x21CB32A3400
Class: UserBugReportBulkData_TA                                - Instance: 0x21CB32A3000
Class: VanityQuery_TA                                          - Instance: 0x21CB32A2C00
Class: VanitySet_TA                                            - Instance: 0x21CB32A2800
Class: VanitySetManager_TA                                     - Instance: 0x21CB32A2400
Class: VehiclePartStaticMeshComponent_TA                       - Instance: 0x21CB32A2000
Class: VehiclePickup_TA                                        - Instance: 0x21CB32A1C00
Class: VehiclePickup_Boost_TA                                  - Instance: 0x21CB32A1800
Class: VehicleSim_TA                                           - Instance: 0x21CB32A1000
Class: VoteActor_TA                                            - Instance: 0x21CB32A0C00
Class: WebBrowser_TA                                           - Instance: 0x21CB32A0800
Class: Wheel_TA                                                - Instance: 0x21CB32A0400
Class: WheelAssetGenerator_TA                                  - Instance: 0x21CB3297C00
Class: WheelAssetGenerator_1Wheel_TA                           - Instance: 0x21CB3297800
Class: WheelAssetGenerator_4Wheels_TA                          - Instance: 0x21CB3297400
Class: WheelAssetGenerator_FrontWheels_TA                      - Instance: 0x21CB3297000
Class: WheelAssetGenerator_RightWheels_TA                      - Instance: 0x21CB3296C00
Class: WheelAssetSettings_TA                                   - Instance: 0x21CB3296800
Class: WheelSkelMeshMAT_TA                                     - Instance: 0x21CB3296400
Class: WheelSpeedComponent_TA                                  - Instance: 0x21CB3296000
Class: WheelStaticMeshMAT_TA                                   - Instance: 0x21CB3295C00
Class: BuildInfo_TA                                            - Instance: 0x21CB3295800
Class: RLBot_PreTickActor                                      - Instance: 0x21CB3295400
Class: RLBot_PostTickActor                                     - Instance: 0x21CB3295000
Class: DeprecatedProperty                                      - Instance: 0x21CB3294C00
Class: SkippableProperty                                       - Instance: 0x21CB3294800
Class: ReplayPackageMap_TA                                     - Instance: 0x21CB3294400
Class: ConsecutiveMatchTracker_TA                              - Instance: 0x21DFAFE2400
Class: ____ConsecutiveMatchTracker_TA__HandleGameEnded_0x1____ConsecutiveMatchTracker_TA__HandleGameEnded_0x1_0x1 - Instance: 0x21DFAFE2000
Class: PRI_TA                                                  - Instance: 0x21DFAFE1C00
Class: __ConsecutiveMatchTracker_TA__HandleGameEnded_0x1       - Instance: 0x21DFAFE1800
Class: ____GFxData_Clubs_TA__SetClubInvites_0x1____GFxData_Clubs_TA__SetClubInvites_0x1_0x1 - Instance: 0x21DFAFE1400
Class: ClubInviteNotification_TA                               - Instance: 0x21DFAFE1000
Class: __GFxData_Clubs_TA__SetClubInvites_0x1                  - Instance: 0x21DFAFE0C00
Class: ProductAsset_Logo_TA                                    - Instance: 0x21DFAFE0800
Class: ProductAttribute_InheritCarSetting_TA                   - Instance: 0x21DFAFE0400
Class: ProductStat_TA                                          - Instance: 0x21DFAF3FC00
Class: Car_TA                                                  - Instance: 0x21DFAF3F800
Class: ____GFxData_Mutators_TA__SetGameModeMutatorPresets_0x2____GFxData_Mutators_TA__SetGameModeMutatorPresets_0x2_0x1 - Instance: 0x21DFAF3F400
Class: GFxData_Mutators_TA                                     - Instance: 0x21DFAF3F000
Class: MutatorConfig_TA                                        - Instance: 0x21DFAF3EC00
Class: SaveObject_TA                                           - Instance: 0x21DFAF3DC00
Class: JsonSaveObject_TA                                       - Instance: 0x21DFAF3E000
Class: CustomMatchSettingsSave_TA                              - Instance: 0x21DFAF3E400
Class: PrivateMatchSettingsSave_TA                             - Instance: 0x21DFAF3E800
Class: OnlineFreeplaySettingsSave_TA                           - Instance: 0x21DFAF3D800
Class: GameTags_TA                                             - Instance: 0x21DFAF3D400
Class: Profile_TA                                              - Instance: 0x21DFAF3D000
Class: __GFxData_Mutators_TA__SetGameModeMutatorPresets_0x2    - Instance: 0x21DFAF3CC00
Class: ____SaveData_TA__GetOnlineProductQuantity_0x2____SaveData_TA__GetOnlineProductQuantity_0x3_0x1 - Instance: 0x21DFAF3C800
Class: __SaveData_TA__GetOnlineProductQuantity_0x2             - Instance: 0x21DFAF3C400
Class: ____ShopNotificationsManager_TA__HandleGetItemShopNotifications_0x1____ShopNotificationsManager_TA__HandleGetItemShopNotifications_0x3_0x1 - Instance: 0x21DFAF17C00
Class: ShopNotificationsManager_TA                             - Instance: 0x21DFAF17800
Class: __ShopNotificationsManager_TA__HandleGetItemShopNotifications_0x1 - Instance: 0x21DFAF17400
Class: __AchievementManager_TA__HandleTradeInComplete_0x1      - Instance: 0x21DFAF17000
Class: AchievementManager_TA                                   - Instance: 0x21DFAF16C00
Class: __AchievementManager_TA__HasItemQualityEquipped_0x1     - Instance: 0x21DFAF16800
Class: __AchievementManager_TA__IsPlayingWithClubmates_0x1     - Instance: 0x21DFAF16400
Class: __ArenaSoundConfig_TA__GetNextEvent_0x1                 - Instance: 0x21DFAF16000
Class: ArenaSoundEvent_TA                                      - Instance: 0x21DFAF15C00
Class: ArenaSoundConfig_TA                                     - Instance: 0x21DFAF15800
Class: __ArenaSoundManager_TA__HandleMatchEnded_0x1            - Instance: 0x21DFAF15400
Class: GameEvent_Soccar_TA                                     - Instance: 0x21DFAF15000
Class: ArenaSoundManager_TA                                    - Instance: 0x21DFAF14C00
Class: __AutoTour_TA__OnReceivedBracket_0x2                    - Instance: 0x21DFAF14800
Class: _TourTypes_TA                                           - Instance: 0x21DFAF14400
Class: AutoTour_TA                                             - Instance: 0x21DFAF13C00
Class: __AutoTour_TA__UpdateIneligibleTournament_0x2           - Instance: 0x21DFAF13800
Class: TourSettings_TA                                         - Instance: 0x21DFAF13400
Class: __Ball_TA__Explode_0x1                                  - Instance: 0x21DFAF13000
Class: __BallPossessionComponent_TA__GetLastTouchWithTeamNum_0x1 - Instance: 0x21DFAF12C00
Class: BallPossessionComponent_TA                              - Instance: 0x21DFAF12800
Class: __BanSync_TA__GetBanMessage_0x1                         - Instance: 0x21DFAF12400
Class: BanSync_TA                                              - Instance: 0x21DFAF12000
Class: __BanSync_TA__GetBanMessageTypes_0x1                    - Instance: 0x21DFAF11C00
Class: __BanSync_TA__GetPlayerBanMessages_0x1                  - Instance: 0x21DFAF11800
Class: __BinaryUploader_TA__Upload_0x1                         - Instance: 0x21DFAF11400
Class: BinaryUploader_TA                                       - Instance: 0x21DFAF11000
Class: __BotConfig_TA__RefreshIDs_0x1                          - Instance: 0x21DFAF10C00
Class: BotConfig_TA                                            - Instance: 0x21DFAF10800
Class: __CameraState_PodiumSpotlight_Knockout_TA__GetFocusCenter_0x1 - Instance: 0x21DFAF10400
Class: CameraState_PodiumSpotlight_TA                          - Instance: 0x21DFAF0BC00
Class: CameraState_PodiumSpotlight_Knockout_TA                 - Instance: 0x21DFAF0B800
Class: __CameraState_PodiumSpotlight_TA__GetFocusCenter_0x1    - Instance: 0x21DFAF0B400
Class: __Car_KnockOut_TA__AllowCarComponentActivate_0x1        - Instance: 0x21DFAF0B000
Class: Car_KnockOut_TA                                         - Instance: 0x21DFAF0AC00
Class: __Car_KnockOut_TA__DeactivateAttackComponents_0x1       - Instance: 0x21DFAF0A800
Class: __Car_KnockOut_TA__TookHitFrom_0x1                      - Instance: 0x21DFAF0A400
Class: __Car_KnockOut_TA__UpdatePendingHits_0x1                - Instance: 0x21DFAF0A000
Class: Target_TA                                               - Instance: 0x21DFAF09C00
Class: __Car_TA__HandleTargetRemoved_0x1                       - Instance: 0x21DFAF09800
Class: __Car_TA__QueueDemolish_0x1                             - Instance: 0x21DFAF09400
Class: __Car_TA__QueueDemolish_CustomFX_0x1                    - Instance: 0x21DFAF09000
Class: __CarComponent_Boost_TA__SetUnlimitedBoostDelayed_0x1   - Instance: 0x21DFAF08C00
Class: __CarMeshComponentBase_TA__AddVisualAsset_0x2           - Instance: 0x21DFAF08800
Class: __CarMeshComponentBase_TA__ApplyPaintSettings_0x1       - Instance: 0x21DFAF08400
Class: __CarMeshComponentBase_TA__ApplyPaintToObject_0x1       - Instance: 0x21DFAEF7C00
Class: __CarMeshComponentBase_TA__AttachOrnament_0x1           - Instance: 0x21DFAEF7800
Class: __CarMeshComponentBase_TA__CreateWheelAttachment_0x1    - Instance: 0x21DFAEF7400
Class: __CarMeshComponentBase_TA__CreateWheelMesh_0x1          - Instance: 0x21DFAEF7000
Class: __CarMeshComponentBase_TA__RemoveProductAttributeFromProduct_0x1 - Instance: 0x21DFAEF6C00
Class: __CarPreviewActor_TA__UpdateTranslations_0x1            - Instance: 0x21DFAEF6800
Class: CarPreviewActor_TA                                      - Instance: 0x21DFAEF6400
Class: __Challenge_TA__UpdateUnlockChallengesRewards_0x1       - Instance: 0x21DFAEF6000
Class: ListenObject_TA                                         - Instance: 0x21DFAEF5400
Class: ChallengeDefault_TA                                     - Instance: 0x21DFAEF5800
Class: Challenge_TA                                            - Instance: 0x21DFAEF5C00
Class: __ChallengeDefault_TA__RequestImage_0x1                 - Instance: 0x21DFAEF5000
Class: __ChallengeManager_TA__AreChallengesCompleteByGroupID_0x1 - Instance: 0x21DFAEF4C00
Class: ChallengeManager_TA                                     - Instance: 0x21DFAEF4800
Class: __ChallengeManager_TA__AreChallengesCompleteByID_0x1    - Instance: 0x21DFAEF4400
Class: __ChallengeManager_TA__BroadcastChallengeChanges_0x7    - Instance: 0x21DFAEEFC00
Class: __ChallengeManager_TA__FindChallengeIndex_0x1           - Instance: 0x21DFAEEF800
Class: __ChallengeReward_TA__Init_0x1                          - Instance: 0x21DFAEEF400
Class: ChallengeCurrency_TA                                    - Instance: 0x21DFAEEF000
Class: ChallengeReward_TA                                      - Instance: 0x21DFAEEEC00
Class: __ChallengeTrainingDataSave_TA__AddTrainingData_0x1     - Instance: 0x21DFAEEE800
Class: ChallengeTrainingDataSave_TA                            - Instance: 0x21DFAEEE400
Class: __ChatFilterManager_TA__HandleLocalPlayerJoin_0x1       - Instance: 0x21DFAEEE000
Class: ChatFilterManager_TA                                    - Instance: 0x21DFAEEDC00
Class: __CinematicIntroSequence_TA__GetActionBinding_0x1       - Instance: 0x21DFAEED800
Class: CinematicIntroSequence_TA                               - Instance: 0x21DFAEED400
Class: __CinematicIntroSequence_TA__SetTrackedBindings_0x1     - Instance: 0x21DFAEED000
Class: __ClubPersonas_TA__NotifyPRIClubIDChanged_0x1           - Instance: 0x21DFAEECC00
Class: PersonaClubData                                         - Instance: 0x21DFAEEC800
Class: ClubPersonas_TA                                         - Instance: 0x21DFAEEC400
Class: __ClubPersonas_TA__QueueRefresh_0x1                     - Instance: 0x21DFAEF3C00
Class: __ClubPersonas_TA__RefreshPersona_0x1                   - Instance: 0x21DFAEF3800
Class: __CodeRedeemer_TA__HandlePsyNetConnected_0x1            - Instance: 0x21DFAEF3400
Class: CodeRedeemer_TA                                         - Instance: 0x21DFAEF3000
Class: OnlinePlayer_TA                                         - Instance: 0x21DFAEF2C00
Class: __CodeRedeemer_TA__RedeemCode_0x1                       - Instance: 0x21DFAEF2800
Class: RPC_RedeemCode_TA                                       - Instance: 0x21DFAEF2400
Class: __CrowdActorManager_TA__OverrideCrowdActorSounds_0x1    - Instance: 0x21DFAEF2000
Class: CrowdSoundsBase_TA                                      - Instance: 0x21DFAEF1C00
Class: CrowdActor_TA                                           - Instance: 0x21DFAEF1800
Class: CrowdActorManager_TA                                    - Instance: 0x21DFAEF1400
Class: CrowdSoundManagerBase_TA                                - Instance: 0x21DFAEF1000
Class: CrowdSoundSettingsBase_TA                               - Instance: 0x21DFAEF0C00
Class: __CrowdActorManager_TA__PlayCrowdSound_0x2              - Instance: 0x21DFAEF0800
Class: __CrowdActorManager_TA__StopCrowdSound_0x2              - Instance: 0x21DFAEF0400
Class: __CrumbTrails_TA__GetActiveCrumbs_0x1                   - Instance: 0x21DFAEDFC00
Class: CrumbTrails_TA                                          - Instance: 0x21DFAEDF800
Class: __CrumbTrails_TA__HandleTrailComplete_0x1               - Instance: 0x21DFAEDF400
Class: __CrumbTrails_TA__SetupActivationCondition_0x1          - Instance: 0x21DFAEDF000
Class: TriggerClump_TA                                         - Instance: 0x21DFAEDEC00
Class: TriggerCondition_TA                                     - Instance: 0x21DFAEDE800
Class: __CrumbTrails_TA__SetupCompletionCondition_0x1          - Instance: 0x21DFAEDE400
Class: __CurrencyProductSet_TA__GetCurrencyIndexFromHashID_0x1 - Instance: 0x21DFAEDE000
Class: CurrencyProductSet_TA                                   - Instance: 0x21DFAEDDC00
Class: __EngagementEventsConfig_TA__GetNextEventTime_0x1       - Instance: 0x21DFAEDD800
Class: EngagementEventsConfig_TA                               - Instance: 0x21DFAEDD400
Class: EOSGameClipsMetrics_TA                                  - Instance: 0x21DFAEDD000
Class: __EOSGameClipsMetrics_TA__RecordClipInfo_0x1            - Instance: 0x21DFAEDCC00
Class: __EOSVoiceManager_TA__ClearRoomCredentialsForPlayer_0x1 - Instance: 0x21DFAEDC800
Class: EOSVoiceManager_TA                                      - Instance: 0x21DFAEDC400
Class: __EOSVoiceManager_TA__GetPlayerPermissionError_0x1      - Instance: 0x21DFAED7C00
Class: OnlineGame_TA                                           - Instance: 0x21DFAED7800
Class: __EOSVoiceManager_TA__GetPlayerVoiceRoom_0x1            - Instance: 0x21DFAED7400
Class: __EOSVoiceManager_TA__GetPlayerVoiceRoomByEpicId_0x1    - Instance: 0x21DFAED7000
Class: __EOSVoiceManager_TA__GetVoiceRoomByName_0x1            - Instance: 0x21DFAED6C00
Class: __EOSVoiceManager_TA__HandlePlayerMatchRoomChanged_0x1  - Instance: 0x21DFAED6800
Class: __EOSVoiceManager_TA__HandleRemotePlayerJoinedVoiceRoom_0x1 - Instance: 0x21DFAED6400
Class: __EOSVoiceManager_TA__HandleRequestedLinkedAccounts_0x1 - Instance: 0x21DFAED6000
Class: __EOSVoiceSettingsSave_TA__GetPreferredInputDevice_0x1  - Instance: 0x21DFAED5C00
Class: EOSVoiceSettingsSave_TA                                 - Instance: 0x21DFAED5800
Class: __EOSVoiceSettingsSave_TA__GetPreferredOutputDevice_0x1 - Instance: 0x21DFAED5400
Class: __EOSVoiceTokenCache_TA__ClearPlayerCachedVoiceCredentials_0x1 - Instance: 0x21DFAED5000
Class: EOSVoiceTokenCache_TA                                   - Instance: 0x21DFAED4C00
Class: __EOSVoiceTokenCache_TA__RequestVoiceRoomToken_0x1      - Instance: 0x21DFAED4800
Class: __EpicAccountSave_TA__GetConvertPlatformFriends_0x1     - Instance: 0x21DFAED4400
Class: EpicAccountSave_TA                                      - Instance: 0x21DFAED3C00
Class: __EpicAccountSave_TA__GetHasPromptedForFriendConversion_0x1 - Instance: 0x21DFAED3800
Class: __EpicAccountSave_TA__Reconcile_0x1                     - Instance: 0x21DFAED3400
Class: __EpicAccountSave_TA__SetConvertPlatformFriends_0x1     - Instance: 0x21DFAED3000
Class: __EpicFriendsConverterSystem_TA__SetupEpicFriendsConverter_0x1 - Instance: 0x21DFAED2C00
Class: EpicFriendsConverter_TA                                 - Instance: 0x21DFAED2800
Class: EpicFriendsConverterSystem_TA                           - Instance: 0x21DFAED2400
Class: __ESportConfig_TA__DownloadEventImage_0x1               - Instance: 0x21DFAED2000
Class: ESportConfig_TA                                         - Instance: 0x21DFAED1C00
Class: __ESportConfig_TA__GetNextEventTime_0x1                 - Instance: 0x21DFAED1800
Class: __Eula_TA__RequiresAcceptance_0x1                       - Instance: 0x21DFAED1400
Class: LegalText_TA                                            - Instance: 0x21DFAED0C00
Class: Eula_TA                                                 - Instance: 0x21DFAED1000
Class: FirstTimeExperienceManager_TA                           - Instance: 0x21DFAED0800
Class: FirstTimeExperienceSave_TA                              - Instance: 0x21DFAED0400
Class: FirstTimeExperienceMetrics_TA                           - Instance: 0x21DFAEBFC00
Class: __FirstTimeExperienceManager_TA__DebugSetCheckpoint_0x1 - Instance: 0x21DFAEBF800
Class: StatusTrigger_FTEGroupComplete_TA                       - Instance: 0x21DFAEBF400
Class: __FirstTimeExperienceManager_TA__NotifyWhenGroupComplete_0x1 - Instance: 0x21DFAEBF000
Class: RPC_Challenge_FTEGroupComplete_TA                       - Instance: 0x21DFAEBEC00
Class: RPC_Challenge_FTECheckpointComplete_TA                  - Instance: 0x21DFAEBE800
Class: __FirstTimeExperienceManager_TA__SetupTrigger_0x1       - Instance: 0x21DFAEBE000
Class: FirstTimeExperienceRedefinition_TA                      - Instance: 0x21DFAEBDC00
Class: PlayerLegacyStatusSave_TA                               - Instance: 0x21DFAEBD800
Class: __FirstTimeExperienceSave_TA__GetGroupIndex_0x1         - Instance: 0x21DFAEBD400
Class: __FreeplayCommands_TA__GetDefendShotBreakout_0x1        - Instance: 0x21DFAEBD000
Class: FreeplayCommands_TA                                     - Instance: 0x21DFAEBCC00
Class: __FXActor_Boost_TA__DuplicateAttachment_0x1             - Instance: 0x21DFAEBC800
Class: __FXActor_SafeZone_Knockout_TA__GetActiveSafeZoneIndex_0x1 - Instance: 0x21DFAEBC400
Class: FXActor_SafeZone_Knockout_TA                            - Instance: 0x21DFAEABC00
Class: __FXActor_TA__ApplyPaint_0x1                            - Instance: 0x21DFAEAB800
Class: __FXActor_TA__ApplyPaintToAttachment_0x1                - Instance: 0x21DFAEAB400
Class: __GameData_TA__GetCurrentMapData_0x1                    - Instance: 0x21DFAEAB000
Class: __GameEvent_KnockOut_TA__AddPRI_0x1                     - Instance: 0x21DFAEAAC00
Class: GameEvent_KnockOut_TA                                   - Instance: 0x21DFAEAA800
Class: __GameEvent_Soccar_TA__AddPRI_0x1                       - Instance: 0x21DFAEAA400
Class: __GameEvent_Soccar_TA__ChallengePlayerToHonorDuel_0x1   - Instance: 0x21DFAEAA000
Class: __GameEvent_Soccar_TA__CommitPlayerMatchData_0x1        - Instance: 0x21DFAEA9C00
Class: ClientConnectionTracker_TA                              - Instance: 0x21DFAEA9800
Class: ConnectionQualitySave_TA                                - Instance: 0x21DFAEA9400
Class: ConnectionQualityConfig_TA                              - Instance: 0x21DFAEA9000
Class: Mutator_TA                                              - Instance: 0x21DFAEA8C00
Class: GameState_TA                                            - Instance: 0x21DFAEA8800
Class: MatchRecorder_TA                                        - Instance: 0x21DFAEA8400
Class: ListenServer_TA                                         - Instance: 0x21DFAE9BC00
Class: MatchAdminComponent_TA                                  - Instance: 0x21DFAE9B800
Class: SpawnDelayConfig_TA                                     - Instance: 0x21DFAE9B400
Class: MatchType_TA                                            - Instance: 0x21DFAE9B000
Class: PhysicsMetrics_TA                                       - Instance: 0x21DFAE9AC00
Class: OnlineGameDedicatedServer_TA                            - Instance: 0x21DFAE9A800
Class: GameMetrics_TA                                          - Instance: 0x21DFAE9A400
Class: SeqEvent_GameEventStateChanged_TA                       - Instance: 0x21DFAE9A000
Class: MatchType_Public_TA                                     - Instance: 0x21DFAE99800
Class: MatchType_PublicRanked_TA                               - Instance: 0x21DFAE99C00
Class: MatchType_Custom_TA                                     - Instance: 0x21DFAE98C00
Class: MatchType_Private_TA                                    - Instance: 0x21DFAE99000
Class: MatchType_OnlineFreeplay_TA                             - Instance: 0x21DFAE99400
Class: MatchType_Tournament_TA                                 - Instance: 0x21DFAE98800
Class: MatchType_AutoTournament_TA                             - Instance: 0x21DFAE98400
Class: MatchType_FaceIt_TA                                     - Instance: 0x21DFAE8BC00
Class: MatchType_Lan_TA                                        - Instance: 0x21DFAE8B800
Class: MatchType_Offline_TA                                    - Instance: 0x21DFAE8B400
Class: RPC_ChatLog_TA                                          - Instance: 0x21DFAE8B000
Class: __GameEvent_TA__HasMutatorNamed_0x1                     - Instance: 0x21DFAE8AC00
Class: __GameEvent_TA__HasMutatorType_0x1                      - Instance: 0x21DFAE8A800
Class: PlayerSpawnTicket_TA                                    - Instance: 0x21DFAE89C00
Class: PlayerRemovedEvent_TA                                   - Instance: 0x21DFAE89800
Class: GameEventFinishedState_TA                               - Instance: 0x21DFAE89400
Class: __GameEvent_TA__HasPlayerNamed_0x1                      - Instance: 0x21DFAE89000
Class: __GameEvent_TA__GetGeneratedBotName_0x1                 - Instance: 0x21DFAE88C00
Class: __GameEvent_TA__SetBotSkillByTeam_0x1                   - Instance: 0x21DFAE88800
Class: MatchType_Tutorial_TA                                   - Instance: 0x21DFAE88400
Class: MatchType_FTE_TA                                        - Instance: 0x21DFAE47C00
Class: MatchType_Freeplay_TA                                   - Instance: 0x21DFAE47800
Class: GameInfoBase_TA                                         - Instance: 0x21DFAE47000
Class: GameInfo_Replay_TA                                      - Instance: 0x21DFAE47400
Class: GameSettingPlaylist_TA                                  - Instance: 0x21DFAE46C00
Class: __GameEvent_TA__FindPlayerPRI_0x1                       - Instance: 0x21DFAE46800
Class: MatchBroadcastComponent_TA                              - Instance: 0x21DFAE46400
Class: ClubsConfig_TA                                          - Instance: 0x21DFAE46000
Class: Team_Soccar_TA                                          - Instance: 0x21DFAE45C00
Class: MatchSeries_TA                                          - Instance: 0x21DFAE45800
Class: __GameEvent_Soccar_TA__InitClubMatch_0x2                - Instance: 0x21DFAE45400
Class: ClubUtil_TA                                             - Instance: 0x21DFAE45000
Class: FunctionTemplates                                       - Instance: 0x21DFAE44C00
Class: __GameEvent_Soccar_TA__GetClubIDsRecordingCandidates_0x1 - Instance: 0x21DFAE44800
Class: __GameEvent_Soccar_TA__InitCosmeticTeamsEvent_0x1       - Instance: 0x21DFAE44400
Class: ThistleConfig_TA                                        - Instance: 0x21DFAE0BC00
Class: OnlineGameReservations_TA                               - Instance: 0x21DFAE0B800
Class: __GameEvent_Soccar_TA__IsTeamFullTitle_0x1              - Instance: 0x21DFAE0B400
Class: __GameEvent_Soccar_TA__SetTeamEventColorsAndName_0x1    - Instance: 0x21DFAE0B000
Class: OnlineGameSkill_TA                                      - Instance: 0x21DFAE0AC00
Class: StatFactory_TA                                          - Instance: 0x21DFAE0A800
Class: ReplayDirector_TA                                       - Instance: 0x21DFAE0A400
Class: CrowdManager_TA                                         - Instance: 0x21DFAE0A000
Class: MatchWinner_TA                                          - Instance: 0x21DFAE09C00
Class: CountdownObject_TA                                      - Instance: 0x21DFAE09800
Class: __GameEvent_Soccar_TA__ReportFps_0x1                    - Instance: 0x21DFAE09400
Class: PerfMetrics_TA                                          - Instance: 0x21DFAE09000
Class: __GameEvent_Soccar_TA__HandlePlayerSkillUpdated_0x1     - Instance: 0x21DFAE08800
Class: __GameEvent_Soccar_TA__FillClubRecordStatsRPC_0x1       - Instance: 0x21DFAE08400
Class: RPC_MatchComplete_TA                                    - Instance: 0x21DFADEFC00
Class: CarDistanceTracker_TA                                   - Instance: 0x21DFADEF800
Class: GameEvent_Soccar_SubRules_TA                            - Instance: 0x21DFADEF400
Class: OvertimeComponent_TA                                    - Instance: 0x21DFADEF000
Class: SeqEvent_GameTimeChanged_TA                             - Instance: 0x21DFADEEC00
Class: RecentPlayersMet_TA                                     - Instance: 0x21DFADEE800
Class: SeqEvent_GoalScored_TA                                  - Instance: 0x21DFADEE400
Class: SeqEvent_ScoreChanged_TA                                - Instance: 0x21DFADEE000
Class: RPC_OnlineFreeplayComplete_TA                           - Instance: 0x21DFADEDC00
Class: RPC_PrivateMatchComplete_TA                             - Instance: 0x21DFADED800
Class: GameInfo_TA                                             - Instance: 0x21DFADECC00
Class: Mutator_Score_TA                                        - Instance: 0x21DFADED000
Class: __GameEvent_Soccar_TA__SetGoalsEnabled_0x1              - Instance: 0x21DFADEC800
Class: __GameEvent_Soccar_TA__GetShouldStart_0x1               - Instance: 0x21DFADEC400
Class: SpawnPointCluster_TA                                    - Instance: 0x21DFADCBC00
Class: __GameEvent_Soccar_TA__ShouldAutoReadyUp_0x1            - Instance: 0x21DFADCB800
Class: StatCategory_TA                                         - Instance: 0x21DFADCB400
Class: SeqEvent_CountDownStart_TA                              - Instance: 0x21DFADCB000
Class: ServerPerformanceTracker_TA                             - Instance: 0x21DFADCAC00
Class: GameEventMatchActive_TA                                 - Instance: 0x21DFADCA800
Class: SeqEvent_CountDownCompleted_TA                          - Instance: 0x21DFADCA400
Class: SeqEvent_RoundStart_TA                                  - Instance: 0x21DFADCA000
Class: ViralItemConfig_TA                                      - Instance: 0x21DFADC9C00
Class: SeqEvent_LiveReplay_TA                                  - Instance: 0x21DFADC9800
Class: StatTitle_TA                                            - Instance: 0x21DFADC9400
Class: SeqEvent_PodiumStart_TA                                 - Instance: 0x21DFADC9000
Class: GFxNameplatesManager_TA                                 - Instance: 0x21DFADC8C00
Class: AssetAttribute_PostMatchCelebration_TA                  - Instance: 0x21DFADC8800
Class: Replay_Soccar_TA                                        - Instance: 0x21DFADC8400
Class: HUDBase_TA                                              - Instance: 0x21DFADAB800
Class: GFxHUD_TA                                               - Instance: 0x21DFADABC00
Class: GoalIndicator_TA                                        - Instance: 0x21DFADAB400
Class: __GameEvent_Soccar_TA__GetIsSeriesComplete_0x1          - Instance: 0x21DFADAB000
Class: __GameEvent_Soccar_TA__GetGoalByTeamIndex_0x1           - Instance: 0x21DFADAAC00
Class: __GameEvent_Soccar_TA__GetClosestVehicle_0x1            - Instance: 0x21DFADAA800
Class: EndRoundComponent_TA                                    - Instance: 0x21DFADAA400
Class: __GameEvent_TrainingEditor_TA__HandlePrimaryGameplaySettingsSave_0x1 - Instance: 0x21DFADAA000
Class: GameplaySettingsSave_TA                                 - Instance: 0x21DFADA9C00
Class: GameEvent_GameEditor_TA                                 - Instance: 0x21DFADA9400
Class: GameEvent_TrainingEditor_TA                             - Instance: 0x21DFADA9800
Class: __GameEvent_TrainingEditor_TA__ModifyActorSpawn_0x1     - Instance: 0x21DFADA9000
Class: __GameEvent_Tutorial_FreePlay_TA__HandleHitGoal_0x1     - Instance: 0x21DFADA8C00
Class: GameEvent_Tutorial_TA                                   - Instance: 0x21DFADA8400
Class: GameEvent_Tutorial_FreePlay_TA                          - Instance: 0x21DFADA8800
Class: __GameEventProductAssetCache_TA__HandleCarAssetsLoaded_0x1 - Instance: 0x21DFAD8BC00
Class: PriAssetCache_TA                                        - Instance: 0x21DFAD8B800
Class: GameEventProductAssetCache_TA                           - Instance: 0x21DFAD8B400
Class: __GameEventProductAssetCache_TA__HandlePlayerAdded_0x1  - Instance: 0x21DFAD8B000
Class: __GameEventProductAssetCache_TA__HandlePlayerRemoved_0x1 - Instance: 0x21DFAD8AC00
Class: __GameInfo_GFxMenu_TA__Destroyed_0x1                    - Instance: 0x21DFAD8A800
Class: GameInfo_GFxMenu_TA                                     - Instance: 0x21DFAD8A400
Class: __GameInfo_Soccar_TA__QueueShutdown_0x1                 - Instance: 0x21DFAD8A000
Class: GameInfo_Soccar_TA                                      - Instance: 0x21DFAD89C00
Class: __GameInfo_TA__RegisterCelebration_0x1                  - Instance: 0x21DFAD89800
Class: __GameInfo_TA__RollCelebrationAnim_0x1                  - Instance: 0x21DFAD89400
Class: __GameObserver_TA__GetCarDataForPRI_0x1                 - Instance: 0x21DFAD89000
Class: NameplateComponent_TA                                   - Instance: 0x21DFAD88C00
Class: __GameShare_TA__NotifyCarPreviewActorAdded_0x1          - Instance: 0x21DFAD88800
Class: __GameTags_TA__ConvertToGameTags_0x1                    - Instance: 0x21DFAD88400
Class: __GameViewportClient_TA__AllowTournamentSplitscreen_0x1 - Instance: 0x21DFAD83C00
Class: __GFxData_AutoTour_TourCard_TA__HandleSubscriptionChanged_0x1 - Instance: 0x21DFAD83800
Class: GFxData_AutoTour_TourCard_TA                            - Instance: 0x21DFAD83400
Class: __GFxData_CarRumble_TA__HandlePawnSet_0x1               - Instance: 0x21DFAD83000
Class: GFxData_CarRumble_TA                                    - Instance: 0x21DFAD82C00
Class: __GFxData_ChallengeManager_TA__UpdateRewardsAvailable_0x1 - Instance: 0x21DFAD82800
Class: GFxData_ChallengeFolder_TA                              - Instance: 0x21DFAD82400
Class: GFxData_ChallengeManager_TA                             - Instance: 0x21DFAD82000
Class: GFxData_Chat_TA                                         - Instance: 0x21DFAD81C00
Class: __GFxData_Chat_TA__AddChatMessage_0x1                   - Instance: 0x21DFAD81800
Class: ChatHistory_TA                                          - Instance: 0x21DFAD81400
Class: __GFxData_Chat_TA__AddPresetMessage_0x1                 - Instance: 0x21DFAD81000
Class: __GFxData_Chat_TA__GetChannelHistory_0x1                - Instance: 0x21DFAD80C00
Class: __GFxData_Chat_TA__GetMatchChatLog_0x1                  - Instance: 0x21DFAD80800
Class: __GFxData_Chat_TA__InternalAddMessage_0x1               - Instance: 0x21DFAD80400
Class: __GFxData_ClubDetails_TA__UpdateClubMembers_0x1         - Instance: 0x21DFAD6FC00
Class: GFxData_ClubMember_TA                                   - Instance: 0x21DFAD6F800
Class: GFxData_ClubDetails_TA                                  - Instance: 0x21DFAD6F400
Class: __GFxData_Clubs_TA__AcceptClubInvite_0x1                - Instance: 0x21DFAD6F000
Class: GFxData_Clubs_TA                                        - Instance: 0x21DFAD6EC00
Class: GFxClubAction_TA                                        - Instance: 0x21DFAD6E800
Class: __GFxData_Clubs_TA__CreateClub_0x1                      - Instance: 0x21DFAD6E400
Class: __GFxData_Clubs_TA__CreateLeaveClubAction_0x1           - Instance: 0x21DFAD6E000
Class: __GFxData_Clubs_TA__EquipClubTitle_0x1                  - Instance: 0x21DFAD6DC00
Class: __GFxData_Clubs_TA__HandleAcceptedClubInviteConfirmation_0x1 - Instance: 0x21DFAD6D800
Class: __GFxData_Clubs_TA__HandleGetClubStatsCompleted_0x5     - Instance: 0x21DFAD6D400
Class: __GFxData_Clubs_TA__HandleRemoveEpicFriend_0x1          - Instance: 0x21DFAD6D000
Class: GFxData_Friends_TA                                      - Instance: 0x21DFAD6CC00
Class: __GFxData_Clubs_TA__HandleRemovePlayerFromClub_0x1      - Instance: 0x21DFAD6C800
Class: __GFxData_Clubs_TA__InviteToClub_0x1                    - Instance: 0x21DFAD6C400
Class: __GFxData_Clubs_TA__OnLeaveClubActionComplete_0x1       - Instance: 0x21DFAD73C00
Class: __GFxData_Clubs_TA__RejectClubInvite_0x1                - Instance: 0x21DFAD73800
Class: __GFxData_Clubs_TA__RejectClubInviteByClubID_0x1        - Instance: 0x21DFAD73400
Class: GFxData_ClubInvite_TA                                   - Instance: 0x21DFAD73000
Class: __GFxData_Clubs_TA__RemoveFromClub_0x1                  - Instance: 0x21DFAD72C00
Class: __GFxData_Clubs_TA__SetClubOwner_0x1                    - Instance: 0x21DFAD72800
Class: __GFxData_Clubs_TA__SetNewRole_0x1                      - Instance: 0x21DFAD72400
Class: __GFxData_Clubs_TA__SyncClubDetails_0x1                 - Instance: 0x21DFAD72000
Class: __GFxData_Clubs_TA__UpdateClubColors_0x1                - Instance: 0x21DFAD71C00
Class: __GFxData_Clubs_TA__UpdateClubName_0x1                  - Instance: 0x21DFAD71800
Class: __GFxData_Clubs_TA__UpdateGFxClubDetails_0x1            - Instance: 0x21DFAD71400
Class: __GFxData_Clubs_TA__UpdateLocalClubMembers_0x1          - Instance: 0x21DFAD71000
Class: __GFxData_ContainerDrops_TA__GetMatchingProductSeries_0x1 - Instance: 0x21DFAD70C00
Class: GFxData_ContainerDrops_TA                               - Instance: 0x21DFAD70800
Class: __GFxData_Controls_TA__ClearBinding_0x1                 - Instance: 0x21DFAD70400
Class: GFxData_Controls_TA                                     - Instance: 0x21DFAD5FC00
Class: __GFxData_Controls_TA__SetCurrentBinding_0x1            - Instance: 0x21DFAD5F800
Class: __GFxData_DLC_TA__HandleEntitlementsError_0x1           - Instance: 0x21DFAD5F400
Class: GFxData_DLC_TA                                          - Instance: 0x21DFAD5F000
Class: __GFxData_EOSVoiceManager_TA__HandleFriendsListChanged_0x1 - Instance: 0x21DFAD5EC00
Class: GFxData_EOSVoiceRoom_TA                                 - Instance: 0x21DFAD5E800
Class: GFxData_EOSVoiceManager_TA                              - Instance: 0x21DFAD5E400
Class: __GFxData_EOSVoiceManager_TA__HandleUserChatPermissionsChanged_0x1 - Instance: 0x21DFAD5E000
Class: __GFxData_EOSVoiceManager_TA__HandleVoiceChatSettingChanged_0x1 - Instance: 0x21DFAD5DC00
Class: __GFxData_EOSVoiceRoom_TA__CanSendChatNotification_0x1  - Instance: 0x21DFAD5D800
Class: __GFxData_EOSVoiceRoom_TA__GetMemberByEpicId_0x1        - Instance: 0x21DFAD5D400
Class: GFxData_EOSVoiceRoomMember_TA                           - Instance: 0x21DFAD5D000
Class: __GFxData_EOSVoiceRoom_TA__GetMemberByPlayerId_0x1      - Instance: 0x21DFAD5CC00
Class: __GFxData_EOSVoiceRoom_TA__HandleBlockStatusChanged_0x1 - Instance: 0x21DFAD5C800
Class: __GFxData_EpicLogin_TA__RequestAccountAuthorization_0x1 - Instance: 0x21DFAD5C400
Class: GFxData_EpicLogin_TA                                    - Instance: 0x21DFAD5BC00
Class: __GFxData_ErrorModals_TA__AlertError_0x1                - Instance: 0x21DFAD5B800
Class: GFxData_ErrorModals_TA                                  - Instance: 0x21DFAD5B400
Class: __GFxData_ErrorModals_TA__RemoveErrorType_0x1           - Instance: 0x21DFAD5B000
Class: __GFxData_FaceIt_TA__HandleError_0x1                    - Instance: 0x21DFAD5AC00
Class: FaceItErrors_TA                                         - Instance: 0x21DFAD5A800
Class: GFxData_FaceIt_TA                                       - Instance: 0x21DFAD5A400
Class: GFxShell_TA                                             - Instance: 0x21DFAD5A000
Class: __GFxData_Friends_TA__CreateConvertPlatformFriendsPrompt_0x2 - Instance: 0x21DFAD59C00
Class: __GFxData_Friends_TA__CreateEpicFriendAcceptedNotification_0x1 - Instance: 0x21DFAD59800
Class: __GFxData_Friends_TA__CreateEpicFriendInviteNotification_0x1 - Instance: 0x21DFAD59400
Class: FriendRequestNotification_TA                            - Instance: 0x21DFAD59000
Class: __GFxData_Friends_TA__DeleteFriendGroup_0x1             - Instance: 0x21DFAD58C00
Class: __GFxData_Friends_TA__HandleMatchGUIDChanged_0x1        - Instance: 0x21DFAD58800
Class: __GFxData_Friends_TA__HandlePartiesChanged_0x1          - Instance: 0x21DFAD58400
Class: OnlineGameParty_TA                                      - Instance: 0x21DFAD53C00
Class: RecentPlayers_TA                                        - Instance: 0x21DFAD53800
Class: IVanityLoadout_TA                                       - Instance: 0x21DFAD53400
Class: __GFxData_Friends_TA__HandlePlayerAddedToMatch_0x1      - Instance: 0x21DFAD53000
Class: __GFxData_Friends_TA__HandlePlayerBlocked_0x1           - Instance: 0x21DFAD52C00
Class: __GFxData_Friends_TA__IsFriendInParty_0x1               - Instance: 0x21DFAD52800
Class: __GFxData_Friends_TA__UnblockPlayer_0x1                 - Instance: 0x21DFAD52400
Class: __GFxData_Garage_TA__SetPreviewProduct_0x1              - Instance: 0x21DFAD52000
Class: GFxData_Garage_TA                                       - Instance: 0x21DFAD51C00
Class: __GFxData_Leaderboards_TA__PrefetchAvatars_0x1          - Instance: 0x21DFAD51800
Class: GFxData_Leaderboards_TA                                 - Instance: 0x21DFAD51400
Class: __GFxData_LocalPlayer_TA__HandleXPLoaded_0x1            - Instance: 0x21DFAD51000
Class: ClientXPSave_TA                                         - Instance: 0x21DFAD50C00
Class: GFxData_LocalPlayer_TA                                  - Instance: 0x21DFAD50800
Class: __GFxData_MatchHistoryManager_TA__GetMatchHistoryEntryFromMatchGUID_0x1 - Instance: 0x21DFAD50400
Class: GFxData_MatchHistory_TA                                 - Instance: 0x21DFAD4BC00
Class: GFxData_MatchHistoryManager_TA                          - Instance: 0x21DFAD4B800
Class: __GFxData_MatchHistoryManager_TA__GetMatchHistoryEntryFromReplayURL_0x1 - Instance: 0x21DFAD4B400
Class: __GFxData_MenuTree_TA__EnterTreeAtRoot_0x1              - Instance: 0x21DFAD4B000
Class: MenuTreeNode_TA                                         - Instance: 0x21DFAD4AC00
Class: GFxData_MenuTree_TA                                     - Instance: 0x21DFAD4A800
Class: __GFxData_MenuTree_TA__GetFocusedChildNodeIndex_0x2     - Instance: 0x21DFAD4A400
Class: PlayMenuSave_TA                                         - Instance: 0x21DFAD4A000
Class: __GFxData_MenuTree_TA__GetLastPlaylistFolderTitle_0x1   - Instance: 0x21DFAD49C00
Class: __GFxData_MenuTree_TA__JumpToBranch_0x1                 - Instance: 0x21DFAD49800
Class: __GFxData_MenuTree_TA__JumpToParentBranch_0x1           - Instance: 0x21DFAD49400
Class: __GFxData_MTXGarage_TA__HandleTopMenuChange_0x1         - Instance: 0x21DFAD49000
Class: GFxData_MTXGarage_TA                                    - Instance: 0x21DFAD48C00
Class: __GFxData_MTXGarage_TA__HandleUnlockContainersResponse_0x1 - Instance: 0x21DFAD48800
Class: __GFxData_MTXGarage_TA__RevealContainerUnlocks_0x1      - Instance: 0x21DFAD48400
Class: ProductsSave_TA                                         - Instance: 0x21DFAD43C00
Class: __GFxData_MultiItemDrops_TA__DropItemGroup_0x1          - Instance: 0x21DFAD43800
Class: GFxData_MultiItemDrops_TA                               - Instance: 0x21DFAD43400
Class: __GFxData_MultiItemDrops_TA__DropRewardGroup_0x1        - Instance: 0x21DFAD43000
Class: CompleteTaskDropGroup_TA                                - Instance: 0x21DFAD42C00
Class: __GFxData_MultiItemDrops_TA__GetDropsByType_0x1         - Instance: 0x21DFAD42800
Class: __GFxData_MultiItemDrops_TA__HandleChallengeRewardCollected_0x1 - Instance: 0x21DFAD42400
Class: __GFxData_MultiItemDrops_TA__HandleGroupSeen_0x1        - Instance: 0x21DFAD42000
Class: __GFxData_MultiItemDrops_TA__HandleNewOnlineItem_0x1    - Instance: 0x21DFAD41C00
Class: __GFxData_MultiItemDrops_TA__IsProductInGroup_0x1       - Instance: 0x21DFAD41800
Class: __GFxData_MusicPlayer_TA__GetTitleTrackBuilder_0x1      - Instance: 0x21DFAD41400
Class: IMusicTracklistBuilder                                  - Instance: 0x21DFAD41000
Class: MusicTrack_TA                                           - Instance: 0x21DFAD40C00
Class: GFxData_MusicPlayer_TA                                  - Instance: 0x21DFAD40800
Class: MusicTracklistFactory_TA                                - Instance: 0x21DFAD40400
Class: __GFxData_MusicPlayer_TA__MergePlaylists_0x1            - Instance: 0x21DFAD2FC00
Class: MusicPlaylist_TA                                        - Instance: 0x21DFAD2F800
Class: __GFxData_Mutators_TA__GetMutatorsByGroupID_0x1         - Instance: 0x21DFAD2F400
Class: __GFxData_Mutators_TA__InitCustomGameSettings_0x1       - Instance: 0x21DFAD2F000
Class: __GFxData_Mutators_TA__UpdateNumSelectedMutaors_0x1     - Instance: 0x21DFAD2EC00
Class: __GFxData_NotificationManager_TA__HandleNotificationHidden_0x1 - Instance: 0x21DFAD2E800
Class: GFxData_NotificationManager_TA                          - Instance: 0x21DFAD2E400
Class: __GFxData_NotificationManager_TA__HandleNotificationRemoved_0x1 - Instance: 0x21DFAD2E000
Class: __GFxData_NotificationManager_TA__OnNotificationHidden_0x1 - Instance: 0x21DFAD2DC00
Class: __GFxData_Party_TA__ActivatePartyUp_0x3                 - Instance: 0x21DFAD2D800
Class: StayAsPartyVoter_TA                                     - Instance: 0x21DFAD2D400
Class: GFxData_Party_TA                                        - Instance: 0x21DFAD2D000
Class: __GFxData_Party_TA__HandleAcceptInviteToTrade_0x1       - Instance: 0x21DFAD2CC00
Class: __GFxData_Party_TA__HandleInviteToTrade_0x1             - Instance: 0x21DFAD2C800
Class: __GFxData_Party_TA__HandlePartyError_0x1                - Instance: 0x21DFAD2C400
Class: __GFxData_Party_TA__InvitePlayerToTrade_0x1             - Instance: 0x21DFAD2BC00
Class: __GFxData_Party_TA__OnPlayerInvited_0x1                 - Instance: 0x21DFAD2B800
Class: __GFxData_Party_TA__ProcessInvitationResponse_0x1       - Instance: 0x21DFAD2B400
Class: __GFxData_Party_TA__SendAllowTradeRPC_0x1               - Instance: 0x21DFAD2B000
Class: __GFxData_PartyInvite_TA__HandlePlayerInvitePending_0x1 - Instance: 0x21DFAD2AC00
Class: PartyInviteNotification_TA                              - Instance: 0x21DFAD2A800
Class: GFxData_PartyInvite_TA                                  - Instance: 0x21DFAD2A400
Class: __GFxData_PartyInvite_TA__InviteToPartyInternal_0x1     - Instance: 0x21DFAD2A000
Class: __GFxData_PartyInvite_TA__InviteToPartySilent_0x1       - Instance: 0x21DFAD29C00
Class: __GFxData_PartyJoinRequest_TA__HandleJoinRequestReceived_0x1 - Instance: 0x21DFAD29800
Class: GFxData_PartyJoinRequest_TA                             - Instance: 0x21DFAD29400
Class: __GFxData_PartyJoinRequest_TA__HandleNotificationAccepted_0x1 - Instance: 0x21DFAD29000
Class: __GFxData_PlayerAvatarBorderPreview_TA__CreatePlayerAvatarBorderPreview_0x1 - Instance: 0x21DFAD28C00
Class: GFxData_PlayerAvatarBorderPreview_TA                    - Instance: 0x21DFAD28800
Class: __GFxData_PlayerAvatarPreview_TA__CreatePlayerAvatarPreview_0x1 - Instance: 0x21DFAD28400
Class: GFxData_PlayerAvatarPreview_TA                          - Instance: 0x21DFAD17C00
Class: ProductHash_TA                                          - Instance: 0x21DFAD17800
Class: __GFxData_PlayerBanners_TA__CreatePlayerBanner_0x1      - Instance: 0x21DFAD17400
Class: GFxData_PlayerBanners_TA                                - Instance: 0x21DFAD17000
Class: __GFxData_PlayerBanners_TA__CreatePlayerBannerPreview_0x1 - Instance: 0x21DFAD16C00
Class: __GFxData_PossibleTradeIn_TA__GetNumHashInFilteredIDs_0x1 - Instance: 0x21DFAD16800
Class: GFxData_PossibleTradeIn_TA                              - Instance: 0x21DFAD16400
Class: __GFxData_PRI_TA__HandleOwnerChanged_0x1                - Instance: 0x21DFAD16000
Class: ProfileLoadoutSave_TA                                   - Instance: 0x21DFAD15C00
Class: GFxData_PRI_TA                                          - Instance: 0x21DFAD15800
Class: __GFxData_ProductFilter_TA__GetProductAttributeFilters_0x1 - Instance: 0x21DFAD15400
Class: GFxData_ProductFilter_TA                                - Instance: 0x21DFAD15000
Class: __GFxData_ProductFilter_TA__GetProductSortingFilters_0x1 - Instance: 0x21DFAD14C00
Class: __GFxData_ProductFilter_TA__InitProductAttributes_0x1   - Instance: 0x21DFAD14800
Class: __GFxData_ProductFilter_TA__SetProhibitedAttributeTypeSelected_0x1 - Instance: 0x21DFAD14400
Class: __GFxData_ProductFilter_TA__UpdateProductSlotNewItems_0x1 - Instance: 0x21DFAD0FC00
Class: Loadout_TA                                              - Instance: 0x21DFAD0F800
Class: GFxData_Products_TA                                     - Instance: 0x21DFAD0F400
Class: __GFxData_Products_TA__HandlePaintedProductLoaded_0x1   - Instance: 0x21DFAD0F000
Class: LoadingProduct_TA                                       - Instance: 0x21DFAD0EC00
Class: __GFxData_Products_TA__HandleProductThumbnailRendered_0x1 - Instance: 0x21DFAD0E800
Class: __GFxData_Products_TA__InstanceAttributes_0x3           - Instance: 0x21DFAD0E400
Class: IProductAttributeProvider_TA                            - Instance: 0x21DFAD0E000
Class: GFxData_ProductAttribute_TA                             - Instance: 0x21DFAD0DC00
Class: __GFxData_Products_TA__IsThumbnailReferenced_0x1        - Instance: 0x21DFAD0D800
Class: __GFxData_Products_TA__LoadAdditionalProductReferences_0x1 - Instance: 0x21DFAD0D400
Class: __GFxData_Products_TA__LoadProduct_0x1                  - Instance: 0x21DFAD0D000
Class: __GFxData_Products_TA__RenderProductThumbnail_0x1       - Instance: 0x21DFAD0CC00
Class: __GFxData_Products_TA__SlotContainsNewProducts_0x1      - Instance: 0x21DFAD0C800
Class: __GFxData_Products_TA__StartLoadingProduct_0x1          - Instance: 0x21DFAD0C400
Class: __GFxData_Products_TA__UpdateProductData_0x1            - Instance: 0x21DFAD0BC00
Class: __GFxData_ProductTradeIn_TA__IsTradeInAllowed_0x1       - Instance: 0x21DFAD0B800
Class: GFxData_ProductTradeIn_TA                               - Instance: 0x21DFAD0B400
Class: __GFxData_ProductTradeIn_TA__UpdateTradeInQuantity_0x1  - Instance: 0x21DFAD0B000
Class: __GFxData_ReplayManager_TA__DownloadReplay_0x1          - Instance: 0x21DFAD0AC00
Class: GFxData_ReplayManager_TA                                - Instance: 0x21DFAD0A800
Class: __GFxData_ReplayManager_TA__HandleDownload_0x1          - Instance: 0x21DFAD0A400
Class: __GFxData_ReplayManager_TA__HandleMatchHistoryReplayDownloaded_0x1 - Instance: 0x21DFAD0A000
Class: __GFxData_ReplayManager_TA__SimulateDownloadReplay_0x1  - Instance: 0x21DFAD09C00
Class: __GFxData_Settings_TA__CrossplayPartyValidation_0x1     - Instance: 0x21DFAD09800
Class: GFxData_UserSetting_TA                                  - Instance: 0x21DFAD09400
Class: GFxData_Settings_TA                                     - Instance: 0x21DFAD09000
Class: __GFxData_Settings_TA__SetDefaults_0x1                  - Instance: 0x21DFAD08C00
Class: __GFxData_Settings_TA__SetTourScheduleRegion_0x1        - Instance: 0x21DFAD08800
Class: __GFxData_ShopCatalogue_TA__GetOnlineProductsByCostID_0x1 - Instance: 0x21DFAD08400
Class: __GFxData_ShopCatalogue_TA__GetShopItemIndexByCostID_0x1 - Instance: 0x21DFAD03C00
Class: __GFxData_ShopCatalogue_TA__LoadCatalogueInternal_0x1   - Instance: 0x21DFAD03800
Class: __GFxData_ShopCatalogue_TA__SetOwnedDeliverableProducts_0x3 - Instance: 0x21DFAD03400
Class: __GFxData_ShopCatalogue_TA__SyncItemImages_0x1          - Instance: 0x21DFAD03000
Class: __GFxData_Shops_TA__GetCrateShop_0x1                    - Instance: 0x21DFAD02C00
Class: __GFxData_Shops_TA__HandlePurchaseSuccess_0x1           - Instance: 0x21DFAD02800
Class: __GFxData_Shops_TA__LoadAllShopCatalogues_0x1           - Instance: 0x21DFAD02400
Class: __GFxData_Shops_TA__LoadCataloguesByIndex_0x1           - Instance: 0x21DFAD02000
Class: __GFxData_Shops_TA__OnPurchase_0x1                      - Instance: 0x21DFAD01C00
Class: __GFxData_StartMenu_TA__HandleSyncOnlinePlayerStorageStarted_0x2 - Instance: 0x21DFAD01800
Class: OnlineStorageSyncManager_TA                             - Instance: 0x21DFAD01400
Class: GFxData_StartMenu_TA                                    - Instance: 0x21DFAD01000
Class: __GFxData_Stats_TA__SetupStatData_0x1                   - Instance: 0x21DFAD00C00
Class: GFxData_Stats_TA                                        - Instance: 0x21DFAD00800
Class: __GFxData_System_TA__OnShellSet_0x1                     - Instance: 0x21DFAD00400
Class: GFxData_System_TA                                       - Instance: 0x21DFACEFC00
Class: __GFxData_TextModerationManager_TA__GetTextChatChannel_0x1 - Instance: 0x21DFACEF800
Class: GFxData_TextChatChannel_TA                              - Instance: 0x21DFACEF400
Class: GFxData_TextModerationManager_TA                        - Instance: 0x21DFACEF000
Class: __GFxData_TextModerationManager_TA__HandleMessageReceived_0x1 - Instance: 0x21DFACEEC00
Class: __GFxData_TourBracket_TA__InitTeams_0x1                 - Instance: 0x21DFACEE800
Class: GFxData_TourBracketTeam_TA                              - Instance: 0x21DFACEE400
Class: GFxData_TourBracket_TA                                  - Instance: 0x21DFACEE000
Class: __GFxData_TourBracketMatchDetails_TA__HandleGetMatchDetails_0x1 - Instance: 0x21DFACEDC00
Class: GFxData_TourBracketMatchTeamDetails_TA                  - Instance: 0x21DFACED800
Class: GFxData_TourBracketMatchDetails_TA                      - Instance: 0x21DFACED400
Class: __GFxData_TourCheckIn_TA__HandleCheckInError_0x1        - Instance: 0x21DFACED000
Class: GFxData_TourCheckIn_TA                                  - Instance: 0x21DFACECC00
Class: OnlineGameTournaments_TA                                - Instance: 0x21DFACEC800
Class: TourSubscriptions_TA                                    - Instance: 0x21DFACEC400
Class: __GFxData_TourCheckIn_TA__PerformCheckIn_0x1            - Instance: 0x21DFACF3C00
Class: __GFxData_TourCheckIn_TA__Register_0x1                  - Instance: 0x21DFACF3800
Class: TourCheckInError_TA                                     - Instance: 0x21DFACF3400
Class: __GFxData_TourCreate_TA__CreateTournament_0x1           - Instance: 0x21DFACF3000
Class: GFxData_OnlineMatch_TA                                  - Instance: 0x21DFACF2400
Class: GFxData_PrivateMatch_TA                                 - Instance: 0x21DFACF2800
Class: GFxData_TourCreate_TA                                   - Instance: 0x21DFACF2C00
Class: __GFxData_TourCreate_TA__GetDefaultDisabledMaps_0x3     - Instance: 0x21DFACF2000
Class: __GFxData_TourDependentMatch_TA__UpdateDependentMatch_0x1 - Instance: 0x21DFACF1C00
Class: GFxData_TourBracketMatch_TA                             - Instance: 0x21DFACF1400
Class: GFxData_TourDependentMatch_TA                           - Instance: 0x21DFACF1800
Class: __GFxData_TourEvent_TA__HandleBracketRetrieved_0x1      - Instance: 0x21DFACF1000
Class: GFxData_TourEvent_TA                                    - Instance: 0x21DFACF0C00
Class: __GFxData_TourPlatforms_TA__InitPlatformGroups_0x1      - Instance: 0x21DFACF0800
Class: GFxData_TourPlatforms_TA                                - Instance: 0x21DFACF0400
Class: __GFxData_TourRegistration_TA__Register_0x2             - Instance: 0x21DFACDFC00
Class: GFxData_TourRegistration_TA                             - Instance: 0x21DFACDF800
Class: __GFxData_TourSearch_TA__FindPrivate_0x1                - Instance: 0x21DFACDF400
Class: RPC_TourFindPrivate_TA                                  - Instance: 0x21DFACDF000
Class: GFxData_TourSearch_TA                                   - Instance: 0x21DFACDEC00
Class: __GFxData_TourSubscriptions_TA__Unsubscribe_0x2         - Instance: 0x21DFACDE800
Class: GFxData_TourSubscriptions_TA                            - Instance: 0x21DFACDE400
Class: TourErrors_TA                                           - Instance: 0x21DFACDE000
Class: __GFxData_TradeInFilter_TA__GetPossibleTradeInData_0x1  - Instance: 0x21DFACDDC00
Class: GFxData_TradeInFilter_TA                                - Instance: 0x21DFACDD800
Class: __GFxData_TradeInFilter_TA__UpdatePossibleTradeInQuantities_0x1 - Instance: 0x21DFACDD400
Class: __GFxData_Training_TA__HandlePrimaryGameplaySettingsSave_0x1 - Instance: 0x21DFACDD000
Class: GFxData_Training_TA                                     - Instance: 0x21DFACDCC00
Class: __GFxData_Training_TA__SetTrainingEditorGameEvent_0x2   - Instance: 0x21DFACDC800
Class: TrainingEditorNavigation_TA                             - Instance: 0x21DFACDC400
Class: __GFxData_Wallet_TA__GetCurrencyRow_0x1                 - Instance: 0x21DFACD7C00
Class: GFxData_WalletCurrency_TA                               - Instance: 0x21DFACD7800
Class: GFxData_Wallet_TA                                       - Instance: 0x21DFACD7400
Class: __GFxEngine_TA__InitOnlineSub_0x1                       - Instance: 0x21DFACD7000
Class: __GFxHUD_TA__GetVoteBySubject_0x1                       - Instance: 0x21DFACD6C00
Class: __GFxHUD_TA__HandlePlayerAdded_0x1                      - Instance: 0x21DFACD6800
Class: __GFxHUD_TA__HandlePlayerNameChanged_0x1                - Instance: 0x21DFACD6400
Class: __GFxHUD_TA__HandleVoteFinished_0x1                     - Instance: 0x21DFACD6000
Class: __GFxModal_Processing_TA__CreateAndBind_0x1             - Instance: 0x21DFACD5C00
Class: GFxModal_Processing_TA                                  - Instance: 0x21DFACD5800
Class: __GFxModal_Processing_TA__CreateAndBindNoCancel_0x1     - Instance: 0x21DFACD5400
Class: __GFxNameplatesManager_TA__HandleCameraStateChanged_0x1 - Instance: 0x21DFACD5000
Class: GFxData_Nameplate_TA                                    - Instance: 0x21DFACD4C00
Class: __GFxProductAttributeMap_TA__MapAttribute_0x1           - Instance: 0x21DFACD4800
Class: GFxProductAttributeMap_TA                               - Instance: 0x21DFACD4400
Class: __GFxShell_TA__SetInputActionEnabled_0x1                - Instance: 0x21DFACCFC00
Class: __GFxShell_TA__ShowRankedReconnectModal_0x1             - Instance: 0x21DFACCF800
Class: __GFxTourList_TA__HandleTournamentsChanged_0x1          - Instance: 0x21DFACCF400
Class: TourList_TA                                             - Instance: 0x21DFACCF000
Class: GFxData_TourSubscription_TA                             - Instance: 0x21DFACCEC00
Class: GFxTourList_TA                                          - Instance: 0x21DFACCE800
Class: __InMapDragonManager_TA__IsGoalFirstByTeam_0x1          - Instance: 0x21DFACCE400
Class: InMapDragonManager_TA                                   - Instance: 0x21DFACCE000
Class: __InMapDragonManager_TA__PlayAnimOnAll_0x1              - Instance: 0x21DFACCDC00
Class: __InMapDragonManager_TA__SetAllHidden_0x1               - Instance: 0x21DFACCD800
Class: __InMapDragonManager_TA__UnregisterDragon_0x1           - Instance: 0x21DFACCD400
Class: __Loadout_TA__ApplyCompatibleAttributeProducts_0x1      - Instance: 0x21DFACCD000
Class: __Loadout_TA__ValidateForcedProducts_0x1                - Instance: 0x21DFACCCC00
Class: LoadoutValidation_TA                                    - Instance: 0x21DFACCC800
Class: __LoadoutValidation_TA__CorrectDLCOwnership_0x1         - Instance: 0x21DFACCC400
Class: __MapsConfig_TA__AdjustClientMapSet_0x1                 - Instance: 0x21DFACC7C00
Class: MapsConfig_TA                                           - Instance: 0x21DFACC7800
Class: __MapsConfig_TA__GetMapFrequencyForSet_0x1              - Instance: 0x21DFACC7400
Class: __MapsConfig_TA__GetMapSetByName_0x1                    - Instance: 0x21DFACC7000
Class: __MapSet_TA__GetMap_0x1                                 - Instance: 0x21DFACC6C00
Class: __MatchmakingViewFilter_MenuTree_TA__GetAccessiblePlaylists_0x1 - Instance: 0x21DFACC6800
Class: MatchmakingViewFilter_MenuTree_TA                       - Instance: 0x21DFACC6400
Class: __MatchSeries_TA__GetSeriesWinnerFromData_0x1           - Instance: 0x21DFACC6000
Class: __MatchType_Public_TA__CanSkipPreMatchLobby_0x1         - Instance: 0x21DFACC5C00
Class: __MatchType_Tournament_TA__CanSkipPreMatchLobby_0x2     - Instance: 0x21DFACC5800
Class: __MenuSequencer_TA__GetSequence_0x1                     - Instance: 0x21DFACC5400
Class: MenuSequence_TA                                         - Instance: 0x21DFACC5000
Class: MenuSequencer_TA                                        - Instance: 0x21DFACC4C00
Class: __MenuTreeBranch_TA__OnChildNodeClicked_0x1             - Instance: 0x21DFACC4800
Class: MenuTreeBranch_TA                                       - Instance: 0x21DFACC4400
Class: __MenuTreeBuilder_TA__BuildTree_0x1                     - Instance: 0x21DFACBFC00
Class: MenuTreeBuilder_TA                                      - Instance: 0x21DFACBF800
Class: RPC_GetActivePlaylists_TA                               - Instance: 0x21DFACBF400
Class: __MenuTreePlaylistManager_TA__HandlePlaylistRPCComplete_0x1 - Instance: 0x21DFACBF000
Class: MenuTreeNode_Playlist_TA                                - Instance: 0x21DFACBEC00
Class: MenuTreePlaylistManager_TA                              - Instance: 0x21DFACBE800
Class: __MtxConfig_TA__CreateModalForError_0x1                 - Instance: 0x21DFACBE400
Class: __MTXGarageCatalogCache_TA__CatalogResponseCoreLogic_0x3 - Instance: 0x21DFACBE000
Class: MTXGarageCatalogCache_TA                                - Instance: 0x21DFACBDC00
Class: __MTXGarageUtils_TA__GetInjectedItems_0x1               - Instance: 0x21DFACBD800
Class: __Mutator_Freeplay_Base_TA__HandleTeams_0x1             - Instance: 0x21DFACBD400
Class: Mutator_Freeplay_Base_TA                                - Instance: 0x21DFACBD000
Class: __Mutator_Freeplay_TA__HandlePrimaryGameplaySettingsSave_0x1 - Instance: 0x21DFACBCC00
Class: Mutator_Freeplay_TA                                     - Instance: 0x21DFACBC800
Class: __Mutator_Freeplay_TA__MutateObject_0x1                 - Instance: 0x21DFACBC400
Class: __Mutator_Robin_TA__Construct_0x1                       - Instance: 0x21DFACB7C00
Class: Mutator_Robin_TA                                        - Instance: 0x21DFACB7800
Class: __OnlineDLCProductCache_TA__GetOldGeneratedOnlineProduct_0x1 - Instance: 0x21DFACB7400
Class: OnlineDLCProductCache_TA                                - Instance: 0x21DFACB7000
Class: __OnlineGameDedicatedServer_TA__GetNextRandomMapName_0x1 - Instance: 0x21DFACB6C00
Class: __OnlineGameDedicatedServer_TA__HandleVoiceTokenCacheError_0x1 - Instance: 0x21DFACB6800
Class: __OnlineGameDedicatedServer_TA__HandleVoiceTokenCacheResponse_0x1 - Instance: 0x21DFACB6400
Class: __OnlineGameDedicatedServer_TA__InitFlatbufferUpload_0x1 - Instance: 0x21DFACB6000
Class: RPC_GetUploadUrls_TA                                    - Instance: 0x21DFACB5C00
Class: __OnlineGameDedicatedServer_TA__InitMatchLogUpload_0x1  - Instance: 0x21DFACB5800
Class: __OnlineGameDedicatedServer_TA__InitReplayUpload_0x1    - Instance: 0x21DFACB5400
Class: __OnlineGameDLC_TA__GetDlcIdFromName_0x1                - Instance: 0x21DFACB5000
Class: OnlineGameDLC_TA                                        - Instance: 0x21DFACB4C00
Class: __OnlineGameParty_TA__AddPlayerPartyServiceLobbyMessage_0x1 - Instance: 0x21DFACB4800
Class: __OnlineGameParty_TA__GetPartyMessageError_0x3          - Instance: 0x21DFACB4400
Class: __OnlineGameParty_TA__GetProfileProducts_0x1            - Instance: 0x21DFACB3C00
Class: __OnlineGameParty_TA__HandleCrossplayEnabledChanged_0x1 - Instance: 0x21DFACB3800
Class: AccountSettingsComponent_TA                             - Instance: 0x21DFACB3400
Class: __OnlineGameParty_TA__HandleGameplaySettingsChanged_0x1 - Instance: 0x21DFACB3000
Class: __OnlineGameParty_TA__HandleProfileSet_0x2              - Instance: 0x21DFACB2C00
Class: __OnlineGameParty_TA__HandleTradingEnabledChanged_0x1   - Instance: 0x21DFACB2800
Class: __OnlineGameParty_TA__HandleVoiceSettingsChanged_0x1    - Instance: 0x21DFACB2400
Class: __OnlineGameParty_TA__IsPrimaryMemberForPlayer_0x1      - Instance: 0x21DFACB2000
Class: __OnlineGameParty_TA__IsProductValidAfterVerify_0x1     - Instance: 0x21DFACB1C00
Class: __OnlineGameParty_TA__RestoreArchivedAndFavoritedPendingProductOffers_0x1 - Instance: 0x21DFACB1800
Class: ProductsHashSave_TA                                     - Instance: 0x21DFACB1000
Class: ProductsArchiveSave_TA                                  - Instance: 0x21DFACB1400
Class: ProductsFavoriteSave_TA                                 - Instance: 0x21DFACB0C00
Class: __OnlineGameParty_TA__SendTradeToBackEnd_0x1            - Instance: 0x21DFACB0800
Class: __OnlineGameTourServer_TA__AllPlayersInGame_0x2         - Instance: 0x21DFACB0400
Class: OnlineGameTourServer_TA                                 - Instance: 0x21DFACABC00
Class: __OnlineGameTourServer_TA__FilterMapData_0x1            - Instance: 0x21DFACAB800
Class: __OnlineGameTourServer_TA__GetTeamScore_0x1             - Instance: 0x21DFACAB400
Class: __OnlineGameTourServer_TA__IsBotOnlyTeam_0x1            - Instance: 0x21DFACAB000
Class: OnlinePlayerFriends_TA                                  - Instance: 0x21DFACAAC00
Class: __OnlinePlayerFriends_TA__DownloadRecentPlayerDetails_0x1 - Instance: 0x21DFACAA800
Class: RPC_GetPersonaInfo_TA                                   - Instance: 0x21DFACAA400
Class: __OnlinePlayerMTX_TA__HandleClaimSuccess_0x1            - Instance: 0x21DFACAA000
Class: RPC_MicroTransactions_ClaimEntitlements_TA              - Instance: 0x21DFACA9C00
Class: OnlinePlayerMTX_TA                                      - Instance: 0x21DFACA9800
Class: __OnlineProduct_TA__RemoveAttributes_0x1                - Instance: 0x21DFACA9400
Class: __OnlineProduct_TA__SortOnlineProductsByQuality_0x1     - Instance: 0x21DFACA9000
Class: __OnlineProductExpirationHelper_TA__HandleNotificationSaveAdded_0x1 - Instance: 0x21DFACA8C00
Class: ProductExpirationNotification_TA                        - Instance: 0x21DFACA8800
Class: OnlineProductExpirationHelper_TA                        - Instance: 0x21DFACA8400
Class: __OnlineProductStore_TA__FindProductsFromHash_0x1       - Instance: 0x21DFAC9FC00
Class: OnlineProductStoreSet_TA                                - Instance: 0x21DFAC9F800
Class: __OnlineSessionManager_TA__GetRemoteSessionPlayerIds_0x2 - Instance: 0x21DFAC9F400
Class: __OnlineStorageSyncManager_TA__SyncCloudData_0x1        - Instance: 0x21DFAC9F000
Class: __OutOfWorldVolume_TA__Touch_0x1                        - Instance: 0x21DFAC9EC00
Class: OutOfWorldVolume_TA                                     - Instance: 0x21DFAC9E800
Class: __OutOfWorldVolume_TA__UnTouch_0x1                      - Instance: 0x21DFAC9E400
Class: __PerfStatGraph_TA__UpdateGraphRanges_0x1               - Instance: 0x21DFAC9E000
Class: __Personas_TA__GetOrCreateAndLink_0x1                   - Instance: 0x21DFAC9DC00
Class: __PhysicsMetrics_TA__AddCorrection_0x1                  - Instance: 0x21DFAC9D800
Class: __PlatformMetrics_TA__DispatchAndRemove_0x1             - Instance: 0x21DFAC9D400
Class: PlatformMetrics_TA                                      - Instance: 0x21DFAC9D000
Class: __PlatformMetrics_TA__SetType_0x1                       - Instance: 0x21DFAC9CC00
Class: __PlayerController_TA__ClientNotifyChallengedToHonorDuel_0x1 - Instance: 0x21DFAC9C800
Class: __PlayerController_TA__ClientNotifyHonorDuelWithPlayers_0x1 - Instance: 0x21DFAC9C400
Class: __PlayerController_TA__HandleProfileGamepadSave_0x1     - Instance: 0x21DFAC9BC00
Class: ProfileGamepadSave_TA                                   - Instance: 0x21DFAC9B800
Class: __PlayerController_TA__InitNetworkSave_0x1              - Instance: 0x21DFAC9B400
Class: NetworkSave_TA                                          - Instance: 0x21DFAC9B000
Class: __PlayerControllerBase_TA__InitFromProfile_0x1          - Instance: 0x21DFAC9AC00
Class: __PlayerControllerBase_TA__Say_TA_0x3                   - Instance: 0x21DFAC9A800
Class: __PlayerInput_TA__RemoveBindingsForKey_0x1              - Instance: 0x21DFAC9A400
Class: PlayerInput_TA                                          - Instance: 0x21DFAC9A000
Class: __PlayerSpawnSystem_TA__CreateSpawnTicket_0x1           - Instance: 0x21DFAC99C00
Class: PlayerSpawnSystem_TA                                    - Instance: 0x21DFAC99800
Class: __PlayerVanity_TA__EquipProduct_0x1                     - Instance: 0x21DFAC99400
Class: __PlaylistSkillDataSave_TA__Reconcile_0x1               - Instance: 0x21DFAC99000
Class: PlaylistSkillDataSave_TA                                - Instance: 0x21DFAC98C00
Class: __PrivacyPolicySave_TA__FindPolicyIndex_0x1             - Instance: 0x21DFAC98800
Class: PrivacyPolicySave_TA                                    - Instance: 0x21DFAC98400
Class: __ProductAsset_Attachment_TA__ModifyThumbnailScene_0x1  - Instance: 0x21DFAC93C00
Class: __ProductAsset_Skin_TA__AttemptApplyChassisOverride_0x1 - Instance: 0x21DFAC93800
Class: ProductOverride_SpecificMaterials_TA                    - Instance: 0x21DFAC93400
Class: __ProductAsset_Skin_TA__GetSkinBodySettings_0x1         - Instance: 0x21DFAC93000
Class: __ProductAsset_Skin_TA__GetSkinParameters_0x1           - Instance: 0x21DFAC92C00
Class: __ProductAttribute_MapProductAssetOverride_TA__ShouldUseDefaultProductasset_0x1 - Instance: 0x21DFAC92800
Class: ProductAttribute_MapProductAssetOverride_TA             - Instance: 0x21DFAC92400
Class: __ProductAttribute_ModifyTransformationPerBody_TA__ApplyToObject_0x1 - Instance: 0x21DFAC92000
Class: ProductAttribute_ModifyTransformationPerBody_TA         - Instance: 0x21DFAC91C00
Class: __ProductAttribute_Painted_TA__ApplyPaintOverridesToObject_0x1 - Instance: 0x21DFAC91800
Class: __ProductAttribute_Painted_TA__ApplyToSetParameter_0x2  - Instance: 0x21DFAC91400
Class: __ProductAttribute_UnlockForcedProducts_TA__ContainsSlotToUnlock_0x1 - Instance: 0x21DFAC91000
Class: __ProductLoader_TA__GetAssetByID_0x1                    - Instance: 0x21DFAC90C00
Class: __ProductLoader_TA__GetAssetBySlot_0x1                  - Instance: 0x21DFAC90800
Class: __ProductOverride_MaterialParameter_TA__ForceApplyOverrideToMIC_0x1 - Instance: 0x21DFAC90400
Class: __ProductOverride_ParticleSystemColorParameter_TA__ApplyToObject_0x1 - Instance: 0x21DFAC7FC00
Class: ProductOverride_ParticleSystemColorParameter_TA         - Instance: 0x21DFAC7F800
Class: __ProductOverride_TA__ApplyOverrides_0x1                - Instance: 0x21DFAC7F400
Class: __ProductsHashSave_TA__UpdateInstanceIDs_0x2            - Instance: 0x21DFAC7F000
Class: __ProductTransactions_TA__GetEquippedProducts_0x2       - Instance: 0x21DFAC7EC00
Class: ProductTransactions_TA                                  - Instance: 0x21DFAC7E800
Class: __ProductTransactions_TA__GetUnequippedProducts_0x2     - Instance: 0x21DFAC7E400
Class: __Profile_TA__ValidateLoadoutsWithProduct_0x1           - Instance: 0x21DFAC7E000
Class: LoadoutSet_TA                                           - Instance: 0x21DFAC7DC00
Class: __RecentPlayers_TA__AddMatchMate_0x1                    - Instance: 0x21DFAC7D800
Class: __RecentPlayers_TA__AddPlayerInternal_0x1               - Instance: 0x21DFAC7D400
Class: __RecentPlayers_TA__FilterFriends_0x1                   - Instance: 0x21DFAC7D000
Class: __RecentPlayersMet_TA__RecordRecentPlayers_0x2          - Instance: 0x21DFAC7CC00
Class: __ReplayManager_TA__PlayReplayFile_0x1                  - Instance: 0x21DFAC7C800
Class: __RocketPass_TA__ProcessRewards_0x1                     - Instance: 0x21DFAC7C400
Class: RocketPass_TA                                           - Instance: 0x21DFAC7BC00
Class: __RocketPass_TA__SetRewardAsClaimed_0x1                 - Instance: 0x21DFAC7B800
Class: __RocketPass_TA__TryToUnlockAnchors_0x1                 - Instance: 0x21DFAC7B400
Class: __RocketPass_TA__UpdateRewardsLockState_0x1             - Instance: 0x21DFAC7B000
Class: RocketPassNotificationsManager_TA                       - Instance: 0x21DFAC7AC00
Class: GFxData_RocketPass_TA                                   - Instance: 0x21DFAC7A800
Class: RocketPassNotification_TA                               - Instance: 0x21DFAC7A400
Class: PlayerController_Menu_TA                                - Instance: 0x21DFAC7A000
Class: GFxData_MenuStack_TA                                    - Instance: 0x21DFAC79C00
Class: __RocketPassNotificationsManager_TA__HandleAssetLoaded_0x1 - Instance: 0x21DFAC79800
Class: __RocketPassNotificationsManager_TA__LoadProductNotification_0x1 - Instance: 0x21DFAC79400
Class: __RPC_GetTradeInFilters_TA__OnSuccess_0x1               - Instance: 0x21DFAC79000
Class: RPC_GetTradeInFilters_TA                                - Instance: 0x21DFAC78C00
Class: __RTSphere_TA__OnRender_0x1                             - Instance: 0x21DFAC78800
Class: RTObjectBase_TA                                         - Instance: 0x21DFAC73C00
Class: RTSphere_TA                                             - Instance: 0x21DFAC78400
Class: __SaveData_TA__FilterEquippedOnlineProducts_0x1         - Instance: 0x21DFAC73800
Class: __SaveData_TA__HandleOnlineProductsReceived_0x1         - Instance: 0x21DFAC73400
Class: __SaveData_TA__ValidateLoadoutsWithProduct_0x1          - Instance: 0x21DFAC73000
Class: __SeqAct_SetLoadout_TA__ApplyNewChangesToProductAssets_0x1 - Instance: 0x21DFAC72C00
Class: __SFXConfig_TA__CanPlaySound_0x1                        - Instance: 0x21DFAC72800
Class: SFXConfig_TA                                            - Instance: 0x21DFAC72400
Class: ShopAdsConfig_TA                                        - Instance: 0x21DFAC72000
Class: __ShopAdsConfig_TA__Apply_0x1                           - Instance: 0x21DFAC71C00
Class: ShopCatalogueCacheSave_TA                               - Instance: 0x21DFAC71800
Class: __ShopCatalogueCacheSave_TA__HasNewContent_0x1          - Instance: 0x21DFAC71400
Class: GFxData_Community_TA                                    - Instance: 0x21DFAC71000
Class: NotificationSave_TA                                     - Instance: 0x21DFAC70C00
Class: ItemShopNotificationsConfig_TA                          - Instance: 0x21DFAC70800
Class: ShopsManager_TA                                         - Instance: 0x21DFAC70400
Class: ItemShopNotification_TA                                 - Instance: 0x21DFAC5FC00
Class: __ShopNotificationsManager_TA__LoadNotificationIcon_0x1 - Instance: 0x21DFAC5F800
Class: __ShopNotificationsManager_TA__HandleAssetLoaded_0x1    - Instance: 0x21DFAC5F400
Class: ShopMetrics_TA                                          - Instance: 0x21DFAC5F000
Class: ShopsService_TA                                         - Instance: 0x21DFAC5EC00
Class: __ShopsManager_TA__Purchase_0x1                         - Instance: 0x21DFAC5E800
Class: __ShopsService_PsyNet_TA__GetAllShops_0x1               - Instance: 0x21DFAC5E400
Class: RPC_GetAllShops_TA                                      - Instance: 0x21DFAC5E000
Class: ShopsService_PsyNet_TA                                  - Instance: 0x21DFAC5DC00
Class: __ShopsService_PsyNet_TA__GetCrateShop_0x1              - Instance: 0x21DFAC5D800
Class: RPC_GetCrateShop_TA                                     - Instance: 0x21DFAC5D400
Class: __ShopsService_PsyNet_TA__GetItemShopNotifications_0x1  - Instance: 0x21DFAC5D000
Class: RPC_GetItemShopNotifications_TA                         - Instance: 0x21DFAC5CC00
Class: __ShopsService_PsyNet_TA__GetShopCatalogue_0x1          - Instance: 0x21DFAC5C800
Class: RPC_GetShopCatalogue_TA                                 - Instance: 0x21DFAC5C400
Class: __ShopsService_PsyNet_TA__GetShopCatalogues_0x1         - Instance: 0x21DFAC4BC00
Class: __ShopsService_PsyNet_TA__Purchase_0x1                  - Instance: 0x21DFAC4B800
Class: RPC_PurchaseItemFromShop_TA                             - Instance: 0x21DFAC4B400
Class: __StatFactory_TA__OnGoalScored_0x1                      - Instance: 0x21DFAC4B000
Class: __StatusObserver_Products_TA__UpdateTriggersBySlot_0x1  - Instance: 0x21DFAC4AC00
Class: StatusTrigger_Product_TA                                - Instance: 0x21DFAC4A800
Class: StatusObserver_Products_TA                              - Instance: 0x21DFAC4A400
Class: __StatusTriggerManager_TA__AddTriggerCondition_0x1      - Instance: 0x21DFAC4A000
Class: StatusTriggerManager_TA                                 - Instance: 0x21DFAC49C00
Class: __StatusTriggerManager_TA__Init_0x2                     - Instance: 0x21DFAC49800
Class: __StatusTriggerManager_TA__RegisterTriggers_0x1         - Instance: 0x21DFAC49400
Class: __StatusTriggerManager_TA__RemoveTriggers_0x1           - Instance: 0x21DFAC49000
Class: __StayAsPartySystem_TA__CreateVoteStartEvent_0x1        - Instance: 0x21DFAC48C00
Class: ServerStartVoteEvent_TA                                 - Instance: 0x21DFAC48800
Class: StayAsPartySystem_TA                                    - Instance: 0x21DFAC48400
Class: __StayAsPartySystem_TA__FindHumanTeammatesOfID_0x1      - Instance: 0x21DFAC37C00
Class: __StayAsPartySystem_TA__GFxLeaderActive_0x1             - Instance: 0x21DFAC37800
Class: __StayAsPartySystem_TA__GFxPlayerJoinedParty_0x1        - Instance: 0x21DFAC37400
Class: PartyLeaderChangedEvent_TA                              - Instance: 0x21DFAC37000
Class: __StayAsPartySystem_TA__HandlePartyChanged_0x1          - Instance: 0x21DFAC36C00
Class: __StayAsPartySystem_TA__IsOneParty_0x1                  - Instance: 0x21DFAC36800
Class: __StayAsPartySystem_TA__MergeEventConfirmFollower_0x1   - Instance: 0x21DFAC36400
Class: MergePartyEvent_TA                                      - Instance: 0x21DFAC36000
Class: __StayAsPartySystem_TA__ProcessVote_0x2                 - Instance: 0x21DFAC35C00
Class: __StayAsPartySystem_TA__SetVoteActive_0x1               - Instance: 0x21DFAC35800
Class: __StayAsPartyVote_TA__AddFollowerToLeader_0x1           - Instance: 0x21DFAC35400
Class: StayAsPartyVote_TA                                      - Instance: 0x21DFAC35000
Class: __StayAsPartyVote_TA__RemoveFollower_0x1                - Instance: 0x21DFAC34C00
Class: __TAsyncResult__PrivilegeCheck_X__Copy_0x1              - Instance: 0x21DFAC34800
Class: TAsyncResult__PrivilegeCheck_X                          - Instance: 0x21DFAC34400
Class: __TAsyncResult__PrivilegeCheck_X__NotifyOnResult_0x1    - Instance: 0x21DFAC33C00
Class: __TAsyncResult__PrivilegeCheck_X__NotifyOnResultComplete_0x1 - Instance: 0x21DFAC33800
Class: __TAsyncResult__PrivilegeCheck_X__SetResultWhen_0x1     - Instance: 0x21DFAC33400
Class: __TAsyncResult__UserBugReportUploadResult_TA__Copy_0x1  - Instance: 0x21DFAC33000
Class: TAsyncResult__UserBugReportUploadResult_TA              - Instance: 0x21DFAC32C00
Class: UserBugReportUploadResult_TA                            - Instance: 0x21DFAC32800
Class: __TAsyncResult__UserBugReportUploadResult_TA__NotifyOnResult_0x1 - Instance: 0x21DFAC32400
Class: __TAsyncResult__UserBugReportUploadResult_TA__NotifyOnResultComplete_0x1 - Instance: 0x21DFAC32000
Class: __TAsyncResult__UserBugReportUploadResult_TA__SetResultWhen_0x1 - Instance: 0x21DFAC31C00
Class: __Team_TA__GetPartyFollowerIds_0x1                      - Instance: 0x21DFAC31800
Class: __Team_TA__OnPlayerMarkedAsIdleBanned_0x1               - Instance: 0x21DFAC31400
Class: __TeamDemoAudioComponent_TA__HandlePreparingDemoFX_0x1  - Instance: 0x21DFAC31000
Class: TeamDemoAudioComponent_TA                               - Instance: 0x21DFAC30C00
Class: __TextChatActor_TA__GetOrCreateStagedMessage_0x1        - Instance: 0x21DFAC30800
Class: StagedMessageData                                       - Instance: 0x21DFAC30400
Class: TextChatActor_TA                                        - Instance: 0x21DFAC2BC00
Class: __TextChatActor_TA__SendSignedMessage_0x1               - Instance: 0x21DFAC2B800
Class: __TextModerationManager_TA__HandleCryptoKeyCreated_0x1  - Instance: 0x21DFAC2B400
Class: TextModerationManager_TA                                - Instance: 0x21DFAC2B000
Class: KeyRegistrationResponse                                 - Instance: 0x21DFAC2AC00
Class: __TextModerationManager_TA__HandleCryptoKeyRegistered_0x1 - Instance: 0x21DFAC2A800
Class: __TextModerationManager_TA__HandlePsyNetConnection_0x1  - Instance: 0x21DFAC2A400
Class: __TextModerationManager_TA__HandleTextMessageSigned_0x1 - Instance: 0x21DFAC2A000
Class: __TextModerationManager_TA__HandleTextMessageValidated_0x1 - Instance: 0x21DFAC29C00
Class: __TextModerationManager_TA__OnKeyFailedToGenerate_0x1   - Instance: 0x21DFAC29800
Class: TextModerationConfig_TA                                 - Instance: 0x21DFAC29400
Class: TextModerationMetrics_TA                                - Instance: 0x21DFAC29000
Class: __TextModerationManager_TA__PreFilterMessage_0x1        - Instance: 0x21DFAC28C00
Class: __TextModerationManager_TA__SignMessage_0x1             - Instance: 0x21DFAC28800
Class: __TourBracketCache_TA__Request_0x1                      - Instance: 0x21DFAC28400
Class: TourBracketCache_TA                                     - Instance: 0x21DFAC17C00
Class: TourConfig_TA                                           - Instance: 0x21DFAC17800
Class: __TourBracketCache_TA__RequestCached_0x2                - Instance: 0x21DFAC17400
Class: __TourBracketSimulator_TA__RoundStep_0x1                - Instance: 0x21DFAC17000
Class: TourUtils_TA                                            - Instance: 0x21DFAC16C00
Class: TourBracketSimulator_TA                                 - Instance: 0x21DFAC16800
Class: __TourCheckIn_TA__CheckIn_0x1                           - Instance: 0x21DFAC16400
Class: TournamentMetrics_TA                                    - Instance: 0x21DFAC16000
Class: TourCheckIn_TA                                          - Instance: 0x21DFAC15C00
Class: __TourCheckInError_TA__AlertSignupError_0x1             - Instance: 0x21DFAC15800
Class: __TourGameUpdateDispatcher_TA__HandleUpdateGameSuccess_0x1 - Instance: 0x21DFAC15400
Class: RPC_TourUpdateGame_TA                                   - Instance: 0x21DFAC15000
Class: TourGameUpdateDispatcher_TA                             - Instance: 0x21DFAC14C00
Class: __TourGameUpdateDispatcher_TA__Init_0x3                 - Instance: 0x21DFAC14800
Class: __TourList_TA__AddUnique_0x1                            - Instance: 0x21DFAC14400
Class: __TourList_TA__GetTournamentResult_0x1                  - Instance: 0x21DFAC0FC00
Class: __TourPartyCheckIn_TA__HandleLeaderCheckIn_0x2          - Instance: 0x21DFAC0F800
Class: TourPartyCheckInTransaction_TA                          - Instance: 0x21DFAC0F400
Class: PartyMessage_TourCheckIn_TA                             - Instance: 0x21DFAC0F000
Class: TourPartyCheckIn_TA                                     - Instance: 0x21DFAC0EC00
Class: TourRegistration_TA                                     - Instance: 0x21DFAC0E800
Class: __TourRegistration_TA__Register_0x1                     - Instance: 0x21DFAC0E400
Class: TourService_TA                                          - Instance: 0x21DFAC0E000
Class: __TourService_PsyNet_TA__CheckIn_0x1                    - Instance: 0x21DFAC0DC00
Class: RPC_TourCheckIn_TA                                      - Instance: 0x21DFAC0D800
Class: TourService_PsyNet_TA                                   - Instance: 0x21DFAC0D400
Class: __TourService_PsyNet_TA__CreateTournament_0x1           - Instance: 0x21DFAC0D000
Class: RPC_TourCreate_TA                                       - Instance: 0x21DFAC0CC00
Class: __TourService_PsyNet_TA__GetBracket_0x1                 - Instance: 0x21DFAC0C800
Class: RPC_TourGetBracket_TA                                   - Instance: 0x21DFAC0C400
Class: __TourService_PsyNet_TA__GetMatch_0x1                   - Instance: 0x21DFAC0BC00
Class: RPC_TourGetMatch_TA                                     - Instance: 0x21DFAC0B800
Class: __TourService_PsyNet_TA__GetMatchDetails_0x1            - Instance: 0x21DFAC0B400
Class: RPC_TourGetMatchDetails_TA                              - Instance: 0x21DFAC0B000
Class: __TourService_PsyNet_TA__RegisterTournament_0x1         - Instance: 0x21DFAC0AC00
Class: RPC_TourRegister_TA                                     - Instance: 0x21DFAC0A800
Class: __TourService_PsyNet_TA__StartMatchmaking_0x1           - Instance: 0x21DFAC0A400
Class: TourStatus_TA                                           - Instance: 0x21DFAC0A000
Class: TourEvent_TA                                            - Instance: 0x21DFAC09C00
Class: OnlineGameTourMatchmaking_TA                            - Instance: 0x21DFAC09800
Class: TourEventMatch_TA                                       - Instance: 0x21DFAC09400
Class: TourSettingsCache_TA                                    - Instance: 0x21DFAC09000
Class: __TourStatus_TA__GetStatus_0x1                          - Instance: 0x21DFAC08C00
Class: __TourSubscriptions_TA__GetTournament_0x1               - Instance: 0x21DFAC08800
Class: __TourUtils_TA__CalcTeamWins_0x1                        - Instance: 0x21DFAC08400
Class: __TriggerCondition_TA__AddTriggers_0x1                  - Instance: 0x21DFABF7C00
Class: __UIConfig_TA__FindXPTier_0x1                           - Instance: 0x21DFABF7800
Class: UIConfig_TA                                             - Instance: 0x21DFABF7400
Class: _UserBugReportTypes_TA                                  - Instance: 0x21DFABF7000
Class: __UserBugReportConfig_TA__GetCategories_0x1             - Instance: 0x21DFABF6C00
Class: UserBugReportConfig_TA                                  - Instance: 0x21DFABF6800
Class: __UserBugReportConfig_TA__GetCategory_0x1               - Instance: 0x21DFABF6400
Class: UserBugReportGeneratedData_TA                           - Instance: 0x21DFABF6000
Class: UserBugReportMetaData_TA                                - Instance: 0x21DFABF5C00
Class: __UserBugReportGeneratedData_TA__Init_0x1               - Instance: 0x21DFABF5800
Class: __UserSettingObserverEventCache_TA__RecordSetting_0x1   - Instance: 0x21DFABF5400
Class: UserSettingObserverEventCache_TA                        - Instance: 0x21DFABF5000
Class: __VanityQuery_TA__CompleteRequests_0x1                  - Instance: 0x21DFABF4C00
Class: __VanitySetManager_TA__RequestAvatars_0x1               - Instance: 0x21DFABF4800
Class: __VanitySetManager_TA__RequestBanners_0x1               - Instance: 0x21DFABF4400
Class: __VanitySetManager_TA__RequestsBorders_0x1              - Instance: 0x21DFABFBC00
Class: __ViralItemConfig_TA__GetSeriesInfectedType_0x1         - Instance: 0x21DFABFB800
Class: __ViralItemConfig_TA__SetSeriesInfected_0x1             - Instance: 0x21DFABFB400
Class: __ViralItemFXComponent_TA__ShouldShowAura_0x1           - Instance: 0x21DFABFB000
Class: ViralItemFXComponent_TA                                 - Instance: 0x21DFABFAC00
Class: __VoteActor_TA__GetVotes_0x1                            - Instance: 0x21DFABFA800
Class: __Wallet_TA__GetCurrency_0x1                            - Instance: 0x21DFABFA400
Class: Wallet_TA                                               - Instance: 0x21DFABFA000
Class: __Wallet_TA__GiveCurrencyDrops_0x1                      - Instance: 0x21DFABF9C00
Class: _CrowdTypes_TA                                          - Instance: 0x21DFABF9800
Class: _FreeplayCommandsTypes_TA                               - Instance: 0x21DFABF9400
Class: _TourNotifications_TA                                   - Instance: 0x21DFABF9000
Class: _TrainingTypes_TA                                       - Instance: 0x21DFABF8C00
Class: Achievement_TA                                          - Instance: 0x21DFABF8800
Class: Achievement_AG_FarFarAway_TA                            - Instance: 0x21DFABF8400
Class: AchievementSave_TA                                      - Instance: 0x21DFABE3C00
Class: UpdateDistanceDrivenTimer_TA                            - Instance: 0x21DFABE3800
Class: AchievementSystem_TA                                    - Instance: 0x21DFABE3400
Class: Achievement_AG_Stocked_TA                               - Instance: 0x21DFABE3000
Class: RandomItemsDroppedEvent_TA                              - Instance: 0x21DFABE2C00
Class: Achievement_AG_SuperVictorious_TA                       - Instance: 0x21DFABE2800
Class: AchievementsGameEventWon_TA                             - Instance: 0x21DFABE2400
Class: Achievement_AG_TheStreak_TA                             - Instance: 0x21DFABE2000
Class: AchievementsGameEventLost_TA                            - Instance: 0x21DFABE1C00
Class: Achievement_AG_Virtuoso_TA                              - Instance: 0x21DFABE1800
Class: AchievementUnlockedEvent_TA                             - Instance: 0x21DFABE1400
Class: Achievement_AG_Winner_TA                                - Instance: 0x21DFABE1000
Class: AchievementClassCollection_TA                           - Instance: 0x21DFABE0C00
Class: PlayerVanitySave_TA                                     - Instance: 0x21DFABE0400
Class: PlayerAvatarBorderSave_TA                               - Instance: 0x21DFABE0800
Class: PlayerBannerSave_TA                                     - Instance: 0x21DFABCFC00
Class: GameEvent_Season_TA                                     - Instance: 0x21DFABCF800
Class: GameInfo_Basketball_TA                                  - Instance: 0x21DFABCF000
Class: GameInfo_Breakout_TA                                    - Instance: 0x21DFABCEC00
Class: GameEvent_Training_TA                                   - Instance: 0x21DFABCE800
Class: MapPrefsSave_TA                                         - Instance: 0x21DFABCE400
Class: ProfileStatsSave_TA                                     - Instance: 0x21DFABCE000
Class: GameEvent_Breakout_TA                                   - Instance: 0x21DFABCDC00
Class: SeasonSave_TA                                           - Instance: 0x21DFABCD800
Class: Season_TA                                               - Instance: 0x21DFABCD400
Class: VersionHelper_TA                                        - Instance: 0x21DFABCD000
Class: ReconcileUtil_TA                                        - Instance: 0x21DFABCCC00
Class: ActiveGameState_TA                                      - Instance: 0x21DFABCC800
Class: ActivityFeedManager_TA                                  - Instance: 0x21DFABCC400
Class: ActorChannelMetrics_TA                                  - Instance: 0x21DFAB7FC00
Class: ActorChannelMonitor_TA                                  - Instance: 0x21DFAB7F800
Class: ActorFactorySkeletalMeshactorMat_Products_TA            - Instance: 0x21DFAB7F400
Class: ActorTarget_TA                                          - Instance: 0x21DFAB7F000
Class: AdManager_TA                                            - Instance: 0x21DFAB7EC00
Class: RPC_AdsGet_TA                                           - Instance: 0x21DFAB7E800
Class: AdManagerConfig_TA                                      - Instance: 0x21DFAB7E400
Class: RumblePickups_TA                                        - Instance: 0x21DFAB7DC00
Class: AIController_Breakout_TA                                - Instance: 0x21DFAB7D000
Class: AIProxy_TA                                              - Instance: 0x21DFAB7C800
Class: AnimNotify_PlayAKSound_TA                               - Instance: 0x21DFAB7C400
Class: AnimNotify_SetBoneVisibility_TA                         - Instance: 0x21DFAB57C00
Class: AnimNotify_SetFXState_TA                                - Instance: 0x21DFAB57800
Class: AnimNotify_TriggerTurntableEvent_TA                     - Instance: 0x21DFAB57400
Class: TurnTableActor_TA                                       - Instance: 0x21DFAB57000
Class: AntiAddiction_TA                                        - Instance: 0x21DFAB56C00
Class: Notification_AntiAddiction_TA                           - Instance: 0x21DFAB56800
Class: ApplyVelocityHitHandler_TA                              - Instance: 0x21DFAB56400
Class: AppMetrics_TA                                           - Instance: 0x21DFAB56000
Class: GameplayMusicPlayer_TA                                  - Instance: 0x21DFAB55C00
Class: MusicPlayerSave_TA                                      - Instance: 0x21DFAB55800
Class: StreamerSafeConfig_TA                                   - Instance: 0x21DFAB55400
Class: ProductAsset_MusicStingers_TA                           - Instance: 0x21DFAB55000
Class: ArenaSoundPlayer_TA                                     - Instance: 0x21DFAB54C00
Class: MapInfo_TA                                              - Instance: 0x21DFAB54800
Class: SoundSettingsSave_TA                                    - Instance: 0x21DFAB54400
Class: SoundSettingsManager_TA                                 - Instance: 0x21DFAB43C00
Class: AssetAttribute_ChangeProductDrawScale_TA                - Instance: 0x21DFAB43400
Class: AssetAttribute_ForceWheelAxle_TA                        - Instance: 0x21DFAB43000
Class: AssetAttribute_GoalCountChanging_TA                     - Instance: 0x21DFAB42C00
Class: AssetAttribute_SoundOverrides_TA                        - Instance: 0x21DFAB42800
Class: AttachmentAnim_TA                                       - Instance: 0x21DFAB42400
Class: AudioFieldSideComponent_TA                              - Instance: 0x21DFAB42000
Class: AudioMixStateComponent_TA                               - Instance: 0x21DFAB41C00
Class: CameraSettingsActor_TA                                  - Instance: 0x21DFAB41800
Class: AudioParamsSuperSonicComponent_TA                       - Instance: 0x21DFAB41400
Class: AudioParamsSuperSonicReplayComponent_TA                 - Instance: 0x21DFAB41000
Class: Camera_TA                                               - Instance: 0x21DFAB40800
Class: Camera_Replay_TA                                        - Instance: 0x21DFAB40C00
Class: CameraState_TA                                          - Instance: 0x21DFAB07800
Class: CameraState_Replay_TA                                   - Instance: 0x21DFAB07C00
Class: CameraState_ReplayPlayerView_TA                         - Instance: 0x21DFAB40400
Class: CameraState_DirectorProxy_TA                            - Instance: 0x21DFAB07000
Class: CameraState_DirectorPlayerView_TA                       - Instance: 0x21DFAB07400
Class: PlayerController_Replay_TA                              - Instance: 0x21DFAB06C00
Class: AudioSlomoReplayComponent_TA                            - Instance: 0x21DFAB06800
Class: AudioSpectatorMixComponent_TA                           - Instance: 0x21DFAB06400
Class: CameraState_Director_TA                                 - Instance: 0x21DFAB06000
Class: AutoTourConfig_TA                                       - Instance: 0x21DFAB05C00
Class: PsyNetService_AutoTourFound_TA                          - Instance: 0x21DFAB05800
Class: RPC_TourGetScheduleRegion_TA                            - Instance: 0x21DFAB05400
Class: RPC_TourSetScheduleRegion_TA                            - Instance: 0x21DFAB05000
Class: RPC_AutoTour_GetSchedule_TA                             - Instance: 0x21DFAB04C00
Class: RPC_AutoTour_GetCycleData_TA                            - Instance: 0x21DFAB04800
Class: TournamentCompletedEvent_TA                             - Instance: 0x21DFAB04400
Class: BackFillPolicy_TA                                       - Instance: 0x21DFAAE7C00
Class: BallCamTarget_TA                                        - Instance: 0x21DFAAE7400
Class: GoalExplosionOrientation_TA                             - Instance: 0x21DFAAE7000
Class: Ball_GameEditor_TA                                      - Instance: 0x21DFAAE6C00
Class: Interface_GameEditor_TA                                 - Instance: 0x21DFAAE6800
Class: Ball_Spawner_TA                                         - Instance: 0x21DFAAE6400
Class: Ball_Tutorial_TA                                        - Instance: 0x21DFAAE6000
Class: BallKeepUpComponent_TA                                  - Instance: 0x21DFAAE5C00
Class: KeepUpIndicator_TA                                      - Instance: 0x21DFAAE5800
Class: SeqEvent_BallInRange_TA                                 - Instance: 0x21DFAAE4800
Class: BallSlomoComponent_TA                                   - Instance: 0x21DFAAE4400
Class: BallStaleTimerComponent_TA                              - Instance: 0x21DFAA63C00
Class: SplineLoftActorSpawnable_TA                             - Instance: 0x21DFAA63800
Class: BanSave_TA                                              - Instance: 0x21DFAA63400
Class: RPC_GetBanStatus_TA                                     - Instance: 0x21DFAA63000
Class: BeamTraceComponent_TA                                   - Instance: 0x21DFAA62C00
Class: BlogTileCache_TA                                        - Instance: 0x21DFAA62800
Class: BlogTileConfig_X                                        - Instance: 0x21DFAA62400
Class: BlueprintErrors_TA                                      - Instance: 0x21DFAA62000
Class: BlueprintThumbnailLoadResult                            - Instance: 0x21DFAA61C00
Class: BotReplacement_TA                                       - Instance: 0x21DFAA61800
Class: BreakoutPlatformCollision_TA                            - Instance: 0x21DFAA61400
Class: BreakoutFloor_TA                                        - Instance: 0x21DFAA61000
Class: BTAction_BlockGoal                                      - Instance: 0x21DFAA60C00
Class: BTAction_DivertBall                                     - Instance: 0x21DFAA60800
Class: BTAction_Jump                                           - Instance: 0x21DFAA60400
Class: BTAction_DodgeHit                                       - Instance: 0x21DFAA23C00
Class: BTAction_Face                                           - Instance: 0x21DFAA23800
Class: BTAction_PowerSlide                                     - Instance: 0x21DFAA23000
Class: BTAction_Test                                           - Instance: 0x21DFAA22800
Class: BTAction_WallBounce                                     - Instance: 0x21DFAA22400
Class: BTC_AIPlayerIndex                                       - Instance: 0x21DFAA22000
Class: BTC_AreaClear                                           - Instance: 0x21DFAA21C00
Class: BTC_BallWelded                                          - Instance: 0x21DFAA21800
Class: BTC_Between                                             - Instance: 0x21DFAA21400
Class: BTC_Boost                                               - Instance: 0x21DFAA21000
Class: BTC_BounceHeight                                        - Instance: 0x21DFAA20C00
Class: BTC_CanJumpTo                                           - Instance: 0x21DFAA20800
Class: BTC_ClosestTime                                         - Instance: 0x21DFAA20400
Class: BTC_ClosestTo                                           - Instance: 0x21DFAA07C00
Class: BTC_JumpHit                                             - Instance: 0x21DFAA07800
Class: BTC_DodgeHit                                            - Instance: 0x21DFAA07400
Class: BTC_Facing                                              - Instance: 0x21DFAA06C00
Class: BTC_FieldDistance                                       - Instance: 0x21DFAA06800
Class: BTC_GameInfoType                                        - Instance: 0x21DFAA06400
Class: BTC_GameScore                                           - Instance: 0x21DFAA06000
Class: BTC_GameState                                           - Instance: 0x21DFAA05C00
Class: BTC_HitLanding                                          - Instance: 0x21DFAA05800
Class: BTC_HumanPlayerOnOpposingTeam                           - Instance: 0x21DFAA05400
Class: BTC_HumanPlayerOnTeam                                   - Instance: 0x21DFAA05000
Class: BTC_Impact                                              - Instance: 0x21DFAA04C00
Class: BTC_InCone                                              - Instance: 0x21DFAA04800
Class: BTC_Landing                                             - Instance: 0x21DFAA04400
Class: BTC_Lock                                                - Instance: 0x21DFA9EFC00
Class: BTC_SegmentDistance                                     - Instance: 0x21DFA9EF800
Class: BTC_Skill                                               - Instance: 0x21DFA9EF400
Class: BTC_SoccarState                                         - Instance: 0x21DFA9EF000
Class: BTC_Stuck                                               - Instance: 0x21DFA9EEC00
Class: BTC_TargetNumberSatisfying                              - Instance: 0x21DFA9EE800
Class: BTC_TeamSize                                            - Instance: 0x21DFA9EE400
Class: BTC_TimeSinceBallHit                                    - Instance: 0x21DFA9EE000
Class: BTC_Traits                                              - Instance: 0x21DFA9EDC00
Class: BTC_Vehicle                                             - Instance: 0x21DFA9ED800
Class: BTMoveModifier_Boost                                    - Instance: 0x21DFA9ED400
Class: BugReportSync_TA                                        - Instance: 0x21DFA9ECC00
Class: PsyNetService_BugReport_TA                              - Instance: 0x21DFA9EC800
Class: CameraConfig_TA                                         - Instance: 0x21DFA9EC400
Class: SeqAct_AttachFX_TA                                      - Instance: 0x21DFA9E3C00
Class: Camera_Edit_TA                                          - Instance: 0x21DFA9E3800
Class: CameraState_Edit_TA                                     - Instance: 0x21DFA9E3400
Class: Camera_GameEditor_TA                                    - Instance: 0x21DFA9E3000
Class: CameraState_GameEditor_TA                               - Instance: 0x21DFA9E2C00
Class: Camera_MainMenu_TA                                      - Instance: 0x21DFA9E2800
Class: CameraState_CarPreview_TA                               - Instance: 0x21DFA9E2400
Class: ProfileCameraSave_TA                                    - Instance: 0x21DFA9E2000
Class: CameraState_CarRef_TA                                   - Instance: 0x21DFA9E1400
Class: CameraState_Car_TA                                      - Instance: 0x21DFA9E1800
Class: CameraState_BallCam_TA                                  - Instance: 0x21DFA9E1C00
Class: CameraSettingsActorCopy_TA                              - Instance: 0x21DFA9E1000
Class: TargetFinder_TA                                         - Instance: 0x21DFA9E0C00
Class: CameraState_BallCam_KnockOut_TA                         - Instance: 0x21DFA9E0400
Class: Target_Knockout_TA                                      - Instance: 0x21DFA9ABC00
Class: CameraState_BallCamInverted_TA                          - Instance: 0x21DFA9AB800
Class: CameraState_CarInverted_TA                              - Instance: 0x21DFA9AB400
Class: CameraState_LiveReplay_TA                               - Instance: 0x21DFA9AB000
Class: CameraState_BasketballLiveReplay_TA                     - Instance: 0x21DFA9AAC00
Class: CameraState_BreakoutLiveReplay_TA                       - Instance: 0x21DFA9AA800
Class: CameraState_CameraTrack_TA                              - Instance: 0x21DFA9AA400
Class: CameraTrack_TA                                          - Instance: 0x21DFA9AA000
Class: CameraState_Car_KnockOut_TA                             - Instance: 0x21DFA9A9C00
Class: CameraVolume_KnockOut_TA                                - Instance: 0x21DFA9A9800
Class: Target_World_TA                                         - Instance: 0x21DFA9A9400
Class: CameraState_PremiumGarage_TA                            - Instance: 0x21DFA9A9000
Class: CarPreviewSet_TA                                        - Instance: 0x21DFA9A8C00
Class: CameraState_Countdown_TA                                - Instance: 0x21DFA9A8800
Class: CameraState_CustomFocus_TA                              - Instance: 0x21DFA9A8400
Class: CustomFocusTarget_TA                                    - Instance: 0x21DFA987C00
Class: CameraState_Demolished_TA                               - Instance: 0x21DFA987800
Class: CameraState_Prespawn_TA                                 - Instance: 0x21DFA987400
Class: CameraStateSelector_TA                                  - Instance: 0x21DFA986C00
Class: CameraState_DirectorBallCam_TA                          - Instance: 0x21DFA986800
Class: CameraState_DirectorCountdownRotate_TA                  - Instance: 0x21DFA986400
Class: CameraState_DirectorCountdownTailPass_TA                - Instance: 0x21DFA986000
Class: CameraState_DirectorGoalScorer_TA                       - Instance: 0x21DFA985C00
Class: CameraState_DirectorKickoff_TA                          - Instance: 0x21DFA985800
Class: CameraState_DirectorMoving_TA                           - Instance: 0x21DFA985400
Class: CameraState_Freecam_TA                                  - Instance: 0x21DFA985000
Class: CameraState_IntroMenu_TA                                - Instance: 0x21DFA984C00
Class: SkeletalMeshActorMAT_IntroCar_TA                        - Instance: 0x21DFA984800
Class: CameraState_Lobby_TA                                    - Instance: 0x21DFA984400
Class: CameraState_LobbyFocus_TA                               - Instance: 0x21DFA963C00
Class: PreMatchLobby_TA                                        - Instance: 0x21DFA963800
Class: CameraState_MenuCamActor_TA                             - Instance: 0x21DFA963400
Class: PremiumGaragePreviewSet_TA                              - Instance: 0x21DFA963000
Class: CameraState_PrePodiumSpotlight_TA                       - Instance: 0x21DFA962C00
Class: CameraState_ReplayAutoCam_TA                            - Instance: 0x21DFA962800
Class: CameraState_ReplayFly_TA                                - Instance: 0x21DFA961C00
Class: CameraState_ReplayFollow_TA                             - Instance: 0x21DFA961800
Class: CameraState_ReplaySoftAttach_TA                         - Instance: 0x21DFA961400
Class: CameraState_ReplayHardAttach_TA                         - Instance: 0x21DFA961000
Class: CameraState_SeasonIntro_TA                              - Instance: 0x21DFA960C00
Class: CameraState_StadiumSide_TA                              - Instance: 0x21DFA960800
Class: CameraState_Waiting_TA                                  - Instance: 0x21DFA960400
Class: PRI_KnockOut_TA                                         - Instance: 0x21DFA917C00
Class: CameraStateSelector_Priority_TA                         - Instance: 0x21DFA917800
Class: CameraStateSelector_Sequence_TA                         - Instance: 0x21DFA917400
Class: CameraStateSelector_RandomSequence_TA                   - Instance: 0x21DFA917000
Class: CameraTrackPoint_TA                                     - Instance: 0x21DFA916C00
Class: Cannon_TA                                               - Instance: 0x21DFA916800
Class: LocalPlayerAudioParamsComponent_TA                      - Instance: 0x21DFA916400
Class: TeamColorPreferences_TA                                 - Instance: 0x21DFA915C00
Class: ThrottleStateComponent_TA                               - Instance: 0x21DFA915000
Class: CarTrajectoryComponent_TA                               - Instance: 0x21DFA914800
Class: NameplateComponentCar_TA                                - Instance: 0x21DFA914400
Class: CarDemoActor_TA                                         - Instance: 0x21DFA8A3C00
Class: DemoExplosionHandler_TA                                 - Instance: 0x21DFA8A3800
Class: DemolishedCar_TA                                        - Instance: 0x21DFA8A3400
Class: Car_Freeplay_TA                                         - Instance: 0x21DFA8A2C00
Class: FXActor_Knockout_Attack_TA                              - Instance: 0x21DFA8A2800
Class: Stunlock_TA                                             - Instance: 0x21DFA8A2400
Class: Car_Season_TA                                           - Instance: 0x21DFA8A1C00
Class: ProfileControlsSave_TA                                  - Instance: 0x21DFA8A1800
Class: CarGrappleTracker_TA                                    - Instance: 0x21DFA8A1000
Class: CarJointSpinner_TA                                      - Instance: 0x21DFA8A0C00
Class: CarMeshComponentHelper                                  - Instance: 0x21DFA8A0800
Class: CarPreviewAnim_TA                                       - Instance: 0x21DFA8A0400
Class: ProductAttribute_SetPreviewObjectSpeedShaderParam_TA    - Instance: 0x21DFA807C00
Class: ProductAttribute_PreviewWheelSpin_TA                    - Instance: 0x21DFA807800
Class: EngineAudioPreviewRev_TA                                - Instance: 0x21DFA806C00
Class: RotateComponent_TA                                      - Instance: 0x21DFA806400
Class: PartyMemberLoadout_TA                                   - Instance: 0x21DFA806000
Class: CarThumbnailActor_TA                                    - Instance: 0x21DFA805C00
Class: ChallengeRequirement_TA                                 - Instance: 0x21DFA805800
Class: GFxData_Notification_TA                                 - Instance: 0x21DFA805400
Class: ChallengeNotification_TA                                - Instance: 0x21DFA805000
Class: ChallengeDefaultManager_TA                              - Instance: 0x21DFA804C00
Class: ChallengeAvailableNotification_TA                       - Instance: 0x21DFA804800
Class: GFxData_ChallengeAvaliableNotification_TA               - Instance: 0x21DFA804400
Class: ChallengeCompleteNotification_TA                        - Instance: 0x21DFA7CFC00
Class: GFxData_ChallengeCompleteNotification_TA                - Instance: 0x21DFA7CF800
Class: ChallengeConfig_TA                                      - Instance: 0x21DFA7CF400
Class: PsyNetService_ChallengeDefault_TA                       - Instance: 0x21DFA7CF000
Class: RPC_GetChallengeDefault_TA                              - Instance: 0x21DFA7CEC00
Class: GFxData_ItemDropGroup_TA                                - Instance: 0x21DFA7CE800
Class: ChallengeDropGroup_TA                                   - Instance: 0x21DFA7CE400
Class: GFxData_ChallengeDropGroup_TA                           - Instance: 0x21DFA7CE000
Class: ChallengeEvents_TA                                      - Instance: 0x21DFA7CDC00
Class: ChallengeFilter_TA                                      - Instance: 0x21DFA7CD800
Class: ChallengeFilter_Default_TA                              - Instance: 0x21DFA7CD400
Class: ChallengeFilter_Progress_TA                             - Instance: 0x21DFA7CD000
Class: PsyNetService_ChallengeProgress_TA                      - Instance: 0x21DFA7CCC00
Class: Tutorial_TA                                             - Instance: 0x21DFA7CC800
Class: RPC_GetChallengeProgress_TA                             - Instance: 0x21DFA7CC400
Class: RPC_Challenge_ClearNewInfo_TA                           - Instance: 0x21DFA7BB800
Class: RPC_Challenge_AvailableReceived_TA                      - Instance: 0x21DFA7BB400
Class: RPC_Challenge_CompleteReceived_TA                       - Instance: 0x21DFA7BB000
Class: GameEvent_Tutorial_Basic_TA                             - Instance: 0x21DFA7BA800
Class: GameEvent_Tutorial_Advanced_TA                          - Instance: 0x21DFA7BAC00
Class: RPC_Challenge_TutorialComplete_TA                       - Instance: 0x21DFA7BA400
Class: RPC_Challenge_TrainingComplete_TA                       - Instance: 0x21DFA7BA000
Class: ChampionshipTrophy_TA                                   - Instance: 0x21DFA7B9C00
Class: ScreenDisplayActor_TA                                   - Instance: 0x21DFA7B9800
Class: ChatConfig_TA                                           - Instance: 0x21DFA7B9400
Class: StoredChatData_TA                                       - Instance: 0x21DFA7B8C00
Class: CheatManagerBase_TA                                     - Instance: 0x21DFA7B8800
Class: CheatManager_TA                                         - Instance: 0x21DFA7B8400
Class: CheckoutErrors_TA                                       - Instance: 0x21DFA797C00
Class: GFxModal_Cinematic_TA                                   - Instance: 0x21DFA797800
Class: SeqEvent_CinematicIntroSeqFinished_TA                   - Instance: 0x21DFA797400
Class: GFxData_CinematicIntro_TA                               - Instance: 0x21DFA797000
Class: CinematicsCar_TA                                        - Instance: 0x21DFA796C00
Class: ClientJitterBuffer_STS_TA                               - Instance: 0x21DFA796800
Class: ClientStayAsPartyVoteBeginEvent_TA                      - Instance: 0x21DFA796400
Class: XPManager_TA                                            - Instance: 0x21DFA796000
Class: RewardDrop_TA                                           - Instance: 0x21DFA795800
Class: RewardDrop_XP_TA                                        - Instance: 0x21DFA795C00
Class: ClubDropGroup_TA                                        - Instance: 0x21DFA795400
Class: ClubBadgeDropGroup_TA                                   - Instance: 0x21DFA795000
Class: GFxData_ClubBadgeDropGroup_TA                           - Instance: 0x21DFA794C00
Class: GFxData_ClubInviteNotification_TA                       - Instance: 0x21DFA794800
Class: ClubNotificationsSync_TA                                - Instance: 0x21DFA794400
Class: PsyNetService_ClubsUpdate_TA                            - Instance: 0x21DFA777C00
Class: PsyNetService_ClubsOwnerChanged_TA                      - Instance: 0x21DFA777800
Class: PsyNetService_ClubsMemberRemoved_TA                     - Instance: 0x21DFA777400
Class: PsyNetService_ClubsMemberAdded_TA                       - Instance: 0x21DFA777000
Class: PsyNetService_ClubsMemberUpdate_TA                      - Instance: 0x21DFA776C00
Class: PsyNetService_ClubsRewardsReceived_TA                   - Instance: 0x21DFA776800
Class: ClubSave_TA                                             - Instance: 0x21DFA776400
Class: ClubTitleDropGroup_TA                                   - Instance: 0x21DFA776000
Class: GFxData_ClubTitleDropGroup_TA                           - Instance: 0x21DFA775C00
Class: CollisionTestTrack_TA                                   - Instance: 0x21DFA775800
Class: Constraint2D_TA                                         - Instance: 0x21DFA775400
Class: ContentSave_TA                                          - Instance: 0x21DFA775000
Class: ConvertPlatformFriendsEvent_TA                          - Instance: 0x21DFA774C00
Class: CountryConfig_TA                                        - Instance: 0x21DFA774800
Class: CreateAccountResponse                                   - Instance: 0x21DFA774400
Class: CrewDropGroup_TA                                        - Instance: 0x21DFA76BC00
Class: GFxData_CrewDropGroup_TA                                - Instance: 0x21DFA76B800
Class: CrossEntitlementManager_TA                              - Instance: 0x21DFA76B400
Class: RPC_GetCrossEntitlementProducts_TA                      - Instance: 0x21DFA76B000
Class: CrowdSoundManager_Knockout_TA                           - Instance: 0x21DFA76A800
Class: CrowdSoundSettings_Knockout_TA                          - Instance: 0x21DFA76A400
Class: CrowdSounds_Knockout_TA                                 - Instance: 0x21DFA76A000
Class: CrowdSoundManager_TA                                    - Instance: 0x21DFA769C00
Class: CrowdSoundSettings_TA                                   - Instance: 0x21DFA769800
Class: CrowdSounds_TA                                          - Instance: 0x21DFA769400
Class: CrumbTrailMetrics_TA                                    - Instance: 0x21DFA769000
Class: CrumbTrailRedefinition_TA                               - Instance: 0x21DFA768C00
Class: CrumbTrailSave_TA                                       - Instance: 0x21DFA768800
Class: StatusTrigger_Named_TA                                  - Instance: 0x21DFA717800
Class: StatusTrigger_MenuButton_TA                             - Instance: 0x21DFA717C00
Class: MenuTreeNodeCrumbTrail_TA                               - Instance: 0x21DFA717400
Class: CurrencyConverter_TA                                    - Instance: 0x21DFA717000
Class: DataProductCache_TA                                     - Instance: 0x21DFA716C00
Class: DebugHelpMenu_TA                                        - Instance: 0x21DFA716800
Class: DebugInput_TA                                           - Instance: 0x21DFA716400
Class: DecalBlockingActor_TA                                   - Instance: 0x21DFA716000
Class: DedicatedServerNetMetrics_TA                            - Instance: 0x21DFA715C00
Class: NetMetricPlayerDataExport_TA                            - Instance: 0x21DFA715800
Class: DisplayNameResponse                                     - Instance: 0x21DFA715400
Class: DynamicLogosConfig_TA                                   - Instance: 0x21DFA715000
Class: DynamicMapEventsConfig_TA                               - Instance: 0x21DFA714C00
Class: SeqEvent_DynamicMapEvents_TA                            - Instance: 0x21DFA714800
Class: DynamicMeshActor_TA                                     - Instance: 0x21DFA714400
Class: PlayerStart_TA                                          - Instance: 0x21DFA6F3C00
Class: DynamicPlayerStart_TA                                   - Instance: 0x21DFA6F3400
Class: DynamicSpawnPoint_TA                                    - Instance: 0x21DFA6F2C00
Class: GameEditor_Actor_TA                                     - Instance: 0x21DFA6F2800
Class: DynamicSpawnPointMesh_TA                                - Instance: 0x21DFA6F2400
Class: EmptyResponse                                           - Instance: 0x21DFA6F2000
Class: EndRoundComponent_HauntedBall_TA                        - Instance: 0x21DFA6F1C00
Class: EndRoundComponent_KnockOut_TA                           - Instance: 0x21DFA6F1800
Class: EndRoundComponent_Rugby_TA                              - Instance: 0x21DFA6F1400
Class: EndRoundComponent_TrainingEditor_TA                     - Instance: 0x21DFA6F1000
Class: EndRoundComponent_Tutorial_TA                           - Instance: 0x21DFA6F0C00
Class: EnforceMaxTeamSizeConfig_TA                             - Instance: 0x21DFA6F0800
Class: EngagementEventNotification_TA                          - Instance: 0x21DFA6F0400
Class: GFxData_EngagementEventNotification_TA                  - Instance: 0x21DFA6DFC00
Class: SystemSettingsManager_TA                                - Instance: 0x21DFA6DF800
Class: EnteredMainMenu_TA                                      - Instance: 0x21DFA6DF400
Class: EnvironmentZone_TA                                      - Instance: 0x21DFA6DF000
Class: EOSGameClipsConfig_TA                                   - Instance: 0x21DFA6DEC00
Class: EOSGameClipsController_TA                               - Instance: 0x21DFA6DE800
Class: EOSGameClipsManager_TA                                  - Instance: 0x21DFA6DE400
Class: EOSGameClipsSettingsSave_TA                             - Instance: 0x21DFA6DE000
Class: EOSShopPurchaseEvent_X                                  - Instance: 0x21DFA6DDC00
Class: EOSMtxPurchaseEvent_X                                   - Instance: 0x21DFA6DD800
Class: EOSOnlineStorageSync_TA                                 - Instance: 0x21DFA6DD400
Class: OnlineStorageConfig_TA                                  - Instance: 0x21DFA6DD000
Class: EOSOnlineStorageUploader_TA                             - Instance: 0x21DFA6DCC00
Class: SettingsSnapshotManager_TA                              - Instance: 0x21DFA6DC800
Class: EOSPermissions_TA                                       - Instance: 0x21DFA6ABC00
Class: K3SUserPermissions_TA                                   - Instance: 0x21DFA6AB800
Class: ProfileGameplaySave_TA                                  - Instance: 0x21DFA6AB400
Class: EOSUserPermissionsError_TA                              - Instance: 0x21DFA6AB000
Class: EOSUserPermissions_TA                                   - Instance: 0x21DFA6AAC00
Class: EOSVoiceConfig_TA                                       - Instance: 0x21DFA6AA800
Class: EOSVoiceErrors_TA                                       - Instance: 0x21DFA6AA400
Class: RPC_RequestPartyVoiceToken_TA                           - Instance: 0x21DFA6AA000
Class: PartyMessage_CurrentVoiceRoom_TA                        - Instance: 0x21DFA6A9400
Class: EOSVoiceMetrics_TA                                      - Instance: 0x21DFA6A9000
Class: RPC_RequestMatchVoiceTokens_TA                          - Instance: 0x21DFA6A8C00
Class: EpicFriendsConverterConfig_TA                           - Instance: 0x21DFA6A8800
Class: UISavedValues_TA                                        - Instance: 0x21CB977BC00
Class: EulaConfig_TA                                           - Instance: 0x21CB977B800
Class: EulaSave_TA                                             - Instance: 0x21CB977B400
Class: GFxData_Eula_TA                                         - Instance: 0x21CB977B000
Class: EventsPageConfig_TA                                     - Instance: 0x21CB977AC00
Class: ExclusiveInteraction_TA                                 - Instance: 0x21CB977A800
Class: ExhibitionMatchSettingsSave_TA                          - Instance: 0x21CB977A400
Class: ExplosionPreviewer_TA                                   - Instance: 0x21CB977A000
Class: SeqEvent_PreviewGoalExplosion_TA                        - Instance: 0x21CB9779C00
Class: PaintedFXSelector_TA                                    - Instance: 0x21CB9779800
Class: FaceIt_TA                                               - Instance: 0x21CB9779400
Class: FaceItConfig_TA                                         - Instance: 0x21CB9779000
Class: PsyNetService_FaceItMatchCancelled_TA                   - Instance: 0x21CB9778C00
Class: PsyNetService_FaceItMatchComplete_TA                    - Instance: 0x21CB9778800
Class: FaceItMatchNotification_TA                              - Instance: 0x21CB9778400
Class: RPC_FaceItFindMatchForPlayer_TA                         - Instance: 0x21CB9763C00
Class: FaceItFindServerTask_TA                                 - Instance: 0x21CB9763800
Class: RPC_FaceItPlayerFailedJoin_TA                           - Instance: 0x21CB9763000
Class: FaceItClientReservationMessage_X                        - Instance: 0x21CB9762C00
Class: GFxData_FaceItMatchNotification_TA                      - Instance: 0x21CB9762800
Class: FloppyBits_TA                                           - Instance: 0x21CB9762400
Class: FollowersChangedEvent_TA                                - Instance: 0x21CB9762000
Class: FreeplayCommandsConfig_TA                               - Instance: 0x21CB9761C00
Class: FreeplayCommandsMetrics_TA                              - Instance: 0x21CB9761800
Class: FreeplayCommandsStatics_TA                              - Instance: 0x21CB9761400
Class: FreeplayErrors_TA                                       - Instance: 0x21CB9761000
Class: Goal_Hoops_TA                                           - Instance: 0x21CB9760C00
Class: FreeplayConfig_TA                                       - Instance: 0x21CB9760800
Class: FreeplaySessionManager_TA                               - Instance: 0x21CB9760400
Class: FreeToPlayConfig_TA                                     - Instance: 0x21CB971BC00
Class: GFxData_FriendRequestNotification_TA                    - Instance: 0x21CB971B800
Class: FXActor_BallPossession_TA                               - Instance: 0x21CB971B400
Class: FXActor_BallResetWarn_TA                                - Instance: 0x21CB971AC00
Class: FXActor_Car_Knockout_TA                                 - Instance: 0x21CB971A400
Class: FXActor_KeepUp_TA                                       - Instance: 0x21CB971A000
Class: FXActor_TrainingEditor_TA                               - Instance: 0x21CB9719000
Class: FXExplosionHandler_TA                                   - Instance: 0x21CB9718C00
Class: FXTrait_PreviewParticle_TA                              - Instance: 0x21CB9718800
Class: TeamNameComponent_TA                                    - Instance: 0x21CB9718400
Class: SeqEvent_StadiumTeamColorsChanged_TA                    - Instance: 0x21CB96B3C00
Class: ProductAttribute_ProductLink_TA                         - Instance: 0x21CB96B3400
Class: ProductAttribute_Masterpiece_TA                         - Instance: 0x21CB96B3000
Class: ProductAttribute_Level_TA                               - Instance: 0x21CB96B2C00
Class: ProductAttribute_EquippableSlot_TA                      - Instance: 0x21CB96B2800
Class: ProductAttribute_Expiration_TA                          - Instance: 0x21CB96B2400
Class: ProductAttribute_Rental_TA                              - Instance: 0x21CB96B2000
Class: ProductAttribute_Indestructible_TA                      - Instance: 0x21CB96B1C00
Class: ProductAttribute_BlueprintCost_TA                       - Instance: 0x21CB96B1800
Class: ProductAttribute_NoNotify_TA                            - Instance: 0x21CB96B1400
Class: GameEditor_Pawn_TA                                      - Instance: 0x21CB96B1000
Class: GameEditor_Trigger_TA                                   - Instance: 0x21CB96B0C00
Class: GameEditor_Ring_TA                                      - Instance: 0x21CB96B0800
Class: GameEditor_Switch_TA                                    - Instance: 0x21CB96B0400
Class: __GameEvent_TA__UnbanPlayerId_0x1                       - Instance: 0x21CB967BC00
Class: __GameEvent_TA__UpdateBannedPlayers_0x1                 - Instance: 0x21CB967B800
Class: GameEvent_Football_TA                                   - Instance: 0x21CB967B000
Class: GameEvent_FTE_TA                                        - Instance: 0x21CB967AC00
Class: Save_TA                                                 - Instance: 0x21CB967A400
Class: SaveData_GameEditor_TA                                  - Instance: 0x21CB967A800
Class: IGetRoundNumber_TA                                      - Instance: 0x21CB967A000
Class: GameEvent_GodBall_TA                                    - Instance: 0x21CB9679C00
Class: StatFactory_KnockOut_TA                                 - Instance: 0x21CB9679400
Class: VehiclePickup_Item_TA                                   - Instance: 0x21CB9679000
Class: PlayerStart_Platform_TA                                 - Instance: 0x21CB9678C00
Class: GameEvent_Lobby_TA                                      - Instance: 0x21CB9678800
Class: GameEvent_PostGameLobby_TA                              - Instance: 0x21CB9678400
Class: SimilarSeasonLogos_TA                                   - Instance: 0x21CB961BC00
Class: GameEvent_Soccar_SubRules_Basketball_TA                 - Instance: 0x21CB961B800
Class: GameEvent_Soccar_SubRules_Items_TA                      - Instance: 0x21CB961B400
Class: PlayerItemDispenser_TA                                  - Instance: 0x21CB961B000
Class: GameEvent_Territory_TA                                  - Instance: 0x21CB961AC00
Class: GameEvent_Training_Goalie_TA                            - Instance: 0x21CB961A800
Class: GameEvent_Training_Aerial_TA                            - Instance: 0x21CB961A400
Class: GameEvent_Training_Striker_TA                           - Instance: 0x21CB961A000
Class: TutorialSave_TA                                         - Instance: 0x21CB9619C00
Class: UIStrings_TA                                            - Instance: 0x21CB9619800
Class: TrainingEditorMirror_TA                                 - Instance: 0x21CB9619400
Class: TrainingEditorManipulationConfig_TA                     - Instance: 0x21CB9619000
Class: TrainingEditorNavigationConfig_TA                       - Instance: 0x21CB9618C00
Class: SaveData_GameEditor_Training_TA                         - Instance: 0x21CB9618800
Class: TrainingEditorMetrics_TA                                - Instance: 0x21CB9618400
Class: TrainingEditorData_TA                                   - Instance: 0x21CB95AFC00
Class: CustomTrainingSave_TA                                   - Instance: 0x21CB95AF800
Class: TrainingPackProgress_TA                                 - Instance: 0x21CB95AF400
Class: TrainingProgressSave_TA                                 - Instance: 0x21CB95AF000
Class: __GameEvent_TrainingEditor_TA__OnBallSpawned_0x1        - Instance: 0x21CB95AE400
Class: IStartRound_TA                                          - Instance: 0x21CB95AE800
Class: IGetShotAttempt_TA                                      - Instance: 0x21CB95AE000
Class: ProductAssetCache_TA                                    - Instance: 0x21CB95ADC00
Class: MapSelector_TA                                          - Instance: 0x21CB95AD800
Class: GameInfo_Cinematic_TA                                   - Instance: 0x21CB95AD400
Class: PlayerController_Cinematic_TA                           - Instance: 0x21CB95AD000
Class: GameInfo_CollisionTest_TA                               - Instance: 0x21CB95ACC00
Class: GameInfo_Entry_TA                                       - Instance: 0x21CB95AC800
Class: LoadingScreen_TA                                        - Instance: 0x21CB95AC400
Class: GameInfo_Football_TA                                    - Instance: 0x21CB9563C00
Class: GameInfo_FTE_TA                                         - Instance: 0x21CB9563800
Class: GameInfo_GameEditor_TA                                  - Instance: 0x21CB9563400
Class: MusicStingersPreviewer_TA                               - Instance: 0x21CB9563000
Class: PostMatchCelebrationPreviewer_TA                        - Instance: 0x21CB9562C00
Class: RocketPassPreviewSet_TA                                 - Instance: 0x21CB9562800
Class: GFxData_MenuSequence_TA                                 - Instance: 0x21CB9562400
Class: GameInfo_GodBall_TA                                     - Instance: 0x21CB9562000
Class: GameInfo_HeatseekerTerritory_TA                         - Instance: 0x21CB9561C00
Class: GameInfo_Hockey_TA                                      - Instance: 0x21CB9561800
Class: GameInfo_Hops_TA                                        - Instance: 0x21CB9561400
Class: GameInfo_Items_TA                                       - Instance: 0x21CB9561000
Class: GameInfo_KeepUp_TA                                      - Instance: 0x21CB9560C00
Class: GameInfo_KnockOut_TA                                    - Instance: 0x21CB9560800
Class: GameInfo_LTM_AprilFool_TA                               - Instance: 0x21CB9560400
Class: GameInfo_LTM_BeachBall_TA                               - Instance: 0x21CB954BC00
Class: GameInfo_LTM_BoomerBall_TA                              - Instance: 0x21CB954B800
Class: GameInfo_LTM_Demolition_TA                              - Instance: 0x21CB954B400
Class: GameInfo_LTM_DropshotRumble_TA                          - Instance: 0x21CB954B000
Class: GameInfo_LTM_Eggstra_TA                                 - Instance: 0x21CB954AC00
Class: GameInfo_LTM_GForce_TA                                  - Instance: 0x21CB954A800
Class: GameInfo_LTM_Moonball_TA                                - Instance: 0x21CB954A400
Class: GameInfo_LTM_Pinball_TA                                 - Instance: 0x21CB954A000
Class: GameInfo_LTM_SpeedDemon_TA                              - Instance: 0x21CB9549C00
Class: GameInfo_LTM_SpikeRush_TA                               - Instance: 0x21CB9549800
Class: GameInfo_LTM_SuperCube_TA                               - Instance: 0x21CB9549400
Class: GameInfo_MagnusFutball_TA                               - Instance: 0x21CB9549000
Class: GameInfo_PerfTest_TA                                    - Instance: 0x21CB9548C00
Class: GameInfo_Possession_TA                                  - Instance: 0x21CB9548800
Class: PostProcessManager_TA                                   - Instance: 0x21CB9548400
Class: GameInfo_Season_TA                                      - Instance: 0x21CB953BC00
Class: GameInfo_SnowDayTerritory_TA                            - Instance: 0x21CB953B800
Class: GameInfo_SpikeDrop_TA                                   - Instance: 0x21CB953B400
Class: GameInfo_Territory_TA                                   - Instance: 0x21CB953B000
Class: GameInfo_TrainingEditor_TA                              - Instance: 0x21CB953AC00
Class: GameInfo_Transition_TA                                  - Instance: 0x21CB953A800
Class: GameInfo_Tutorial_TA                                    - Instance: 0x21CB953A400
Class: SeqEvent_TutorialHelper_TA                              - Instance: 0x21CB953A000
Class: GameModesConfig_TA                                      - Instance: 0x21CB9539C00
Class: GameMusicComponent_TA                                   - Instance: 0x21CB9539800
Class: GameSettingCategory_TA                                  - Instance: 0x21CB9539400
Class: TourServerInfo_TA                                       - Instance: 0x21CB9539000
Class: PlaylistSettings_TA                                     - Instance: 0x21CB9538C00
Class: OverlayInteractionEGS_TA                                - Instance: 0x21CB9538800
Class: GarageArchiveSlot_TA                                    - Instance: 0x21CB9538400
Class: ProductAttribute_Archived_TA                            - Instance: 0x21CB9503800
Class: GarageFavoritedSlot_TA                                  - Instance: 0x21CB9503400
Class: GFxData_BlueprintGarage_TA                              - Instance: 0x21CB9503000
Class: GarageSlotDropGroup_TA                                  - Instance: 0x21CB9502C00
Class: GFxData_GarageSlotDropGroup_TA                          - Instance: 0x21CB9502800
Class: GFxData_GenericNotification_TA                          - Instance: 0x21CB9502400
Class: GetUploadUrlsMatch_TA                                   - Instance: 0x21CB9502000
Class: GetUploadUrlsPlayer_TA                                  - Instance: 0x21CB9501C00
Class: GFxData_AdHoc_TA                                        - Instance: 0x21CB9501800
Class: GFxData_AutoTour_CompletedResults_TA                    - Instance: 0x21CB9501400
Class: RPC_AutoTour_GetCompletedResult_TA                      - Instance: 0x21CB9501000
Class: PsyNetService_AutoTourCompletedResultReceived_TA        - Instance: 0x21CB9500C00
Class: GFxData_AutoTour_TA                                     - Instance: 0x21CB9500800
Class: GFxData_AutoTour_Week_TA                                - Instance: 0x21CB9500400
Class: PsyNetService_AutoTourReceiveBan_TA                     - Instance: 0x21CB94D7C00
Class: PsyNetService_AutoTourReceiveBannedPartyMembers_TA      - Instance: 0x21CB94D7800
Class: PsyNetService_AutoTourNotFound_TA                       - Instance: 0x21CB94D7400
Class: GFxData_Matchmaking_TA                                  - Instance: 0x21CB94D7000
Class: GFxModal_CurrencyMessage_TA                             - Instance: 0x21CB94D6C00
Class: TourCheckInWindowWatcher_TA                             - Instance: 0x21CB94D6800
Class: GFxData_BanManager_TA                                   - Instance: 0x21CB94D6400
Class: GFxData_BanMessage_TA                                   - Instance: 0x21CB94D6000
Class: GFxData_BlogTile_TA                                     - Instance: 0x21CB94D5C00
Class: GFxData_MainMenu_TA                                     - Instance: 0x21CB94D5800
Class: RPC_RevealBlueprint_TA                                  - Instance: 0x21CB94D5400
Class: RPC_BuildBlueprint_TA                                   - Instance: 0x21CB94D5000
Class: GFxData_CarColors_TA                                    - Instance: 0x21CB94D4C00
Class: GFxData_CarKnockOut_TA                                  - Instance: 0x21CB94D4800
Class: GFxHUD_Spectator_TA                                     - Instance: 0x21CB94D4400
Class: GFxData_ChallengeObject_TA                              - Instance: 0x21CB94BBC00
Class: GFxData_ChallengeBase_TA                                - Instance: 0x21CB94BB800
Class: GFxData_ChallengeCurrency_TA                            - Instance: 0x21CB94BB400
Class: GFxData_ChallengeRequirement_TA                         - Instance: 0x21CB94BB000
Class: GFxData_ChallengeReward_TA                              - Instance: 0x21CB94BAC00
Class: RPC_Challenge_RequestReward_TA                          - Instance: 0x21CB94BA400
Class: GFxData_Challenge_TA                                    - Instance: 0x21CB94BA000
Class: GFxData_ChallengeBucket_TA                              - Instance: 0x21CB94B9C00
Class: GFxData_ChallengeConfig_TA                              - Instance: 0x21CB94B9800
Class: GFxData_ChallengePage_TA                                - Instance: 0x21CB94B9400
Class: SpecialEventConfig_TA                                   - Instance: 0x21CB94B9000
Class: SpecialEvent_TA                                         - Instance: 0x21CB94B8C00
Class: GFxData_ChallengeTab_TA                                 - Instance: 0x21CB94B8800
Class: ProfileQuickChatSave_TA                                 - Instance: 0x21CB94B8400
Class: GFxData_TeamInfo_TA                                     - Instance: 0x21CB9487800
Class: SeqAct_CinematicIntroStartNextSeq_TA                    - Instance: 0x21CB9487400
Class: GFxData_ClientPerformanceStats_TA                       - Instance: 0x21CB9487000
Class: PsyNetService_ClubsInvite_TA                            - Instance: 0x21CB9486800
Class: GFxModal_Error_TA                                       - Instance: 0x21CB9486400
Class: GFxData_ClubsConfig_TA                                  - Instance: 0x21CB9486000
Class: GFxData_ClubServerBrowser_TA                            - Instance: 0x21CB9485C00
Class: GFxData_ServerBrowser_TA                                - Instance: 0x21CB9485800
Class: RPC_NewsSendInteractionEvents_TA                        - Instance: 0x21CB9485400
Class: RPC_CommunityNews_TA                                    - Instance: 0x21CB9485000
Class: RocketPassConfig_TA                                     - Instance: 0x21CB9484C00
Class: GFxData_ConnectionStats_TA                              - Instance: 0x21CB9484800
Class: RPC_MicroTransactions_GetContainerDropTable_TA          - Instance: 0x21CB9484400
Class: ProfilePCSave_TA                                        - Instance: 0x21CB942BC00
Class: GFxData_Credits_TA                                      - Instance: 0x21CB942B000
Class: GFxData_CrumbTrails_TA                                  - Instance: 0x21CB942AC00
Class: GFxData_CustomTeams_TA                                  - Instance: 0x21CB942A800
Class: GFxData_DateTime_TA                                     - Instance: 0x21CB942A400
Class: ShowroomMetrics_TA                                      - Instance: 0x21CB942A000
Class: GFxData_DynamicLogos_TA                                 - Instance: 0x21CB9429C00
Class: PlayerInputSequence_TA                                  - Instance: 0x21CB9429800
Class: GFxData_EngagementEventsConfig_TA                       - Instance: 0x21CB9429400
Class: GFxData_EOSGameClipsConfig_TA                           - Instance: 0x21CB9429000
Class: GFxData_EOSGameClipsController_TA                       - Instance: 0x21CB9428C00
Class: GFxData_EOSGameClipsLocalPlayer_TA                      - Instance: 0x21CB9428800
Class: GFxData_EOSGameClipsMaskArea_TA                         - Instance: 0x21CB9428400
Class: GFxData_EOSVoiceUser_TA                                 - Instance: 0x21CBA3BB800
Class: GFxData_FirstTimeExperience_TA                          - Instance: 0x21CBA3BB400
Class: GFxData_ESportConfig_TA                                 - Instance: 0x21CBA3BB000
Class: GFxData_EventsPageBrowser_TA                            - Instance: 0x21CBA3BAC00
Class: PsyNetService_FaceItSearchStarted_TA                    - Instance: 0x21CBA3BA800
Class: GFxData_Features_TA                                     - Instance: 0x21CBA3BA400
Class: TravelManager_TA                                        - Instance: 0x21CBA3B9800
Class: GFxData_Freeplay_TA                                     - Instance: 0x21CBA3B9C00
Class: GFxData_FreeToPlayRewards_TA                            - Instance: 0x21CBA3B9400
Class: PersonaSave_TA                                          - Instance: 0x21CBA3B9000
Class: OtherPlayerProfile_TA                                   - Instance: 0x21CBA3B8C00
Class: GFxData_PlayerBanner_TA                                 - Instance: 0x21CBA3B8800
Class: GFxData_PlayerAvatarBorder_TA                           - Instance: 0x21CBA3B8400
Class: GFxData_FriendsHiddenManager_TA                         - Instance: 0x21CBA36FC00
Class: GFxData_PersonaGroup_TA                                 - Instance: 0x21CBA36F400
Class: RPC_ReportPlayer_TA                                     - Instance: 0x21CBA36F000
Class: GFxData_GameEvent_TA                                    - Instance: 0x21CBA36EC00
Class: GFxData_ProductSlot_TA                                  - Instance: 0x21CBA36E400
Class: GFxData_GarageProductSlot_TA                            - Instance: 0x21CBA36E800
Class: ICustomizableSlot                                       - Instance: 0x21CBA36E000
Class: GFxData_IntroCarSelect_TA                               - Instance: 0x21CBA36D800
Class: IntroCarTemplates_TA                                    - Instance: 0x21CBA36D400
Class: SeqEvent_CarSelectStart_TA                              - Instance: 0x21CBA36D000
Class: GFxData_ItemShopNotification_TA                         - Instance: 0x21CBA36CC00
Class: GFxData_ItemShopNotificationsConfig_TA                  - Instance: 0x21CBA36C800
Class: GFxData_KismetOverlay_TA                                - Instance: 0x21CBA36C400
Class: GFxData_LanBrowser_TA                                   - Instance: 0x21CBA30FC00
Class: GFxData_LanServer_TA                                    - Instance: 0x21CBA30F800
Class: GFxData_LanMatch_TA                                     - Instance: 0x21CBA30F400
Class: LanServerMetaData_TA                                    - Instance: 0x21CBA30F000
Class: GFxData_LastChanceBan_TA                                - Instance: 0x21CBA30EC00
Class: LeaderboardsConfig_TA                                   - Instance: 0x21CBA30E800
Class: GFxData_LegacyStatus_TA                                 - Instance: 0x21CBA30E400
Class: RPC_GetLegacyStatus_TA                                  - Instance: 0x21CBA30E000
Class: GFxData_LegalText_TA                                    - Instance: 0x21CBA30DC00
Class: PrivacyPolicy_TA                                        - Instance: 0x21CBA30D800
Class: GFxData_LoadoutSets_TA                                  - Instance: 0x21CBA30D400
Class: LoadoutSequencer_TA                                     - Instance: 0x21CBA30D000
Class: GFxData_LocalCar_TA                                     - Instance: 0x21CBA30CC00
Class: GFxData_PlayerVanity_TA                                 - Instance: 0x21CBA30C800
Class: SkillDecayedEvent_TA                                    - Instance: 0x21CBA2CF800
Class: MainMenuMetrics_TA                                      - Instance: 0x21CBA2CF400
Class: GFxData_Map_TA                                          - Instance: 0x21CBA2CF000
Class: GFxData_MapPrefs_TA                                     - Instance: 0x21CBA2CE800
Class: GFxData_MapSelection_TA                                 - Instance: 0x21CBA2CE400
Class: GFxData_MatchAdmin_TA                                   - Instance: 0x21CBA2CE000
Class: MatchHistoryItem_TA                                     - Instance: 0x21CBA2CDC00
Class: GFxData_MatchHistoryPlayer_TA                           - Instance: 0x21CBA2CD400
Class: MatchHistoryConfig_TA                                   - Instance: 0x21CBA2CD000
Class: RPC_GetMatchHistory_TA                                  - Instance: 0x21CBA2CCC00
Class: MatchHistoryMetrics_TA                                  - Instance: 0x21CBA2CC800
Class: GFxData_OnlineMatchStatus_TA                            - Instance: 0x21CBA2CC400
Class: GFxData_Regions_TA                                      - Instance: 0x21CBA2ABC00
Class: MatchmakingViewFilters_TA                               - Instance: 0x21CBA2AB800
Class: MatchmakingSettingsSave_TA                              - Instance: 0x21CBA2AB400
Class: GFxData_Playlist_TA                                     - Instance: 0x21CBA2AB000
Class: ViewingMatchmaking_TA                                   - Instance: 0x21CBA2AAC00
Class: MenuTreeConfig_TA                                       - Instance: 0x21CBA2AA800
Class: GFxData_MenuTreeNode_TA                                 - Instance: 0x21CBA2AA400
Class: MenuTreeNode_GenericFolder_TA                           - Instance: 0x21CBA2A9800
Class: MenuTreeNode_PlaylistFolder_TA                          - Instance: 0x21CBA2A9C00
Class: GFxData_SaveData_TA                                     - Instance: 0x21CBA2A9400
Class: MenuTreeNodeEnabledChecker_TA                           - Instance: 0x21CBA2A9000
Class: GFxData_MenuTreeNode_Custom_TA                          - Instance: 0x21CBA2A8C00
Class: MenuTreeNode_Custom_TA                                  - Instance: 0x21CBA2A8800
Class: GFxData_MenuTreeNode_ExternalScreen_TA                  - Instance: 0x21CBA2A8400
Class: MenuTreeNode_ExternalScreen_TA                          - Instance: 0x21CBA27FC00
Class: GFxData_MenuTreeNode_GenericFolder_TA                   - Instance: 0x21CBA27F800
Class: GFxData_MenuTreeNode_Playlist_TA                        - Instance: 0x21CBA27F400
Class: GFxData_MenuTreeNode_PlaylistFolder_TA                  - Instance: 0x21CBA27F000
Class: GFxData_MenuTreeNode_PrivateMatchJoin_TA                - Instance: 0x21CBA27EC00
Class: MenuTreeNode_PrivateMatchJoin_TA                        - Instance: 0x21CBA27E800
Class: GFxData_MenuTreeNode_Tournaments_TA                     - Instance: 0x21CBA27E400
Class: MenuTreeNode_Tournaments_TA                             - Instance: 0x21CBA27E000
Class: GFxData_MicroEvent_TA                                   - Instance: 0x21CBA27DC00
Class: MicroEvent_TA                                           - Instance: 0x21CBA27D800
Class: MicroEventConfig_TA                                     - Instance: 0x21CBA27D400
Class: GFxData_MiniScoreboard_TA                               - Instance: 0x21CBA27D000
Class: RPC_MicroTransactions_GetCatalog_TA                     - Instance: 0x21CBA27CC00
Class: SonyPricingInfoConfig_TA                                - Instance: 0x21CBA27C800
Class: ProductsConfig_TA                                       - Instance: 0x21CBA27C400
Class: RPC_MicroTransactions_UnlockContainer_TA                - Instance: 0x21CBA25FC00
Class: MTXPricingTableValidation_TA                            - Instance: 0x21CBA25F800
Class: RPC_MicroTransactions_StartPurchase_TA                  - Instance: 0x21CBA25F400
Class: RPC_MicroTransactions_FinalizePurchase_TA               - Instance: 0x21CBA25EC00
Class: SeqEvent_MTXGarageBlueprintPreview_TA                   - Instance: 0x21CBA25E800
Class: MultiItemDropConfig_TA                                  - Instance: 0x21CBA25E000
Class: RewardDropGroup_TA                                      - Instance: 0x21CBA25DC00
Class: GFxData_PlayerTitles_TA                                 - Instance: 0x21CBA25D800
Class: MusicTheme_TA                                           - Instance: 0x21CBA25D400
Class: MusicTracklistBuildStep_RemoveTrack_TA                  - Instance: 0x21CBA25D000
Class: IMusicTracklist_TA                                      - Instance: 0x21CBA25CC00
Class: MusicUrlConfig_TA                                       - Instance: 0x21CBA25C800
Class: MusicTracklistBuildStep_ShuffleTracks_TA                - Instance: 0x21CBA25C400
Class: MusicTracklistBuildStep_RemoveStreamerUnsafeTracks_TA   - Instance: 0x21CBA223C00
Class: MusicThemeConfig_TA                                     - Instance: 0x21CBA223800
Class: MusicTracklistBuildStep_CreateDefault_TA                - Instance: 0x21CBA223400
Class: MusicMetrics_TA                                         - Instance: 0x21CBA223000
Class: GFxData_MusicStingers_TA                                - Instance: 0x21CBA222C00
Class: MutatorGameSettingPreset_TA                             - Instance: 0x21CBA222800
Class: GFxData_Notification_AchievementProgress_TA             - Instance: 0x21CBA221800
Class: Notification_AchievementProgress_TA                     - Instance: 0x21CBA221400
Class: GFxData_Notification_AchievementUnlocked_TA             - Instance: 0x21CBA221000
Class: Notification_AchievementUnlocked_TA                     - Instance: 0x21CBA220C00
Class: GFxData_Notification_AntiAddiction_TA                   - Instance: 0x21CBA220800
Class: GFxData_OnlineFreeplay_TA                               - Instance: 0x21CBA1D7C00
Class: GFxData_Persona_TA                                      - Instance: 0x21CBA1D7800
Class: GFxData_PartyInviteNotification_TA                      - Instance: 0x21CBA1D7400
Class: PartyJoinRequestNotification_TA                         - Instance: 0x21CBA1D7000
Class: GFxData_PartyJoinRequestNotification_TA                 - Instance: 0x21CBA1D6C00
Class: GFxData_PartyMemberProfile_TA                           - Instance: 0x21CBA1D6800
Class: GFxData_PlatformAuth_TA                                 - Instance: 0x21CBA1D6400
Class: RPC_PlatformAuth_TA                                     - Instance: 0x21CBA1D6000
Class: GFxData_PlayerAvatar_TA                                 - Instance: 0x21CBA1D5C00
Class: GFxData_PlayerRecord_TA                                 - Instance: 0x21CBA1D5400
Class: GFxData_PlayerReport_TA                                 - Instance: 0x21CBA1D5000
Class: PlayerReportConfig_TA                                   - Instance: 0x21CBA1D4C00
Class: OnlineGamePlayerTitles_TA                               - Instance: 0x21CBA1D4800
Class: GFxData_PreMatchLobby_TA                                - Instance: 0x21CBA1D4400
Class: GFxData_PremiumGarage_TA                                - Instance: 0x21CBA16FC00
Class: GFxData_SpectatorStat_TA                                - Instance: 0x21CBA16F800
Class: GFxData_ScoreboardStat_TA                               - Instance: 0x21CBA16F400
Class: GFxData_SpectatorStatNames_TA                           - Instance: 0x21CBA16F000
Class: GFxData_PrivacyPolicy_TA                                - Instance: 0x21CBA16E800
Class: GFxData_Privileges_TA                                   - Instance: 0x21CBA16E400
Class: GFxData_ProductAttribute_Anthem_TA                      - Instance: 0x21CBA16E000
Class: GFxData_ProductAttribute_Blueprint_TA                   - Instance: 0x21CBA16DC00
Class: GFxData_ProductAttribute_Certified_TA                   - Instance: 0x21CBA16D800
Class: GFxData_ProductAttribute_Container_TA                   - Instance: 0x21CBA16D400
Class: GFxData_ProductAttribute_ContainerKey_TA                - Instance: 0x21CBA16D000
Class: GFxData_ProductAttribute_CreatorDetails_TA              - Instance: 0x21CBA16CC00
Class: ProductAttribute_CreatorDetails_TA                      - Instance: 0x21CBA16C800
Class: GFxData_ProductAttribute_Currency_TA                    - Instance: 0x21CBA16C400
Class: GFxData_ProductAttribute_Expiration_TA                  - Instance: 0x21CBA15BC00
Class: GFxData_ProductAttribute_Indestructible_TA              - Instance: 0x21CBA15B800
Class: GFxData_ProductAttribute_Level_TA                       - Instance: 0x21CBA15B400
Class: ProductAttribute_LevelSettings_TA                       - Instance: 0x21CBA15B000
Class: GFxData_ProductAttribute_Painted_TA                     - Instance: 0x21CBA15AC00
Class: GFxData_ProductAttribute_PostMatchCelebration_TA        - Instance: 0x21CBA15A800
Class: GFxData_ProductAttribute_ProductLink_TA                 - Instance: 0x21CBA15A400
Class: GFxData_ProductAttribute_Reactive_TA                    - Instance: 0x21CBA15A000
Class: GFxData_ProductAttribute_Rental_TA                      - Instance: 0x21CBA159C00
Class: GFxData_ProductAttribute_Schematic_TA                   - Instance: 0x21CBA159800
Class: GFxData_ProductAttribute_ShopItem_TA                    - Instance: 0x21CBA159400
Class: ProductAsset_ShopItem_TA                                - Instance: 0x21CBA159000
Class: ProductAttribute_ShopItem_TA                            - Instance: 0x21CBA158C00
Class: GFxData_ProductAttribute_SpecialEdition_TA              - Instance: 0x21CBA158800
Class: GFxData_ProductAttribute_TeamEdition_TA                 - Instance: 0x21CBA158400
Class: ProductAsset_ESportsTeam_TA                             - Instance: 0x21CBA14FC00
Class: GFxData_ProductAttribute_Tiered_TA                      - Instance: 0x21CBA14F800
Class: GFxData_ProductAttribute_Title_TA                       - Instance: 0x21CBA14F400
Class: GFxData_ProductExpirationNotification_TA                - Instance: 0x21CBA14F000
Class: ProductAttribute_SpecialEditionLabel_TA                 - Instance: 0x21CBA14EC00
Class: GFxData_ProductLevelUpgrade_TA                          - Instance: 0x21CBA14E800
Class: GFxData_ProductsSave_TA                                 - Instance: 0x21CBA14E400
Class: RPC_ProductsTradeIn_TA                                  - Instance: 0x21CBA14E000
Class: GFxData_QuickChatBindings_TA                            - Instance: 0x21CBA14DC00
Class: GFxData_RedeemCodes_TA                                  - Instance: 0x21CBA14D800
Class: GFxData_RegionRestrictions_TA                           - Instance: 0x21CBA14D400
Class: GFxData_Replay_TA                                       - Instance: 0x21CBA14D000
Class: MatchHistoryErrors_TA                                   - Instance: 0x21CBA14CC00
Class: GFxData_ReplayViewer_TA                                 - Instance: 0x21CBA0E3C00
Class: GFxData_Restrictions_TA                                 - Instance: 0x21CBA0E3400
Class: UIUtil_TA                                               - Instance: 0x21CBA0E3000
Class: GFxModal_Info_TA                                        - Instance: 0x21CBA0E2C00
Class: GFxData_RewardDrop_TA                                   - Instance: 0x21CBA0E2800
Class: GFxData_RewardDrop_XP_TA                                - Instance: 0x21CBA0E2400
Class: GFxData_RewardDropGroup_TA                              - Instance: 0x21CBA0E2000
Class: GFxData_RewardDrops_TA                                  - Instance: 0x21CBA0E1C00
Class: RocketPassMetrics_TA                                    - Instance: 0x21CBA0E1800
Class: GFxData_RocketPassBundleContainer_TA                    - Instance: 0x21CBA0E1400
Class: RocketPassBundleContainer_TA                            - Instance: 0x21CBA0E1000
Class: GFxData_RocketPassNotification_TA                       - Instance: 0x21CBA0E0C00
Class: GFxData_SchematicTradeIn_TA                             - Instance: 0x21CBA0E0800
Class: RPC_SchematicsTradeIn_TA                                - Instance: 0x21CBA0E0400
Class: GFxData_Scoreboard_TA                                   - Instance: 0x21CBA0AFC00
Class: GFxData_Season_TA                                       - Instance: 0x21CBA0AF800
Class: ProductAttribute_Trademark_TA                           - Instance: 0x21CBA0AF400
Class: ProductAttribute_DisplayLabelSlot_TA                    - Instance: 0x21CBA0AF000
Class: ProductAttribute_CannotBeArchived_TA                    - Instance: 0x21CBA0AEC00
Class: GFxData_SeasonMode_TA                                   - Instance: 0x21CBA0AE800
Class: GFxData_SeasonReward_TA                                 - Instance: 0x21CBA0AE400
Class: ServerBrowserSettingsSave_TA                            - Instance: 0x21CBA0AE000
Class: GFxData_ServerPerformanceStats_TA                       - Instance: 0x21CBA0ADC00
Class: UserSettingObserver_TA                                  - Instance: 0x21CBA0AD800
Class: UserSettingMetrics_TA                                   - Instance: 0x21CBA0AD400
Class: VideoSettingsSave_TA                                    - Instance: 0x21CBA0AD000
Class: SoundSettingsControllerSave_TA                          - Instance: 0x21CBA0ACC00
Class: SettingsMenuConfig_TA                                   - Instance: 0x21CBA0AC800
Class: VideoSettingsSavePC_TA                                  - Instance: 0x21CBA0AC400
Class: VideoSettingsSaveConsole_TA                             - Instance: 0x21CBA073C00
Class: SeqEvent_WeatherToggled_TA                              - Instance: 0x21CBA073800
Class: TargetFindConfig_TA                                     - Instance: 0x21CBA073400
Class: SeqEvent_UserSettingChanged_TA                          - Instance: 0x21CBA073000
Class: GFxData_ShopAds_TA                                      - Instance: 0x21CBA072800
Class: ShopAutoLoadHelper_TA                                   - Instance: 0x21CBA072400
Class: ShopItemExpirationHelper_TA                             - Instance: 0x21CBA072000
Class: LoadedMtxCatalog_TA                                     - Instance: 0x21CBA071C00
Class: ShopTabs_TA                                             - Instance: 0x21CBA071800
Class: ShopTabsConfig_TA                                       - Instance: 0x21CBA071400
Class: ShopErrors_TA                                           - Instance: 0x21CBA071000
Class: GFxData_SplitscreenMatch_TA                             - Instance: 0x21CBA070C00
Class: GFxData_SupportACreator_TA                              - Instance: 0x21CBA070800
Class: RPC_SupportACreator_Get_TA                              - Instance: 0x21CBA070400
Class: RPC_SupportACreator_Clear_TA                            - Instance: 0x21CB9F9FC00
Class: RPC_SupportACreator_Set_TA                              - Instance: 0x21CB9F9F800
Class: SupportACreatorErrors_TA                                - Instance: 0x21CB9F9EC00
Class: RPC_ReportTextChatChannel_TA                            - Instance: 0x21CB9F9F000
Class: GFxData_TextChatUser_TA                                 - Instance: 0x21CB9F9E400
Class: GFxData_ThankYouMessageManager_TA                       - Instance: 0x21CB9F9E000
Class: ThankYouMessageConfig_TA                                - Instance: 0x21CB9F9DC00
Class: TourBracketSync_TA                                      - Instance: 0x21CB9F9D800
Class: GFxData_TourBracketGame_TA                              - Instance: 0x21CB9F9D400
Class: GFxData_TourBracketLeaderboard_TA                       - Instance: 0x21CB9F9D000
Class: TournamentSettingsSave_TA                               - Instance: 0x21CB9F9CC00
Class: TourCredentials_TA                                      - Instance: 0x21CB9F9C800
Class: GFxData_TourCheckInError_TA                             - Instance: 0x21CB9F9C400
Class: GFxData_TourConfig_TA                                   - Instance: 0x21CB9F7BC00
Class: GFxData_TourDependentGame_TA                            - Instance: 0x21CB9F7B800
Class: GFxData_TourDependentTeam_TA                            - Instance: 0x21CB9F7B400
Class: GFxData_TourDetails_TA                                  - Instance: 0x21CB9F7B000
Class: TourDetailsSync_TA                                      - Instance: 0x21CB9F7AC00
Class: TourRewards_TA                                          - Instance: 0x21CB9F7A800
Class: GFxData_TourMatchmaking_TA                              - Instance: 0x21CB9F7A400
Class: GFxData_TourSearchResult_TA                             - Instance: 0x21CB9F7A000
Class: RPC_TourGetPublic_TA                                    - Instance: 0x21CB9F79C00
Class: GFxData_TourSpectate_TA                                 - Instance: 0x21CB9F79800
Class: TourMatchServerBrowser_TA                               - Instance: 0x21CB9F79400
Class: GFxData_TourStatus_TA                                   - Instance: 0x21CB9F79000
Class: RPC_TourCancelCreated_TA                                - Instance: 0x21CB9F78C00
Class: TrainingConfig_TA                                       - Instance: 0x21CB9F78800
Class: TrainingProgressTracker_TA                              - Instance: 0x21CB9F78400
Class: GFxData_TrainingMode_TA                                 - Instance: 0x21CB9F43800
Class: GFxData_TrainingModeBrowser_TA                          - Instance: 0x21CB9F43400
Class: RPC_TrainingEditor_AddTrainingData_TA                   - Instance: 0x21CB9F43000
Class: RPC_TrainingEditor_UpdateTrainingData_TA                - Instance: 0x21CB9F42C00
Class: RPC_TrainingEditor_GetTrainingData_TA                   - Instance: 0x21CB9F42800
Class: GFxData_TrainingModeConstants_TA                        - Instance: 0x21CB9F42400
Class: RPC_TrainingEditor_DeleteTrainingData_TA                - Instance: 0x21CB9F42000
Class: RPC_TrainingEditor_ListPlayerTrainingDataTimestamp_TA   - Instance: 0x21CB9F41400
Class: RPC_TrainingEditor_ListPlayerTrainingData_TA            - Instance: 0x21CB9F41000
Class: RPC_TrainingEditor_BrowseTrainingData_TA                - Instance: 0x21CB9F40C00
Class: RPC_TrainingEditor_GetTrainingMetadata_TA               - Instance: 0x21CB9F40800
Class: GFxData_TrainingModeEditor_TA                           - Instance: 0x21CB9F40400
Class: GFxData_UIConfig_TA                                     - Instance: 0x21CB9F03C00
Class: GFxData_UserBugReport_TA                                - Instance: 0x21CB9F03800
Class: UserBugReportUploader_TA                                - Instance: 0x21CB9F03400
Class: UserBugReportSubmissionData_TA                          - Instance: 0x21CB9F03000
Class: GFxData_ViewMetrics_TA                                  - Instance: 0x21CB9F02C00
Class: ViewMetricsConfig_TA                                    - Instance: 0x21CB9F02800
Class: ViewMetrics_TA                                          - Instance: 0x21CB9F02400
Class: GFxData_Vote_TA                                         - Instance: 0x21CB9F02000
Class: GFxData_WebBrowser_TA                                   - Instance: 0x21CB9F01C00
Class: GFxData_Workshop_TA                                     - Instance: 0x21CB9F01800
Class: GFxData_XP_TA                                           - Instance: 0x21CB9F01400
Class: GRI_TA                                                  - Instance: 0x21CB9F00C00
Class: PickupTimer_TA                                          - Instance: 0x21CB9F00800
Class: GFxHUD_GameEditor_TA                                    - Instance: 0x21CB9F00400
Class: GFxHUD_Soccar_TA                                        - Instance: 0x21CB9EAFC00
Class: GFxHUD_KnockOut_TA                                      - Instance: 0x21CB9EAF800
Class: GFxHUD_Replay_TA                                        - Instance: 0x21CB9EAF400
Class: GFxHUD_Season_TA                                        - Instance: 0x21CB9EAF000
Class: GFxHUD_Training_TA                                      - Instance: 0x21CB9EAEC00
Class: GFxModal_Ban_TA                                         - Instance: 0x21CB9EAE800
Class: GFxModal_FriendJoin_TA                                  - Instance: 0x21CB9EAE400
Class: GFxModal_RankedReconnect_TA                             - Instance: 0x21CB9EAE000
Class: GFxModal_TextInput_TA                                   - Instance: 0x21CB9EADC00
Class: GFxModal_Tutorial_TA                                    - Instance: 0x21CB9EAD800
Class: GFxModal_Warning_TA                                     - Instance: 0x21CB9EAD400
Class: NameplateRenderTarget_TA                                - Instance: 0x21CB9EAD000
Class: PsyNetService_CrewUnknownStatus_TA                      - Instance: 0x21CB9EAC800
Class: RankedReconnectSave_TA                                  - Instance: 0x21CB9EAC400
Class: SeqEvent_MenuChanged_TA                                 - Instance: 0x21CB9E6F800
Class: GFxStayAsPartyDisplayButton_TA                          - Instance: 0x21CB9E6F400
Class: GoalCrossbarVolume_TA                                   - Instance: 0x21CB9E6F000
Class: GoalCrossbarVolumeManager_TA                            - Instance: 0x21CB9E6EC00
Class: GoalVolume_Hoops_TA                                     - Instance: 0x21CB9E6E800
Class: HauntedBallTrapTrigger_TA                               - Instance: 0x21CB9E6E400
Class: HUDActor_TA                                             - Instance: 0x21CB9E6E000
Class: IDefaultProduct                                         - Instance: 0x21CB9E6DC00
Class: IdleAction_TA                                           - Instance: 0x21CB9E6D800
Class: IdleFeature_TA                                          - Instance: 0x21CB9E6D400
Class: IdleBanFeature_TA                                       - Instance: 0x21CB9E6D000
Class: IdleSystem_TA                                           - Instance: 0x21CB9E6CC00
Class: IdleTimer_TA                                            - Instance: 0x21CB9E6C800
Class: IdlePlayer_TA                                           - Instance: 0x21CB9E6C400
Class: IdleWarning_TA                                          - Instance: 0x21CB9E2BC00
Class: IdleBanSystem_TA                                        - Instance: 0x21CB9E2B800
Class: TourGameUpdate_TA                                       - Instance: 0x21CB9E2B400
Class: IdleKickFeature_TA                                      - Instance: 0x21CB9E2B000
Class: IdleKickSystem_TA                                       - Instance: 0x21CB9E2AC00
Class: IdleTrackFeature_TA                                     - Instance: 0x21CB9E2A800
Class: IdleTrackSystem_TA                                      - Instance: 0x21CB9E2A400
Class: IForcedProduct                                          - Instance: 0x21CB9E2A000
Class: IMatchmakingViewFilter_TA                               - Instance: 0x21CB9E29C00
Class: IMicroEventConfig_TA                                    - Instance: 0x21CB9E29800
Class: MusicTracklist_TA                                       - Instance: 0x21CB9E29400
Class: InMapScoreboard_TA                                      - Instance: 0x21CB9E29000
Class: InputBufferUtil_TA                                      - Instance: 0x21CB9E28C00
Class: ItemPool_TA                                             - Instance: 0x21CB9E28800
Class: ItemPoolCycle_TA                                        - Instance: 0x21CB9E28400
Class: ItemPoolSelection_TA                                    - Instance: 0x21CB9DF3C00
Class: ItemPoolWeightMultiplier_TA                             - Instance: 0x21CB9DF3800
Class: JoinGameConnectionChecker_TA                            - Instance: 0x21CB9DF3400
Class: K3SUserPermissionsError_TA                              - Instance: 0x21CB9DF3000
Class: LightBarComponent_TA                                    - Instance: 0x21CB9DF2C00
Class: LightEnvironment_TA                                     - Instance: 0x21CB9DF2800
Class: LoadoutRenderer_TA                                      - Instance: 0x21CB9DF2000
Class: LoadoutUtils_TA                                         - Instance: 0x21CB9DF1C00
Class: LocalizationConfig_TA                                   - Instance: 0x21CB9DF1400
Class: LocalPlayerSkillSync_TA                                 - Instance: 0x21CB9DF0800
Class: MapGroups_TA                                            - Instance: 0x21CB9DF0400
Class: MapPrefsMetrics_TA                                      - Instance: 0x21CB9D93C00
Class: MatchCompleteMetrics_TA                                 - Instance: 0x21CB9D93800
Class: MatchmakingViewFilter_Casual_TA                         - Instance: 0x21CB9D93400
Class: MatchmakingViewFilter_DebugMicroEvent_TA                - Instance: 0x21CB9D93000
Class: MatchmakingViewFilter_Unranked_TA                       - Instance: 0x21CB9D92C00
Class: MatchmakingViewFilter_MicroEvent_TA                     - Instance: 0x21CB9D92800
Class: MatchmakingViewFilter_Ranked_TA                         - Instance: 0x21CB9D92400
Class: MatchmakingViewFilter_RankedSports_TA                   - Instance: 0x21CB9D92000
Class: MatchmakingViewFilter_UnrankedSports_TA                 - Instance: 0x21CB9D91C00
Class: MatchType_AdHoc_TA                                      - Instance: 0x21CB9D91400
Class: TourServerConfig_TA                                     - Instance: 0x21CB9D91000
Class: MatchType_PhysicsLogPlayback_TA                         - Instance: 0x21CB9D90C00
Class: MaxTimeComponent_TA                                     - Instance: 0x21CB9D90800
Class: MaxTimeEndGame_TA                                       - Instance: 0x21CB9D90400
Class: MaxTimeState_TA                                         - Instance: 0x21CB9D27C00
Class: MaxTimeSystem_TA                                        - Instance: 0x21CB9D27800
Class: MaxTimeWarningData_TA                                   - Instance: 0x21CB9D27400
Class: MaxTimeWarning_TA                                       - Instance: 0x21CB9D27000
Class: MenuSequence_MusicStingers_TA                           - Instance: 0x21CB9D26C00
Class: SeqEvent_PreviewMusicStingerVisualizer_TA               - Instance: 0x21CB9D26800
Class: MenuSequence_PremiumGarage_TA                           - Instance: 0x21CB9D26400
Class: MenuSequence_PremiumGarageReveal_TA                     - Instance: 0x21CB9D26000
Class: MenuSequence_PremiumGarageSnap_TA                       - Instance: 0x21CB9D25C00
Class: __MenuTreeBuilder_TA__GetPossiblePlaylistIds_0x2        - Instance: 0x21CB9D25800
Class: MenuTreePlaylistQueue_TA                                - Instance: 0x21CB9D25000
Class: PointInSpace_TA                                         - Instance: 0x21CB9D24400
Class: MirrorAxis_TA                                           - Instance: 0x21CB9CEFC00
Class: MtxErrors_TA                                            - Instance: 0x21CB9CEF800
Class: MultiItemDropsSave_TA                                   - Instance: 0x21CB9CEEC00
Class: MusicTracklistNull_TA                                   - Instance: 0x21CB9CEE800
Class: Mutator_ActorSpawner_TA                                 - Instance: 0x21CB9CEE400
Class: Mutator_Attachment_TA                                   - Instance: 0x21CB9CEE000
Class: SpecialAttachment_TA                                    - Instance: 0x21CB9CEDC00
Class: Mutator_Audio_TA                                        - Instance: 0x21CB9CED800
Class: Mutator_Ball_TA                                         - Instance: 0x21CB9CED400
Class: Mutator_Booster_TA                                      - Instance: 0x21CB9CED000
Class: Mutator_Breakout_TA                                     - Instance: 0x21CB9CEC800
Class: Mutator_Car_TA                                          - Instance: 0x21CB9CEC400
Class: Mutator_Demolish_TA                                     - Instance: 0x21CB9CB3C00
Class: Mutator_DisableScoring_TA                               - Instance: 0x21CB9CB3800
Class: Mutator_GameEvent_TA                                    - Instance: 0x21CB9CB3400
Class: Mutator_GameSpeed_TA                                    - Instance: 0x21CB9CB3000
Class: Mutator_Gravity_TA                                      - Instance: 0x21CB9CB2C00
Class: Mutator_Handicap_TA                                     - Instance: 0x21CB9CB2800
Class: Mutator_Input_TA                                        - Instance: 0x21CB9CB2400
Class: Mutator_Loadout_TA                                      - Instance: 0x21CB9CB2000
Class: Mutator_Match_TA                                        - Instance: 0x21CB9CB1C00
Class: OvertimeSettings_TA                                     - Instance: 0x21CB9CB1800
Class: Mutator_OnlineFreeplay_TA                               - Instance: 0x21CB9CB1400
Class: Mutator_PhysicsLogPlayback_TA                           - Instance: 0x21CB9CB1000
Class: Mutator_RespawnTime_TA                                  - Instance: 0x21CB9CB0C00
Class: PlayerSpawnFeature_TA                                   - Instance: 0x21CB9CB0800
Class: Mutator_Territory_TA                                    - Instance: 0x21CB9CB0400
Class: TrackerWallDynamicMeshActor_TA                          - Instance: 0x21CB9C87C00
Class: NameplateComponentMatinee_TA                            - Instance: 0x21CB9C87800
Class: NetMetricsConfig_TA                                     - Instance: 0x21CB9C87400
Class: PartyClubSync_TA                                        - Instance: 0x21CB9C87000
Class: OnlineGameJoinGame_TA                                   - Instance: 0x21CB9C86C00
Class: PartyMessage_Loadout_TA                                 - Instance: 0x21CB9C86800
Class: PartyMessage_ProfileChange_TA                           - Instance: 0x21CB9C86400
Class: PartyMessage_Rejoined_TA                                - Instance: 0x21CB9C86000
Class: PartyMessage_SignedChat_TA                              - Instance: 0x21CB9C85C00
Class: PartyMessage_UserChatReportingLevel_TA                  - Instance: 0x21CB9C85800
Class: PartyMessage_LevelAndChallengesUpdate_TA                - Instance: 0x21CB9C85400
Class: PartyMessage_XPLevelUpdate_TA                           - Instance: 0x21CB9C85000
Class: PartyMessage_ChallengesUpdate_TA                        - Instance: 0x21CB9C84C00
Class: PartyMessage_LegacyStatusUpdate_TA                      - Instance: 0x21CB9C84800
Class: PartyMessage_Chat_TA                                    - Instance: 0x21CB9C2B400
Class: TextModerationErrors_TA                                 - Instance: 0x21CB9C2B000
Class: OnlineGamePlaylists_TA                                  - Instance: 0x21CB9C2AC00
Class: OnlineGameRegions_TA                                    - Instance: 0x21CB9C2A800
Class: RegionPingCache_TA                                      - Instance: 0x21CB9C2A400
Class: TourMatchInfoMessage_TA                                 - Instance: 0x21CB9C2A000
Class: TourPartyLeaderLeave_TA                                 - Instance: 0x21CB9C29C00
Class: PsyNetService_CreateTournament_X                        - Instance: 0x21CB9C29400
Class: PsyNetService_JoinTournament_X                          - Instance: 0x21CB9C29000
Class: PsyNetService_CreateExternalMatch_X                     - Instance: 0x21CB9C28C00
Class: PsyNetService_JoinExternalMatch_X                       - Instance: 0x21CB9C28800
Class: TourServerInfo_FaceIt_TA                                - Instance: 0x21CB9BE7800
Class: OnlineGameVersion_TA                                    - Instance: 0x21CB9BE7400
Class: PlayerActivityTracker_TA                                - Instance: 0x21CB9BE7000
Class: OnlinePlayerAuthentication_TA                           - Instance: 0x21CB9BE6400
Class: PsyNetService_ContentAuthorizationTokenRequest_TA       - Instance: 0x21CB9BE5C00
Class: RPC_ClaimDLC_TA                                         - Instance: 0x21CB9BE5800
Class: RPC_ProductsClearExpired_TA                             - Instance: 0x21CB9BE5000
Class: RPC_ProductsPlayerGet_TA                                - Instance: 0x21CB9BE4C00
Class: RPC_XPRequest_TA                                        - Instance: 0x21CB9BE4800
Class: PartyMessage_ClubChanged_TA                             - Instance: 0x21CB9BE4400
Class: PartyMessage_TourCheckInError_TA                        - Instance: 0x21CB9B7FC00
Class: PartyMessage_TourLeaveTournament_TA                     - Instance: 0x21CB9B7F800
Class: PartyMessage_TourPreCheckIn_TA                          - Instance: 0x21CB9B7F400
Class: PartyMessage_TourPreCheckInError_TA                     - Instance: 0x21CB9B7F000
Class: ProductAttribute_UserColorable_TA                       - Instance: 0x21CB9B7E400
Class: PlayerBindingUtils_TA                                   - Instance: 0x21CB9B7E000
Class: SpectatorVolume_TA                                      - Instance: 0x21CB9B7DC00
Class: PsyNetService_VoiceChatMatchToken_TA                    - Instance: 0x21CB9B7D000
Class: ProductMetrics_TA                                       - Instance: 0x21CB9B7CC00
Class: PlayerReportComponent_TA                                - Instance: 0x21CB9AFBC00
Class: PlayerInput_Game_TA                                     - Instance: 0x21CB9AFB800
Class: PlayerController_KnockOut_TA                            - Instance: 0x21CB9AFB400
Class: PlayerInput_Menu_TA                                     - Instance: 0x21CB9AFB000
Class: PlayerInput_Edit_TA                                     - Instance: 0x21CB9AFAC00
Class: PlayerInput_GameEditor_TA                               - Instance: 0x21CB9AFA800
Class: PlayerInput_Replay_TA                                   - Instance: 0x21CB9AFA400
Class: PlayerInput_Spectator_TA                                - Instance: 0x21CB9AFA000
Class: SeqEvent_InputSequence_TA                               - Instance: 0x21CB9AF9C00
Class: PlayerSpawnConfig_TA                                    - Instance: 0x21CB9AF9800
Class: PlayerSpawnState_TA                                     - Instance: 0x21CB9AF9400
Class: ReplicatedRespawnTicket_TA                              - Instance: 0x21CB9AF9000
Class: PrespawnConfig_TA                                       - Instance: 0x21CB9AF8C00
Class: SeqEvent_PreviewPostMatchCelebration_TA                 - Instance: 0x21CB9AF8400
Class: SeqEvent_MTXGarageReveal_TA                             - Instance: 0x21CB9A9F800
Class: ViralItemActor_TA                                       - Instance: 0x21CB9A9F400
Class: StayAsPartyVoteYes_TA                                   - Instance: 0x21CB9A9F000
Class: RPC_ProductsLoadoutGet_TA                               - Instance: 0x21CB9A9E800
Class: StayAsPartyLeader_TA                                    - Instance: 0x21CB9A9E000
Class: ServerInviteeConfirmedMergeEvent_TA                     - Instance: 0x21CB9A9DC00
Class: PRI_Breakout_TA                                         - Instance: 0x21CB9A9D400
Class: PRI_KeepUp_TA                                           - Instance: 0x21CB9A9D000
Class: PRI_Possession_TA                                       - Instance: 0x21CB9A9CC00
Class: PrivacyPolicyConfig_TA                                  - Instance: 0x21CB9A9C800
Class: ProductAsset_AntennaPack_TA                             - Instance: 0x21CB9A9C400
Class: ProductAsset_CountryFlags_TA                            - Instance: 0x21CB9A27C00
Class: ProductAsset_Currency_TA                                - Instance: 0x21CB9A27800
Class: ProductAsset_PlayerTitle_TA                             - Instance: 0x21CB9A27400
Class: ProductAsset_UnderGlow_TA                               - Instance: 0x21CB9A27000
Class: ProductAttribute_BonusCrate_TA                          - Instance: 0x21CB9A26C00
Class: ProductOverride_SkeletalMesh_TA                         - Instance: 0x21CB9A26000
Class: ProductOverride_StaticMesh_TA                           - Instance: 0x21CB9A25C00
Class: ProductOverride_Materials_TA                            - Instance: 0x21CB9A25800
Class: ProductAttribute_RocketPassPremium_TA                   - Instance: 0x21CB9A25400
Class: ProductAttribute_SwapMICParameterValues_TA              - Instance: 0x21CB9A25000
Class: ProductBuilder_TA                                       - Instance: 0x21CB9A24C00
Class: ProductEquipProfileSlots_TA                             - Instance: 0x21CB9A24800
Class: ProductOverride_DisableSkelControl_TA                   - Instance: 0x21CB9A24400
Class: ProductOverride_ParticleSystemComponent_TA              - Instance: 0x21CB99C7C00
Class: ProductOverride_StopAttachmentBehaviors_TA              - Instance: 0x21CB99C7800
Class: ProductOverride_WheelAttachment_TA                      - Instance: 0x21CB99C7400
Class: ProductOverride_WheelOverrides_TA                       - Instance: 0x21CB99C7000
Class: __ProductsConfig_TA__Apply_0x3                          - Instance: 0x21CB99C6C00
Class: ProductStat_SoccarEventBase_TA                          - Instance: 0x21CB99C6800
Class: ProductStat_AerialGoals_TA                              - Instance: 0x21CB99C6400
Class: ProductStat_Assists_TA                                  - Instance: 0x21CB99C6000
Class: ProductStat_BackwardsGoals_TA                           - Instance: 0x21CB99C5C00
Class: ProductStat_Baskets_TA                                  - Instance: 0x21CB99C5800
Class: ProductStat_BicycleGoals_TA                             - Instance: 0x21CB99C5400
Class: ProductStat_BoostTime_TA                                - Instance: 0x21CB99C5000
Class: ProductStat_Centers_TA                                  - Instance: 0x21CB99C4C00
Class: ProductStat_Clears_TA                                   - Instance: 0x21CB99C4800
Class: ProductStat_Demolished_TA                               - Instance: 0x21CB99C4400
Class: ProductStat_Demolishes_TA                               - Instance: 0x21CB9997C00
Class: ProductStat_DistanceDriven_TA                           - Instance: 0x21CB9997800
Class: ProductStat_EpicSaves_TA                                - Instance: 0x21CB9997400
Class: ProductStat_GamesPlayed_TA                              - Instance: 0x21CB9997000
Class: ProductStat_Goals_TA                                    - Instance: 0x21CB9996C00
Class: ProductStat_InfectedPlayersDefeated_TA                  - Instance: 0x21CB9996800
Class: ProductStat_Juggles_TA                                  - Instance: 0x21CB9996400
Class: ProductStat_LongGoals_TA                                - Instance: 0x21CB9996000
Class: ProductStat_Losses_TA                                   - Instance: 0x21CB9995C00
Class: ProductStat_MVPs_TA                                     - Instance: 0x21CB9995800
Class: ProductStat_PlayersInfected_TA                          - Instance: 0x21CB9995400
Class: ProductStat_Saves_TA                                    - Instance: 0x21CB9995000
Class: ProductStat_ShotsOnGoal_TA                              - Instance: 0x21CB9994C00
Class: ProductStat_TimePlayed_TA                               - Instance: 0x21CB9994800
Class: ProductStat_TurtleGoals_TA                              - Instance: 0x21CB9994400
Class: ProductStat_Wins_TA                                     - Instance: 0x21CB999BC00
Class: PsyNetService_CurrencyAdded_TA                          - Instance: 0x21CB999B800
Class: PsyNetService_FaceItReservationFound_TA                 - Instance: 0x21CB999B400
Class: PsyNetService_RewardDropReceived_TA                     - Instance: 0x21CB999B000
Class: PsyNetService_TourConcluded_TA                          - Instance: 0x21CB999AC00
Class: PsyNetService_TourKicked_TA                             - Instance: 0x21CB999A800
Class: PsyNetService_TourMatchFound_TA                         - Instance: 0x21CB999A400
Class: PsyNetService_TourReceivedBye_TA                        - Instance: 0x21CB999A000
Class: RemoteAvatarPermissions_TA                              - Instance: 0x21CB9999800
Class: RequestPartyUpEvent_TA                                  - Instance: 0x21CB9998C00
Class: RewardDrop_XPMultiplier_TA                              - Instance: 0x21CB9998800
Class: RPC_RocketPassGetPlayerInfo_TA                          - Instance: 0x21CB9998400
Class: RPC_RocketPassGetRewardContent_TA                       - Instance: 0x21CB9907C00
Class: RPC_RocketPassGetPlayerPrestigeRewards_TA               - Instance: 0x21CB9907800
Class: RPC_RocketPassPurchasePremium_TA                        - Instance: 0x21CB9907400
Class: RPC_RocketPassPurchaseTiers_TA                          - Instance: 0x21CB9907000
Class: RocketPassErrors_TA                                     - Instance: 0x21CB9906C00
Class: RPC_BanSelf_TA                                          - Instance: 0x21CB9906800
Class: RPC_Challenge_ResetAllProgress_TA                       - Instance: 0x21CB9906400
Class: RPC_Challenge_ResetChallengeProgress_TA                 - Instance: 0x21CB9906000
Class: RPC_Challenge_SetProgress_TA                            - Instance: 0x21CB9905C00
Class: RPC_DebugAddXP_TA                                       - Instance: 0x21CB9905800
Class: RPC_DebugSetXP_TA                                       - Instance: 0x21CB9905400
Class: RPC_DebugUnlinkPrimaryAccount_TA                        - Instance: 0x21CB9905000
Class: RPC_DebugUpdateClubStats_TA                             - Instance: 0x21CB9904C00
Class: RPC_DecaySkill_TA                                       - Instance: 0x21CB9904800
Class: RPC_FaceItMatchStarted_TA                               - Instance: 0x21CB9904400
Class: RPC_FaceItUpdateGame_TA                                 - Instance: 0x21CB98CFC00
Class: RPC_GetWallet_TA                                        - Instance: 0x21CB98CF800
Class: RPC_ProductsDebugAddProduct_TA                          - Instance: 0x21CB98CF400
Class: RPC_ProductsDebugAddRandom_TA                           - Instance: 0x21CB98CF000
Class: RPC_ProductsDebugSetCertified_TA                        - Instance: 0x21CB98CEC00
Class: RPC_ProductsDebugSetEdition_TA                          - Instance: 0x21CB98CE800
Class: RPC_ProductsDebugSetPainted_TA                          - Instance: 0x21CB98CE400
Class: RPC_ProductsPlayerClear_TA                              - Instance: 0x21CB98CE000
Class: RPC_PsyNetGetVanities_TA                                - Instance: 0x21CB98CDC00
Class: RPC_PsyNetGetAvatars_TA                                 - Instance: 0x21CB98CD800
Class: RPC_PsyNetSetVanity_TA                                  - Instance: 0x21CB98CD400
Class: RPC_RequestHonorDuel_TA                                 - Instance: 0x21CB98CD000
Class: RPC_SchematicResourcesGet_TA                            - Instance: 0x21CB98CCC00
Class: RPC_SubmitUserBugReport_TA                              - Instance: 0x21CB98CC800
Class: RPC_TourGetMatchReservations_TA                         - Instance: 0x21CB98CC400
Class: RPC_TourGetMatchReservations_FaceIt_TA                  - Instance: 0x21CB989FC00
Class: RPC_TourGetMatchServer_TA                               - Instance: 0x21CB989F800
Class: RPC_TourGetRewards_TA                                   - Instance: 0x21CB989F400
Class: RPC_TourGetSubscriptions_TA                             - Instance: 0x21CB989F000
Class: RPC_TourStartMatchmaking_TA                             - Instance: 0x21CB989EC00
Class: RPC_TourUnsubscribe_TA                                  - Instance: 0x21CB989E800
Class: RPC_UpdateTwoFactorStatus_TA                            - Instance: 0x21CB989E400
Class: RPC_UploadXP_TA                                         - Instance: 0x21CB989E000
Class: RTBox_TA                                                - Instance: 0x21CB989DC00
Class: RTCircle_TA                                             - Instance: 0x21CB989D800
Class: SaveDataMetrics_TA                                      - Instance: 0x21CB989CC00
Class: Scout_TA                                                - Instance: 0x21CB989C800
Class: ScriptedTextureComponent_TA                             - Instance: 0x21CB989C400
Class: SeqAct_AddGameBall_TA                                   - Instance: 0x21CB983F800
Class: SeqAct_ApplyCarProducts_TA                              - Instance: 0x21CB983F400
Class: SeqAct_AttachAssetToCar_TA                              - Instance: 0x21CB983F000
Class: SeqAct_CheckRotationAngle_TA                            - Instance: 0x21CB983EC00
Class: SeqAct_CompleteFTECheckpoint_TA                         - Instance: 0x21CB983E800
Class: SeqAct_ConcatenateStrings_TA                            - Instance: 0x21CB983E400
Class: SeqAct_ControlCarMovement_TA                            - Instance: 0x21CB983E000
Class: SeqAct_Counter_TA                                       - Instance: 0x21CB983DC00
Class: SeqAct_CreateAttachComponent_TA                         - Instance: 0x21CB983D400
Class: SeqAct_DemoCar_TA                                       - Instance: 0x21CB983D000
Class: SeqAct_DisableForceInFXActor_TA                         - Instance: 0x21CB983CC00
Class: SeqAct_DisplayMessage_TA                                - Instance: 0x21CB983C800
Class: SeqAct_DriveSpline_TA                                   - Instance: 0x21CB983C400
Class: SeqAct_DynamicMapEvents_TA                              - Instance: 0x21CB982BC00
Class: SeqAct_EndTutorial_TA                                   - Instance: 0x21CB982B800
Class: SeqAct_ExitToMainMenu_TA                                - Instance: 0x21CB982B400
Class: SeqAct_ExplodeGameBall_TA                               - Instance: 0x21CB982B000
Class: SeqAct_GameURLHasOption_TA                              - Instance: 0x21CB982AC00
Class: SeqAct_GetDetailMode_TA                                 - Instance: 0x21CB982A800
Class: SeqAct_GetEdition_TA                                    - Instance: 0x21CB982A400
Class: SeqAct_GetEffectIntensity_TA                            - Instance: 0x21CB982A000
Class: SeqAct_GetFTEState_TA                                   - Instance: 0x21CB9829C00
Class: SeqAct_GetGameBall_TA                                   - Instance: 0x21CB9829800
Class: SeqAct_GetPlayerCar_TA                                  - Instance: 0x21CB9829400
Class: SeqAct_GetPlaylistType_TA                               - Instance: 0x21CB9829000
Class: SeqAct_GetRarityColor_TA                                - Instance: 0x21CB9828C00
Class: SeqAct_GetSaveData_TA                                   - Instance: 0x21CB9828800
Class: SeqAct_GetTeamScore_TA                                  - Instance: 0x21CB9828400
Class: SeqAct_GetTutorialType_TA                               - Instance: 0x21CB981BC00
Class: SeqAct_GetWeatherEnabled_TA                             - Instance: 0x21CB981B800
Class: SeqAct_GiveBoost_TA                                     - Instance: 0x21CB981B400
Class: SeqAct_HighlightReelFinished_TA                         - Instance: 0x21CB981B000
Class: SeqAct_InstanceMaterial_TA                              - Instance: 0x21CB981AC00
Class: SeqAct_IntroMenuCarsInPosition_TA                       - Instance: 0x21CB981A800
Class: SeqAct_IsActionPressed_TA                               - Instance: 0x21CB981A400
Class: SeqAct_IsCrateRouletteEnabled_TA                        - Instance: 0x21CB981A000
Class: SeqAct_IsHumanPlayer_TA                                 - Instance: 0x21CB9819C00
Class: SeqAct_IsTargetInPlayerCameraView                       - Instance: 0x21CB9819800
Class: SeqAct_LoadMap_TA                                       - Instance: 0x21CB9819400
Class: SeqAct_LookAtActor_TA                                   - Instance: 0x21CB9819000
Class: SeqAct_MainMenuSwitch_TA                                - Instance: 0x21CB9818C00
Class: SeqAct_MatchCountdown_TA                                - Instance: 0x21CB9818800
Class: SeqAct_MoveActor_TA                                     - Instance: 0x21CB9818400
Class: SeqAct_NotifyEventOnTutorial_TA                         - Instance: 0x21CB980BC00
Class: SeqAct_RegisterMapDragon_TA                             - Instance: 0x21CB980B800
Class: SeqAct_ReinitPhys_TA                                    - Instance: 0x21CB980B400
Class: SeqAct_RotateActor_TA                                   - Instance: 0x21CB980B000
Class: SeqAct_ScreenFade                                       - Instance: 0x21CB980AC00
Class: SeqAct_ScreenFade_TA                                    - Instance: 0x21CB980A800
Class: SeqAct_SetBallCamTarget_TA                              - Instance: 0x21CB980A400
Class: SeqAct_SetBallMaterial_TA                               - Instance: 0x21CB980A000
Class: SeqAct_SetBreakoutBallCharge_TA                         - Instance: 0x21CB9809C00
Class: SeqAct_SetBreakoutTileDamage_TA                         - Instance: 0x21CB9809800
Class: SeqAct_SetCarTransform_TA                               - Instance: 0x21CB9809400
Class: SeqAct_SetGreenScreen_TA                                - Instance: 0x21CB9809000
Class: SeqAct_SetMatInstParam_Vector                           - Instance: 0x21CB9808400
Class: SeqAct_SetMatInstVectorParam_TA                         - Instance: 0x21CB97EFC00
Class: SeqAct_SetMeshMaterialScalarParameter_TA                - Instance: 0x21CB97EF800
Class: SeqAct_SetNameplate_TA                                  - Instance: 0x21CB97EF400
Class: SeqAct_SetPostProcess_TA                                - Instance: 0x21CB97EF000
Class: SeqAct_SetReplayCamera_TA                               - Instance: 0x21CB97EEC00
Class: SeqAct_SetSkelMATLoadout_TA                             - Instance: 0x21CB97EE800
Class: SeqAct_SetStadiumTeamColors_TA                          - Instance: 0x21CB97EE400
Class: SeqAct_SetTutorialGameEvent_TA                          - Instance: 0x21CB97EE000
Class: SeqAct_SetTutorialTip_TA                                - Instance: 0x21CB97EDC00
Class: SeqAct_SetVehicleInput_TA                               - Instance: 0x21CB97ED800
Class: SeqAct_SpawnActor_TA                                    - Instance: 0x21CB97ED400
Class: SeqAct_SpawnBot_TA                                      - Instance: 0x21CB97ED000
Class: SeqAct_SpawnCarColors_TA                                - Instance: 0x21CB97EC800
Class: SeqAct_StartTutorial_TA                                 - Instance: 0x21CB97E3C00
Class: SeqAct_TermPhys_TA                                      - Instance: 0x21CB97E3800
Class: SeqAct_ToggleUIOverlay_TA                               - Instance: 0x21CB97E3400
Class: SeqAct_UpdateAd_TA                                      - Instance: 0x21CB97E3000
Class: SeqCond_CompareString_TA                                - Instance: 0x21CB97E2C00
Class: SeqEvent_CarSpawned_TA                                  - Instance: 0x21CB97E2800
Class: SeqEvent_CarTouchBall_TA                                - Instance: 0x21CB97E2400
Class: SeqEvent_IntroMenu_TA                                   - Instance: 0x21CB97E2000
Class: SeqEvent_MainMenuSwitched_TA                            - Instance: 0x21CB97E1C00
Class: SeqEvent_StartHighlightReel_TA                          - Instance: 0x21CB97E1800
Class: SeqEvent_TutorialStarted_TA                             - Instance: 0x21CB97E1400
Class: ServerFormPartyEvent_TA                                 - Instance: 0x21CB97E1000
Class: ServerMergeErrorEvent_TA                                - Instance: 0x21CB97E0C00
Class: ServerPerformanceConfig_TA                              - Instance: 0x21CB97E0800
Class: ServerVoteStartedEvent_TA                               - Instance: 0x21CB97E0400
Class: SkillDecayFeature_TA                                    - Instance: 0x21CBA79B800
Class: SkillDecaySystem_TA                                     - Instance: 0x21CBA79B400
Class: SkyLightVolume_TA                                       - Instance: 0x21CBA79B000
Class: SpawnPointGroup_TA                                      - Instance: 0x21CBA79A800
Class: TraceableSpawnPoint_TA                                  - Instance: 0x21CBA79A400
Class: SpecialEventErrors_TA                                   - Instance: 0x21CBA79A000
Class: SpecialPickup_Attachment_TA                             - Instance: 0x21CBA799C00
Class: SpecialPickup_BallCarSpring_TA                          - Instance: 0x21CBA799400
Class: SpecialPickup_BallVelcro_TA                             - Instance: 0x21CBA799000
Class: SpecialPickup_Batarang_TA                               - Instance: 0x21CBA798C00
Class: SpecialPickup_BoostMod_TA                               - Instance: 0x21CBA798800
Class: SpecialPickup_BoostOverride_TA                          - Instance: 0x21CBA74BC00
Class: SpecialPickup_CarFreeze_TA                              - Instance: 0x21CBA74B400
Class: SpecialPickup_CarGravity_TA                             - Instance: 0x21CBA74AC00
Class: SpecialPickup_CarLaunch_TA                              - Instance: 0x21CBA74A400
Class: SpecialPickup_CarSpeed_TA                               - Instance: 0x21CBA749C00
Class: SpecialPickup_Demolish_TA                               - Instance: 0x21CBA749400
Class: SpecialPickup_Football_TA                               - Instance: 0x21CBA748C00
Class: SpecialPickup_HandbrakeOverride_TA                      - Instance: 0x21CBA748400
Class: SpecialPickup_HitForce_TA                               - Instance: 0x21CBA733800
Class: SpecialPickup_Inflate_TA                                - Instance: 0x21CBA733000
Class: SpecialPickup_Rugby_TA                                  - Instance: 0x21CBA732800
Class: SpecialPickup_Swapper_TA                                - Instance: 0x21CBA732000
Class: SpecialPickup_TimeBomb_TA                               - Instance: 0x21CBA731800
Class: SplineCameraTrack_TA                                    - Instance: 0x21CBA731000
Class: SplineFocusTarget_TA                                    - Instance: 0x21CBA730C00
Class: StasisExplosionHandler_TA                               - Instance: 0x21CBA730800
Class: StatFactory_Basketball_TA                               - Instance: 0x21CBA6FB800
Class: StatFactory_Breakout_TA                                 - Instance: 0x21CBA6FB400
Class: StatFactory_HauntedBall_TA                              - Instance: 0x21CBA6FB000
Class: StaticMeshActor_TA                                      - Instance: 0x21CBA6FA400
Class: StatusObserver_FTE_TA                                   - Instance: 0x21CBA6FA000
Class: StatusObserver_MenuStack_TA                             - Instance: 0x21CBA6F9C00
Class: StatusTrigger_Menu_TA                                   - Instance: 0x21CBA6F9800
Class: StatusTrigger_MenuTreeButton_TA                         - Instance: 0x21CBA6F9400
Class: StatusTrigger_CrumbPathComplete_TA                      - Instance: 0x21CBA6F9000
Class: StatusObserver_OnlineMatchEnded_TA                      - Instance: 0x21CBA6F8C00
Class: StatusTrigger_OnlineMatchEnded_TA                       - Instance: 0x21CBA6F8800
Class: StatusTrigger_ProductOwned_TA                           - Instance: 0x21CBA6F8400
Class: StatusTrigger_ProductEquipped_TA                        - Instance: 0x21CBA6D3C00
Class: StatusObserver_XPLevel_TA                               - Instance: 0x21CBA6D3800
Class: StatusTrigger_Numerical_TA                              - Instance: 0x21CBA6D3000
Class: StatusTrigger_PlayerLevel_TA                            - Instance: 0x21CBA6D3400
Class: StatusTrigger_PlayerXP_TA                               - Instance: 0x21CBA6D2C00
Class: StayAsPartyMetrics_TA                                   - Instance: 0x21CBA6D2800
Class: Team_Freeplay_TA                                        - Instance: 0x21CBA6D1800
Class: TextModKeyJWT                                           - Instance: 0x21CBA6D1400
Class: TourBracketGenerator_TA                                 - Instance: 0x21CBA6D0C00
Class: TourSeeder_TA                                           - Instance: 0x21CBA6D0800
Class: TourEventMatchComplete_TA                               - Instance: 0x21CBA6D0400
Class: TourGameUpdate_FaceIt_TA                                - Instance: 0x21CBA643C00
Class: TourServerInfo_AutoTour_TA                              - Instance: 0x21CBA643400
Class: TradeConfig_TA                                          - Instance: 0x21CBA642C00
Class: TradeErrors_TA                                          - Instance: 0x21CBA642800
Class: TradingMetrics_TA                                       - Instance: 0x21CBA642400
Class: TrainingMetricsConfig_TA                                - Instance: 0x21CBA642000
Class: TrainingProgressFactory_TA                              - Instance: 0x21CBA641C00
Class: Tutorial_Boost_TA                                       - Instance: 0x21CBA641400
Class: Tutorial_Dodge_TA                                       - Instance: 0x21CBA641000
Class: Tutorial_HandBrake_TA                                   - Instance: 0x21CBA640C00
Class: UserBugReportComponent_TA                               - Instance: 0x21CBA640800
Class: UserBugReportErrors_TA                                  - Instance: 0x21CBA640400
Class: VehiclePartSkeletalMeshComponent_TA                     - Instance: 0x21CBA5AB800
Class: FXActor_FlipReset_TA                                    - Instance: 0x21CBA5AAC00
Class: __SpecialEvent_TA__SyncImageForIndex_0x1                - Instance: 0x21CBA45F800
Class: __TargetFindConfig_TA__IsActiveForPlaylist_0x1          - Instance: 0x21CBA45F400
Class: __RPC_NewsSendInteractionEvents_TA__SetInteractionEvents_0x1 - Instance: 0x21CBA45F000
Class: GFxData_SpecialEventManager_TA                          - Instance: 0x21CBA45EC00
Class: GFxData_SpecialEvent_TA                                 - Instance: 0x21CBA45E800

RLSDK generated in 21.69 seconds.